Region;Pyrenees
Country;France
#;3
Spring Name/Station Name;Le Lachein à Balaguères (Baget - Las Hountas)
Literature;Padilla et al. (1994)
Lat;42.955
Lon;1.031
Elev (m);450
Recharge Area (km2);13
Start Date;1.01.2020
End Date;1.01.2025
Resolution;Daily
Data Source;eaufrance hydroportail (from Sandra Beranger)
Data License;CC BY 4.0
Contact For License;Sandra Beranger
Spring ID;PYR_03_FR
Date;Discharge m^3/s
2020-01-01T00:00:00.000Z;0.29
2020-01-02T00:00:00.000Z;0.276
2020-01-03T00:00:00.000Z;0.262
2020-01-04T00:00:00.000Z;0.247
2020-01-05T00:00:00.000Z;0.236
2020-01-06T00:00:00.000Z;0.23
2020-01-07T00:00:00.000Z;0.222
2020-01-08T00:00:00.000Z;0.214
2020-01-09T00:00:00.000Z;0.209
2020-01-10T00:00:00.000Z;0.213
2020-01-11T00:00:00.000Z;0.213
2020-01-12T00:00:00.000Z;0.207
2020-01-13T00:00:00.000Z;0.202
2020-01-14T00:00:00.000Z;0.201
2020-01-15T00:00:00.000Z;0.195
2020-01-16T00:00:00.000Z;0.186
2020-01-17T00:00:00.000Z;0.19
2020-01-18T00:00:00.000Z;0.244
2020-01-19T00:00:00.000Z;0.246
2020-01-20T00:00:00.000Z;0.224
2020-01-21T00:00:00.000Z;0.215
2020-01-22T00:00:00.000Z;0.211
2020-01-23T00:00:00.000Z;0.344
2020-01-24T00:00:00.000Z;0.485
2020-01-25T00:00:00.000Z;0.338
2020-01-26T00:00:00.000Z;0.295
2020-01-27T00:00:00.000Z;0.272
2020-01-28T00:00:00.000Z;0.26
2020-01-29T00:00:00.000Z;0.253
2020-01-30T00:00:00.000Z;0.248
2020-01-31T00:00:00.000Z;0.236
2020-02-01T00:00:00.000Z;0.23
2020-02-02T00:00:00.000Z;0.24
2020-02-03T00:00:00.000Z;0.239
2020-02-04T00:00:00.000Z;0.278
2020-02-05T00:00:00.000Z;0.458
2020-02-06T00:00:00.000Z;0.351
2020-02-07T00:00:00.000Z;0.3
2020-02-08T00:00:00.000Z;0.274
2020-02-09T00:00:00.000Z;0.25
2020-02-10T00:00:00.000Z;0.229
2020-02-11T00:00:00.000Z;0.215
2020-02-12T00:00:00.000Z;0.215
2020-02-13T00:00:00.000Z;0.211
2020-02-14T00:00:00.000Z;0.203
2020-02-15T00:00:00.000Z;0.199
2020-02-16T00:00:00.000Z;0.192
2020-02-17T00:00:00.000Z;0.184
2020-02-18T00:00:00.000Z;0.194
2020-02-19T00:00:00.000Z;0.194
2020-02-20T00:00:00.000Z;0.187
2020-02-21T00:00:00.000Z;0.18
2020-02-22T00:00:00.000Z;0.172
2020-02-23T00:00:00.000Z;0.165
2020-02-24T00:00:00.000Z;0.16
2020-02-25T00:00:00.000Z;0.16
2020-02-26T00:00:00.000Z;0.175
2020-02-27T00:00:00.000Z;0.2
2020-02-28T00:00:00.000Z;0.566
2020-02-29T00:00:00.000Z;0.577
2020-03-01T00:00:00.000Z;0.387
2020-03-02T00:00:00.000Z;0.415
2020-03-03T00:00:00.000Z;0.954
2020-03-04T00:00:00.000Z;2.07
2020-03-05T00:00:00.000Z;1.81
2020-03-06T00:00:00.000Z;1.67
2020-03-07T00:00:00.000Z;1.52
2020-03-08T00:00:00.000Z;1.19
2020-03-09T00:00:00.000Z;1.63
2020-03-10T00:00:00.000Z;1.78
2020-03-11T00:00:00.000Z;1.14
2020-03-12T00:00:00.000Z;0.759
2020-03-13T00:00:00.000Z;0.613
2020-03-14T00:00:00.000Z;0.576
2020-03-15T00:00:00.000Z;0.502
2020-03-16T00:00:00.000Z;0.436
2020-03-17T00:00:00.000Z;0.376
2020-03-18T00:00:00.000Z;0.355
2020-03-19T00:00:00.000Z;0.34
2020-03-20T00:00:00.000Z;0.322
2020-03-21T00:00:00.000Z;0.304
2020-03-22T00:00:00.000Z;0.289
2020-03-23T00:00:00.000Z;0.275
2020-03-24T00:00:00.000Z;0.262
2020-03-25T00:00:00.000Z;0.253
2020-03-26T00:00:00.000Z;0.248
2020-03-27T00:00:00.000Z;0.24
2020-03-28T00:00:00.000Z;0.228
2020-03-29T00:00:00.000Z;0.219
2020-03-30T00:00:00.000Z;0.216
2020-03-31T00:00:00.000Z;0.217
2020-04-01T00:00:00.000Z;0.275
2020-04-02T00:00:00.000Z;0.256
2020-04-03T00:00:00.000Z;0.236
2020-04-04T00:00:00.000Z;0.222
2020-04-05T00:00:00.000Z;0.213
2020-04-06T00:00:00.000Z;0.204
2020-04-07T00:00:00.000Z;0.194
2020-04-08T00:00:00.000Z;0.188
2020-04-09T00:00:00.000Z;0.184
2020-04-10T00:00:00.000Z;0.18
2020-04-11T00:00:00.000Z;0.176
2020-04-12T00:00:00.000Z;0.276
2020-04-13T00:00:00.000Z;0.246
2020-04-14T00:00:00.000Z;0.231
2020-04-15T00:00:00.000Z;0.218
2020-04-16T00:00:00.000Z;0.207
2020-04-17T00:00:00.000Z;0.199
2020-04-18T00:00:00.000Z;0.19
2020-04-19T00:00:00.000Z;0.184
2020-04-20T00:00:00.000Z;0.478
2020-04-21T00:00:00.000Z;1.21
2020-04-22T00:00:00.000Z;3.06
2020-04-23T00:00:00.000Z;1.87
2020-04-24T00:00:00.000Z;0.955
2020-04-25T00:00:00.000Z;0.558
2020-04-26T00:00:00.000Z;0.721
2020-04-27T00:00:00.000Z;0.716
2020-04-28T00:00:00.000Z;1.82
2020-04-29T00:00:00.000Z;1.37
2020-04-30T00:00:00.000Z;0.83
2020-05-01T00:00:00.000Z;0.589
2020-05-02T00:00:00.000Z;1.16
2020-05-03T00:00:00.000Z;0.982
2020-05-04T00:00:00.000Z;0.644
2020-05-05T00:00:00.000Z;0.509
2020-05-06T00:00:00.000Z;0.405
2020-05-07T00:00:00.000Z;0.35
2020-05-08T00:00:00.000Z;0.318
2020-05-09T00:00:00.000Z;0.3
2020-05-10T00:00:00.000Z;0.298
2020-05-11T00:00:00.000Z;0.391
2020-05-12T00:00:00.000Z;0.579
2020-05-13T00:00:00.000Z;0.434
2020-05-14T00:00:00.000Z;0.907
2020-05-15T00:00:00.000Z;5.86
2020-05-16T00:00:00.000Z;4.43
2020-05-17T00:00:00.000Z;3.04
2020-05-18T00:00:00.000Z;2.27
2020-05-19T00:00:00.000Z;1.27
2020-05-20T00:00:00.000Z;0.699
2020-05-21T00:00:00.000Z;0.513
2020-05-22T00:00:00.000Z;0.436
2020-05-23T00:00:00.000Z;0.378
2020-05-24T00:00:00.000Z;0.366
2020-05-25T00:00:00.000Z;0.326
2020-05-26T00:00:00.000Z;0.293
2020-05-27T00:00:00.000Z;0.274
2020-05-28T00:00:00.000Z;0.264
2020-05-29T00:00:00.000Z;0.254
2020-05-30T00:00:00.000Z;0.244
2020-05-31T00:00:00.000Z;0.234
2020-06-01T00:00:00.000Z;0.226
2020-06-02T00:00:00.000Z;0.223
2020-06-03T00:00:00.000Z;0.216
2020-06-04T00:00:00.000Z;0.217
2020-06-05T00:00:00.000Z;0.213
2020-06-06T00:00:00.000Z;0.204
2020-06-07T00:00:00.000Z;0.38
2020-06-08T00:00:00.000Z;0.384
2020-06-09T00:00:00.000Z;0.469
2020-06-10T00:00:00.000Z;0.839
2020-06-11T00:00:00.000Z;0.583
2020-06-12T00:00:00.000Z;0.695
2020-06-13T00:00:00.000Z;0.548
2020-06-14T00:00:00.000Z;0.36
2020-06-15T00:00:00.000Z;0.319
2020-06-16T00:00:00.000Z;0.305
2020-06-17T00:00:00.000Z;0.308
2020-06-18T00:00:00.000Z;0.294
2020-06-19T00:00:00.000Z;0.279
2020-06-20T00:00:00.000Z;0.256
2020-06-21T00:00:00.000Z;0.236
2020-06-22T00:00:00.000Z;0.222
2020-06-23T00:00:00.000Z;0.213
2020-06-24T00:00:00.000Z;0.205
2020-06-25T00:00:00.000Z;0.204
2020-06-26T00:00:00.000Z;0.415
2020-06-27T00:00:00.000Z;0.249
2020-06-28T00:00:00.000Z;0.22
2020-06-29T00:00:00.000Z;0.204
2020-06-30T00:00:00.000Z;0.208
2020-07-01T00:00:00.000Z;0.2
2020-07-02T00:00:00.000Z;0.195
2020-07-03T00:00:00.000Z;0.512
2020-07-04T00:00:00.000Z;0.312
2020-07-05T00:00:00.000Z;0.225
2020-07-06T00:00:00.000Z;0.199
2020-07-07T00:00:00.000Z;0.183
2020-07-08T00:00:00.000Z;0.174
2020-07-09T00:00:00.000Z;0.167
2020-07-10T00:00:00.000Z;0.162
2020-07-11T00:00:00.000Z;0.158
2020-07-12T00:00:00.000Z;0.157
2020-07-13T00:00:00.000Z;0.152
2020-07-14T00:00:00.000Z;0.148
2020-07-15T00:00:00.000Z;0.143
2020-07-16T00:00:00.000Z;0.139
2020-07-17T00:00:00.000Z;0.136
2020-07-18T00:00:00.000Z;0.133
2020-07-19T00:00:00.000Z;0.13
2020-07-20T00:00:00.000Z;0.127
2020-07-21T00:00:00.000Z;0.124
2020-07-22T00:00:00.000Z;0.122
2020-07-23T00:00:00.000Z;0.122
2020-07-24T00:00:00.000Z;0.121
2020-07-25T00:00:00.000Z;0.118
2020-07-26T00:00:00.000Z;0.115
2020-07-27T00:00:00.000Z;0.114
2020-07-28T00:00:00.000Z;0.115
2020-07-29T00:00:00.000Z;0.113
2020-07-30T00:00:00.000Z;0.111
2020-07-31T00:00:00.000Z;0.109
2020-08-01T00:00:00.000Z;0.107
2020-08-02T00:00:00.000Z;0.106
2020-08-03T00:00:00.000Z;0.106
2020-08-04T00:00:00.000Z;0.104
2020-08-05T00:00:00.000Z;0.102
2020-08-06T00:00:00.000Z;0.1
2020-08-07T00:00:00.000Z;0.1
2020-08-08T00:00:00.000Z;0.098
2020-08-09T00:00:00.000Z;0.098
2020-08-10T00:00:00.000Z;0.097
2020-08-11T00:00:00.000Z;0.096
2020-08-12T00:00:00.000Z;0.095
2020-08-13T00:00:00.000Z;0.094
2020-08-14T00:00:00.000Z;0.093
2020-08-15T00:00:00.000Z;0.093
2020-08-16T00:00:00.000Z;0.092
2020-08-17T00:00:00.000Z;0.091
2020-08-18T00:00:00.000Z;0.091
2020-08-19T00:00:00.000Z;0.09
2020-08-20T00:00:00.000Z;0.088
2020-08-21T00:00:00.000Z;0.086
2020-08-22T00:00:00.000Z;0.085
2020-08-23T00:00:00.000Z;0.084
2020-08-24T00:00:00.000Z;0.084
2020-08-25T00:00:00.000Z;0.084
2020-08-26T00:00:00.000Z;0.082
2020-08-27T00:00:00.000Z;0.087
2020-08-28T00:00:00.000Z;0.091
2020-08-29T00:00:00.000Z;0.1
2020-08-30T00:00:00.000Z;0.185
2020-08-31T00:00:00.000Z;0.128
2020-09-01T00:00:00.000Z;0.103
2020-09-02T00:00:00.000Z;0.096
2020-09-03T00:00:00.000Z;0.091
2020-09-04T00:00:00.000Z;0.09
2020-09-05T00:00:00.000Z;0.088
2020-09-06T00:00:00.000Z;0.086
2020-09-07T00:00:00.000Z;0.087
2020-09-08T00:00:00.000Z;0.085
2020-09-09T00:00:00.000Z;0.084
2020-09-10T00:00:00.000Z;0.084
2020-09-11T00:00:00.000Z;0.084
2020-09-12T00:00:00.000Z;0.084
2020-09-13T00:00:00.000Z;0.082
2020-09-14T00:00:00.000Z;0.081
2020-09-15T00:00:00.000Z;0.081
2020-09-16T00:00:00.000Z;0.081
2020-09-17T00:00:00.000Z;0.081
2020-09-18T00:00:00.000Z;0.081
2020-09-19T00:00:00.000Z;0.081
2020-09-20T00:00:00.000Z;0.081
2020-09-21T00:00:00.000Z;0.102
2020-09-22T00:00:00.000Z;0.095
2020-09-23T00:00:00.000Z;0.092
2020-09-24T00:00:00.000Z;0.087
2020-09-25T00:00:00.000Z;0.168
2020-09-26T00:00:00.000Z;0.354
2020-09-27T00:00:00.000Z;1.43
2020-09-28T00:00:00.000Z;0.659
2020-09-29T00:00:00.000Z;0.239
2020-09-30T00:00:00.000Z;0.197
2020-10-01T00:00:00.000Z;0.171
2020-10-02T00:00:00.000Z;0.226
2020-10-03T00:00:00.000Z;0.443
2020-10-04T00:00:00.000Z;0.314
2020-10-05T00:00:00.000Z;0.333
2020-10-06T00:00:00.000Z;0.263
2020-10-07T00:00:00.000Z;0.513
2020-10-08T00:00:00.000Z;0.761
2020-10-09T00:00:00.000Z;0.36
2020-10-10T00:00:00.000Z;0.406
2020-10-11T00:00:00.000Z;0.966
2020-10-12T00:00:00.000Z;1.2
2020-10-13T00:00:00.000Z;1.04
2020-10-14T00:00:00.000Z;1.22
2020-10-15T00:00:00.000Z;1.79
2020-10-16T00:00:00.000Z;1.07
2020-10-17T00:00:00.000Z;0.582
2020-10-18T00:00:00.000Z;0.399
2020-10-19T00:00:00.000Z;0.311
2020-10-20T00:00:00.000Z;0.281
2020-10-21T00:00:00.000Z;0.255
2020-10-22T00:00:00.000Z;0.235
2020-10-23T00:00:00.000Z;0.221
2020-10-24T00:00:00.000Z;0.69
2020-10-25T00:00:00.000Z;0.527
2020-10-26T00:00:00.000Z;1.02
2020-10-27T00:00:00.000Z;1.16
2020-10-28T00:00:00.000Z;0.741
2020-10-29T00:00:00.000Z;0.65
2020-10-30T00:00:00.000Z;0.496
2020-10-31T00:00:00.000Z;0.387
2020-11-01T00:00:00.000Z;0.322
2020-11-02T00:00:00.000Z;0.287
2020-11-03T00:00:00.000Z;0.302
2020-11-04T00:00:00.000Z;0.562
2020-11-05T00:00:00.000Z;0.548
2020-11-06T00:00:00.000Z;0.362
2020-11-07T00:00:00.000Z;0.302
2020-11-08T00:00:00.000Z;0.262
2020-11-09T00:00:00.000Z;0.243
2020-11-10T00:00:00.000Z;0.256
2020-11-11T00:00:00.000Z;0.303
2020-11-12T00:00:00.000Z;0.247
2020-11-13T00:00:00.000Z;0.229
2020-11-14T00:00:00.000Z;0.216
2020-11-15T00:00:00.000Z;0.206
2020-11-16T00:00:00.000Z;0.409
2020-11-17T00:00:00.000Z;0.482
2020-11-18T00:00:00.000Z;0.291
2020-11-19T00:00:00.000Z;0.243
2020-11-20T00:00:00.000Z;0.465
2020-11-21T00:00:00.000Z;0.377
2020-11-22T00:00:00.000Z;0.282
2020-11-23T00:00:00.000Z;0.241
2020-11-24T00:00:00.000Z;0.224
2020-11-25T00:00:00.000Z;0.213
2020-11-26T00:00:00.000Z;0.2
2020-11-27T00:00:00.000Z;0.188
2020-11-28T00:00:00.000Z;0.18
2020-11-29T00:00:00.000Z;0.169
2020-11-30T00:00:00.000Z;0.159
2020-12-01T00:00:00.000Z;0.152
2020-12-02T00:00:00.000Z;0.154
2020-12-03T00:00:00.000Z;0.15
2020-12-04T00:00:00.000Z;0.164
2020-12-05T00:00:00.000Z;0.187
2020-12-06T00:00:00.000Z;0.311
2020-12-07T00:00:00.000Z;0.435
2020-12-08T00:00:00.000Z;0.471
2020-12-09T00:00:00.000Z;0.474
2020-12-10T00:00:00.000Z;1.69
2020-12-11T00:00:00.000Z;3.12
2020-12-12T00:00:00.000Z;5.11
2020-12-13T00:00:00.000Z;3.66
2020-12-14T00:00:00.000Z;2.2
2020-12-15T00:00:00.000Z;1.17
2020-12-16T00:00:00.000Z;0.679
2020-12-17T00:00:00.000Z;0.509
2020-12-18T00:00:00.000Z;0.444
2020-12-19T00:00:00.000Z;0.392
2020-12-20T00:00:00.000Z;0.355
2020-12-21T00:00:00.000Z;0.36
2020-12-22T00:00:00.000Z;0.457
2020-12-23T00:00:00.000Z;0.462
2020-12-24T00:00:00.000Z;0.423
2020-12-25T00:00:00.000Z;0.736
2020-12-26T00:00:00.000Z;0.637
2020-12-27T00:00:00.000Z;0.576
2020-12-28T00:00:00.000Z;0.685
2020-12-29T00:00:00.000Z;0.734
2020-12-30T00:00:00.000Z;0.602
2020-12-31T00:00:00.000Z;0.553
2021-01-01T00:00:00.000Z;0.573
2021-01-02T00:00:00.000Z;0.537
2021-01-03T00:00:00.000Z;0.478
2021-01-04T00:00:00.000Z;0.427
2021-01-05T00:00:00.000Z;0.379
2021-01-06T00:00:00.000Z;0.346
2021-01-07T00:00:00.000Z;0.326
2021-01-08T00:00:00.000Z;0.306
2021-01-09T00:00:00.000Z;0.293
2021-01-10T00:00:00.000Z;0.278
2021-01-11T00:00:00.000Z;0.258
2021-01-12T00:00:00.000Z;0.244
2021-01-13T00:00:00.000Z;0.245
2021-01-14T00:00:00.000Z;0.32
2021-01-15T00:00:00.000Z;0.875
2021-01-16T00:00:00.000Z;1.12
2021-01-17T00:00:00.000Z;0.945
2021-01-18T00:00:00.000Z;1.67
2021-01-19T00:00:00.000Z;1.03
2021-01-20T00:00:00.000Z;0.759
2021-01-21T00:00:00.000Z;0.644
2021-01-22T00:00:00.000Z;0.702
2021-01-23T00:00:00.000Z;0.76
2021-01-24T00:00:00.000Z;1.15
2021-01-25T00:00:00.000Z;1.37
2021-01-26T00:00:00.000Z;1.45
2021-01-27T00:00:00.000Z;2.24
2021-01-28T00:00:00.000Z;3.13
2021-01-29T00:00:00.000Z;2.43
2021-01-30T00:00:00.000Z;3.47
2021-01-31T00:00:00.000Z;2.93
2021-02-01T00:00:00.000Z;2.4
2021-02-02T00:00:00.000Z;2.3
2021-02-03T00:00:00.000Z;1.51
2021-02-04T00:00:00.000Z;0.968
2021-02-05T00:00:00.000Z;0.735
2021-02-06T00:00:00.000Z;0.618
2021-02-07T00:00:00.000Z;0.531
2021-02-08T00:00:00.000Z;0.548
2021-02-09T00:00:00.000Z;0.716
2021-02-10T00:00:00.000Z;0.618
2021-02-11T00:00:00.000Z;0.533
2021-02-12T00:00:00.000Z;0.533
2021-02-13T00:00:00.000Z;0.769
2021-02-14T00:00:00.000Z;0.695
2021-02-15T00:00:00.000Z;0.54
2021-02-16T00:00:00.000Z;0.494
2021-02-17T00:00:00.000Z;0.438
2021-02-18T00:00:00.000Z;0.389
2021-02-19T00:00:00.000Z;0.352
2021-02-20T00:00:00.000Z;0.332
2021-02-21T00:00:00.000Z;0.315
2021-02-22T00:00:00.000Z;0.288
2021-02-23T00:00:00.000Z;0.27
2021-02-24T00:00:00.000Z;0.257
2021-02-25T00:00:00.000Z;0.248
2021-02-26T00:00:00.000Z;0.237
2021-02-27T00:00:00.000Z;0.226
2021-02-28T00:00:00.000Z;0.22
2021-03-01T00:00:00.000Z;0.215
2021-03-02T00:00:00.000Z;0.207
2021-03-03T00:00:00.000Z;0.199
2021-03-04T00:00:00.000Z;0.194
2021-03-05T00:00:00.000Z;0.19
2021-03-06T00:00:00.000Z;0.186
2021-03-07T00:00:00.000Z;0.18
2021-03-08T00:00:00.000Z;0.177
2021-03-09T00:00:00.000Z;0.177
2021-03-10T00:00:00.000Z;0.175
2021-03-11T00:00:00.000Z;0.175
2021-03-12T00:00:00.000Z;0.2
2021-03-13T00:00:00.000Z;0.212
2021-03-14T00:00:00.000Z;0.235
2021-03-15T00:00:00.000Z;0.436
2021-03-16T00:00:00.000Z;0.354
2021-03-17T00:00:00.000Z;0.344
2021-03-18T00:00:00.000Z;0.349
2021-03-19T00:00:00.000Z;0.329
2021-03-20T00:00:00.000Z;0.35
2021-03-21T00:00:00.000Z;0.411
2021-03-22T00:00:00.000Z;0.41
2021-03-23T00:00:00.000Z;0.475
2021-03-24T00:00:00.000Z;0.398
2021-03-25T00:00:00.000Z;0.327
2021-03-26T00:00:00.000Z;0.294
2021-03-27T00:00:00.000Z;0.254
2021-03-28T00:00:00.000Z;0.243
2021-03-29T00:00:00.000Z;0.225
2021-03-30T00:00:00.000Z;0.214
2021-03-31T00:00:00.000Z;0.205
2021-04-01T00:00:00.000Z;0.198
2021-04-02T00:00:00.000Z;0.192
2021-04-03T00:00:00.000Z;0.185
2021-04-04T00:00:00.000Z;0.177
2021-04-05T00:00:00.000Z;0.168
2021-04-06T00:00:00.000Z;0.163
2021-04-07T00:00:00.000Z;0.158
2021-04-08T00:00:00.000Z;0.151
2021-04-09T00:00:00.000Z;0.148
2021-04-10T00:00:00.000Z;0.146
2021-04-11T00:00:00.000Z;0.145
2021-04-12T00:00:00.000Z;0.162
2021-04-13T00:00:00.000Z;0.174
2021-04-14T00:00:00.000Z;0.17
2021-04-15T00:00:00.000Z;0.16
2021-04-16T00:00:00.000Z;0.153
2021-04-17T00:00:00.000Z;0.147
2021-04-18T00:00:00.000Z;0.142
2021-04-19T00:00:00.000Z;0.138
2021-04-20T00:00:00.000Z;0.136
2021-04-21T00:00:00.000Z;0.133
2021-04-22T00:00:00.000Z;0.13
2021-04-23T00:00:00.000Z;0.125
2021-04-24T00:00:00.000Z;0.121
2021-04-25T00:00:00.000Z;0.119
2021-04-26T00:00:00.000Z;0.121
2021-04-27T00:00:00.000Z;0.197
2021-04-28T00:00:00.000Z;0.326
2021-04-29T00:00:00.000Z;0.241
2021-04-30T00:00:00.000Z;0.209
2021-05-01T00:00:00.000Z;0.489
2021-05-02T00:00:00.000Z;0.544
2021-05-03T00:00:00.000Z;0.28
2021-05-04T00:00:00.000Z;0.216
2021-05-05T00:00:00.000Z;0.194
2021-05-06T00:00:00.000Z;0.18
2021-05-07T00:00:00.000Z;0.166
2021-05-08T00:00:00.000Z;0.154
2021-05-09T00:00:00.000Z;0.146
2021-05-10T00:00:00.000Z;0.141
2021-05-11T00:00:00.000Z;0.145
2021-05-12T00:00:00.000Z;0.169
2021-05-13T00:00:00.000Z;0.187
2021-05-14T00:00:00.000Z;0.855
2021-05-15T00:00:00.000Z;0.648
2021-05-16T00:00:00.000Z;0.344
2021-05-17T00:00:00.000Z;0.385
2021-05-18T00:00:00.000Z;0.291
2021-05-19T00:00:00.000Z;0.227
2021-05-20T00:00:00.000Z;0.21
2021-05-21T00:00:00.000Z;0.195
2021-05-22T00:00:00.000Z;0.193
2021-05-23T00:00:00.000Z;0.188
2021-05-24T00:00:00.000Z;0.178
2021-05-25T00:00:00.000Z;0.163
2021-05-26T00:00:00.000Z;0.151
2021-05-27T00:00:00.000Z;0.142
2021-05-28T00:00:00.000Z;0.135
2021-05-29T00:00:00.000Z;0.128
2021-05-30T00:00:00.000Z;0.121
2021-05-31T00:00:00.000Z;0.124
2021-06-01T00:00:00.000Z;0.139
2021-06-02T00:00:00.000Z;0.331
2021-06-03T00:00:00.000Z;0.197
2021-06-04T00:00:00.000Z;0.182
2021-06-05T00:00:00.000Z;0.253
2021-06-06T00:00:00.000Z;0.201
2021-06-07T00:00:00.000Z;0.181
2021-06-08T00:00:00.000Z;0.161
2021-06-09T00:00:00.000Z;0.146
2021-06-10T00:00:00.000Z;0.137
2021-06-11T00:00:00.000Z;0.13
2021-06-12T00:00:00.000Z;0.123
2021-06-13T00:00:00.000Z;0.118
2021-06-14T00:00:00.000Z;0.114
2021-06-15T00:00:00.000Z;0.11
2021-06-16T00:00:00.000Z;0.109
2021-06-17T00:00:00.000Z;0.107
2021-06-18T00:00:00.000Z;0.106
2021-06-19T00:00:00.000Z;0.102
2021-06-20T00:00:00.000Z;0.1
2021-06-21T00:00:00.000Z;0.098
2021-06-22T00:00:00.000Z;0.096
2021-06-23T00:00:00.000Z;0.095
2021-06-24T00:00:00.000Z;0.095
2021-06-25T00:00:00.000Z;0.091
2021-06-26T00:00:00.000Z;0.088
2021-06-27T00:00:00.000Z;0.088
2021-06-28T00:00:00.000Z;0.088
2021-06-29T00:00:00.000Z;0.089
2021-06-30T00:00:00.000Z;0.089
2021-07-01T00:00:00.000Z;0.084
2021-07-02T00:00:00.000Z;0.081
2021-07-03T00:00:00.000Z;0.08
2021-07-04T00:00:00.000Z;0.08
2021-07-05T00:00:00.000Z;0.084
2021-07-06T00:00:00.000Z;0.079
2021-07-07T00:00:00.000Z;0.077
2021-07-08T00:00:00.000Z;0.107
2021-07-09T00:00:00.000Z;0.093
2021-07-10T00:00:00.000Z;0.08
2021-07-11T00:00:00.000Z;0.076
2021-07-12T00:00:00.000Z;0.075
2021-07-13T00:00:00.000Z;0.087
2021-07-14T00:00:00.000Z;0.085
2021-07-15T00:00:00.000Z;0.091
2021-07-16T00:00:00.000Z;0.112
2021-07-17T00:00:00.000Z;0.088
2021-07-18T00:00:00.000Z;0.078
2021-07-19T00:00:00.000Z;0.074
2021-07-20T00:00:00.000Z;0.071
2021-07-21T00:00:00.000Z;0.069
2021-07-22T00:00:00.000Z;0.066
2021-07-23T00:00:00.000Z;0.066
2021-07-24T00:00:00.000Z;0.064
2021-07-25T00:00:00.000Z;0.064
2021-07-26T00:00:00.000Z;0.063
2021-07-27T00:00:00.000Z;0.064
2021-07-28T00:00:00.000Z;0.071
2021-07-29T00:00:00.000Z;0.075
2021-07-30T00:00:00.000Z;0.069
2021-07-31T00:00:00.000Z;0.098
2021-08-01T00:00:00.000Z;0.254
2021-08-02T00:00:00.000Z;0.154
2021-08-03T00:00:00.000Z;0.114
2021-08-04T00:00:00.000Z;0.095
2021-08-05T00:00:00.000Z;0.108
2021-08-06T00:00:00.000Z;0.099
2021-08-07T00:00:00.000Z;0.12
2021-08-08T00:00:00.000Z;0.143
2021-08-09T00:00:00.000Z;0.119
2021-08-10T00:00:00.000Z;0.095
2021-08-11T00:00:00.000Z;0.084
2021-08-12T00:00:00.000Z;0.078
2021-08-13T00:00:00.000Z;0.074
2021-08-14T00:00:00.000Z;0.071
2021-08-15T00:00:00.000Z;0.068
2021-08-16T00:00:00.000Z;0.078
2021-08-17T00:00:00.000Z;0.094
2021-08-18T00:00:00.000Z;0.11
2021-08-19T00:00:00.000Z;0.096
2021-08-20T00:00:00.000Z;0.081
2021-08-21T00:00:00.000Z;0.073
2021-08-22T00:00:00.000Z;0.067
2021-08-23T00:00:00.000Z;0.064
2021-08-24T00:00:00.000Z;0.063
2021-08-25T00:00:00.000Z;0.062
2021-08-26T00:00:00.000Z;0.06
2021-08-27T00:00:00.000Z;0.058
2021-08-28T00:00:00.000Z;0.057
2021-08-29T00:00:00.000Z;0.055
2021-08-30T00:00:00.000Z;0.054
2021-08-31T00:00:00.000Z;0.052
2021-09-01T00:00:00.000Z;0.052
2021-09-02T00:00:00.000Z;0.055
2021-09-03T00:00:00.000Z;0.055
2021-09-04T00:00:00.000Z;0.088
2021-09-05T00:00:00.000Z;0.072
2021-09-06T00:00:00.000Z;0.061
2021-09-07T00:00:00.000Z;0.056
2021-09-08T00:00:00.000Z;0.055
2021-09-09T00:00:00.000Z;0.059
2021-09-10T00:00:00.000Z;0.073
2021-09-11T00:00:00.000Z;0.566
2021-09-12T00:00:00.000Z;0.251
2021-09-13T00:00:00.000Z;0.131
2021-09-14T00:00:00.000Z;0.103
2021-09-15T00:00:00.000Z;0.091
2021-09-16T00:00:00.000Z;0.087
2021-09-17T00:00:00.000Z;0.082
2021-09-18T00:00:00.000Z;0.081
2021-09-19T00:00:00.000Z;0.118
2021-09-20T00:00:00.000Z;0.105
2021-09-21T00:00:00.000Z;0.104
2021-09-22T00:00:00.000Z;0.192
2021-09-23T00:00:00.000Z;0.147
2021-09-24T00:00:00.000Z;0.116
2021-09-25T00:00:00.000Z;0.103
2021-09-26T00:00:00.000Z;0.093
2021-09-27T00:00:00.000Z;0.086
2021-09-28T00:00:00.000Z;0.083
2021-09-29T00:00:00.000Z;0.082
2021-09-30T00:00:00.000Z;0.085
2021-10-01T00:00:00.000Z;0.08
2021-10-02T00:00:00.000Z;0.076
2021-10-03T00:00:00.000Z;0.089
2021-10-04T00:00:00.000Z;0.625
2021-10-05T00:00:00.000Z;0.306
2021-10-06T00:00:00.000Z;0.412
2021-10-07T00:00:00.000Z;0.275
2021-10-08T00:00:00.000Z;0.186
2021-10-09T00:00:00.000Z;0.15
2021-10-10T00:00:00.000Z;0.127
2021-10-11T00:00:00.000Z;0.115
2021-10-12T00:00:00.000Z;0.105
2021-10-13T00:00:00.000Z;0.099
2021-10-14T00:00:00.000Z;0.093
2021-10-15T00:00:00.000Z;0.089
2021-10-16T00:00:00.000Z;0.086
2021-10-17T00:00:00.000Z;0.083
2021-10-18T00:00:00.000Z;0.079
2021-10-19T00:00:00.000Z;0.076
2021-10-20T00:00:00.000Z;0.074
2021-10-21T00:00:00.000Z;0.074
2021-10-22T00:00:00.000Z;0.077
2021-10-23T00:00:00.000Z;0.096
2021-10-24T00:00:00.000Z;0.09
2021-10-25T00:00:00.000Z;0.081
2021-10-26T00:00:00.000Z;0.076
2021-10-27T00:00:00.000Z;0.074
2021-10-28T00:00:00.000Z;0.073
2021-10-29T00:00:00.000Z;0.073
2021-10-30T00:00:00.000Z;0.072
2021-10-31T00:00:00.000Z;0.071
2021-11-01T00:00:00.000Z;0.152
2021-11-02T00:00:00.000Z;0.211
2021-11-03T00:00:00.000Z;0.139
2021-11-04T00:00:00.000Z;0.194
2021-11-05T00:00:00.000Z;0.361
2021-11-06T00:00:00.000Z;0.461
2021-11-07T00:00:00.000Z;0.282
2021-11-08T00:00:00.000Z;0.256
2021-11-09T00:00:00.000Z;0.28
2021-11-10T00:00:00.000Z;0.207
2021-11-11T00:00:00.000Z;0.181
2021-11-12T00:00:00.000Z;0.156
2021-11-13T00:00:00.000Z;0.14
2021-11-14T00:00:00.000Z;0.4
2021-11-15T00:00:00.000Z;2.38
2021-11-16T00:00:00.000Z;1.29
2021-11-17T00:00:00.000Z;0.604
2021-11-18T00:00:00.000Z;0.376
2021-11-19T00:00:00.000Z;0.297
2021-11-20T00:00:00.000Z;0.241
2021-11-21T00:00:00.000Z;0.219
2021-11-22T00:00:00.000Z;0.206
2021-11-23T00:00:00.000Z;0.187
2021-11-24T00:00:00.000Z;0.175
2021-11-25T00:00:00.000Z;0.176
2021-11-26T00:00:00.000Z;0.238
2021-11-27T00:00:00.000Z;0.549
2021-11-28T00:00:00.000Z;0.607
2021-11-29T00:00:00.000Z;0.454
2021-11-30T00:00:00.000Z;0.632
2021-12-01T00:00:00.000Z;0.661
2021-12-02T00:00:00.000Z;1.03
2021-12-03T00:00:00.000Z;0.98
2021-12-04T00:00:00.000Z;0.87
2021-12-05T00:00:00.000Z;1.58
2021-12-06T00:00:00.000Z;1.62
2021-12-07T00:00:00.000Z;1.37
2021-12-08T00:00:00.000Z;2.48
2021-12-09T00:00:00.000Z;1.95
2021-12-10T00:00:00.000Z;6.45
2021-12-11T00:00:00.000Z;6.68
2021-12-12T00:00:00.000Z;4.27
2021-12-13T00:00:00.000Z;3.15
2021-12-14T00:00:00.000Z;2.73
2021-12-15T00:00:00.000Z;2.33
2021-12-16T00:00:00.000Z;1.71
2021-12-17T00:00:00.000Z;1.21
2021-12-18T00:00:00.000Z;0.889
2021-12-19T00:00:00.000Z;0.722
2021-12-20T00:00:00.000Z;0.609
2021-12-21T00:00:00.000Z;0.532
2021-12-22T00:00:00.000Z;0.488
2021-12-23T00:00:00.000Z;0.483
2021-12-24T00:00:00.000Z;0.458
2021-12-25T00:00:00.000Z;0.429
2021-12-26T00:00:00.000Z;0.376
2021-12-27T00:00:00.000Z;0.389
2021-12-28T00:00:00.000Z;0.439
2021-12-29T00:00:00.000Z;0.453
2021-12-30T00:00:00.000Z;0.775
2021-12-31T00:00:00.000Z;0.622
2022-01-01T00:00:00.000Z;0.501
2022-01-02T00:00:00.000Z;0.42
2022-01-03T00:00:00.000Z;0.372
2022-01-04T00:00:00.000Z;0.361
2022-01-05T00:00:00.000Z;0.963
2022-01-06T00:00:00.000Z;0.821
2022-01-07T00:00:00.000Z;0.611
2022-01-08T00:00:00.000Z;0.552
2022-01-09T00:00:00.000Z;2.77
2022-01-10T00:00:00.000Z;7.27
2022-01-11T00:00:00.000Z;5.93
2022-01-12T00:00:00.000Z;3.65
2022-01-13T00:00:00.000Z;2.89
2022-01-14T00:00:00.000Z;2.49
2022-01-15T00:00:00.000Z;1.7
2022-01-16T00:00:00.000Z;0.9
2022-01-17T00:00:00.000Z;0.575
2022-01-18T00:00:00.000Z;0.503
2022-01-19T00:00:00.000Z;0.452
2022-01-20T00:00:00.000Z;0.417
2022-01-21T00:00:00.000Z;0.408
2022-01-22T00:00:00.000Z;0.378
2022-01-23T00:00:00.000Z;0.375
2022-01-24T00:00:00.000Z;0.359
2022-01-25T00:00:00.000Z;0.332
2022-01-26T00:00:00.000Z;0.316
2022-01-27T00:00:00.000Z;0.299
2022-01-28T00:00:00.000Z;0.278
2022-01-29T00:00:00.000Z;0.27
2022-01-30T00:00:00.000Z;0.26
2022-01-31T00:00:00.000Z;0.253
2022-02-01T00:00:00.000Z;0.248
2022-02-02T00:00:00.000Z;0.237
2022-02-03T00:00:00.000Z;0.232
2022-02-04T00:00:00.000Z;0.227
2022-02-05T00:00:00.000Z;0.244
2022-02-06T00:00:00.000Z;0.28
2022-02-07T00:00:00.000Z;0.245
2022-02-08T00:00:00.000Z;0.231
2022-02-09T00:00:00.000Z;0.224
2022-02-10T00:00:00.000Z;0.217
2022-02-11T00:00:00.000Z;0.21
2022-02-12T00:00:00.000Z;0.206
2022-02-13T00:00:00.000Z;0.203
2022-02-14T00:00:00.000Z;0.21
2022-02-15T00:00:00.000Z;0.431
2022-02-16T00:00:00.000Z;0.561
2022-02-17T00:00:00.000Z;0.684
2022-02-18T00:00:00.000Z;0.525
2022-02-19T00:00:00.000Z;0.599
2022-02-20T00:00:00.000Z;0.681
2022-02-21T00:00:00.000Z;0.508
2022-02-22T00:00:00.000Z;0.384
2022-02-23T00:00:00.000Z;0.333
2022-02-24T00:00:00.000Z;0.298
2022-02-25T00:00:00.000Z;0.279
2022-02-26T00:00:00.000Z;0.268
2022-02-27T00:00:00.000Z;0.253
2022-02-28T00:00:00.000Z;0.237
2022-03-01T00:00:00.000Z;0.225
2022-03-02T00:00:00.000Z;0.219
2022-03-03T00:00:00.000Z;0.217
2022-03-04T00:00:00.000Z;0.309
2022-03-05T00:00:00.000Z;0.499
2022-03-06T00:00:00.000Z;0.363
2022-03-07T00:00:00.000Z;0.301
2022-03-08T00:00:00.000Z;0.278
2022-03-09T00:00:00.000Z;0.265
2022-03-10T00:00:00.000Z;0.261
2022-03-11T00:00:00.000Z;0.255
2022-03-12T00:00:00.000Z;0.411
2022-03-13T00:00:00.000Z;0.612
2022-03-14T00:00:00.000Z;0.605
2022-03-15T00:00:00.000Z;0.436
2022-03-16T00:00:00.000Z;0.335
2022-03-17T00:00:00.000Z;0.482
2022-03-18T00:00:00.000Z;1.73
2022-03-19T00:00:00.000Z;1.09
2022-03-20T00:00:00.000Z;0.654
2022-03-21T00:00:00.000Z;0.51
2022-03-22T00:00:00.000Z;0.401
2022-03-23T00:00:00.000Z;0.343
2022-03-24T00:00:00.000Z;0.304
2022-03-25T00:00:00.000Z;0.286
2022-03-26T00:00:00.000Z;0.268
2022-03-27T00:00:00.000Z;0.249
2022-03-28T00:00:00.000Z;0.234
2022-03-29T00:00:00.000Z;0.226
2022-03-30T00:00:00.000Z;0.326
2022-03-31T00:00:00.000Z;1.12
2022-04-01T00:00:00.000Z;1.25
2022-04-02T00:00:00.000Z;0.754
2022-04-03T00:00:00.000Z;0.559
2022-04-04T00:00:00.000Z;0.555
2022-04-05T00:00:00.000Z;0.624
2022-04-06T00:00:00.000Z;0.741
2022-04-07T00:00:00.000Z;0.641
2022-04-08T00:00:00.000Z;0.542
2022-04-09T00:00:00.000Z;0.477
2022-04-10T00:00:00.000Z;0.496
2022-04-11T00:00:00.000Z;0.447
2022-04-12T00:00:00.000Z;0.365
2022-04-13T00:00:00.000Z;0.322
2022-04-14T00:00:00.000Z;0.293
2022-04-15T00:00:00.000Z;0.272
2022-04-16T00:00:00.000Z;0.263
2022-04-17T00:00:00.000Z;0.253
2022-04-18T00:00:00.000Z;0.242
2022-04-19T00:00:00.000Z;0.239
2022-04-20T00:00:00.000Z;0.522
2022-04-21T00:00:00.000Z;0.629
2022-04-22T00:00:00.000Z;0.486
2022-04-23T00:00:00.000Z;0.488
2022-04-24T00:00:00.000Z;0.943
2022-04-25T00:00:00.000Z;0.801
2022-04-26T00:00:00.000Z;0.532
2022-04-27T00:00:00.000Z;0.401
2022-04-28T00:00:00.000Z;0.335
2022-04-29T00:00:00.000Z;0.3
2022-04-30T00:00:00.000Z;0.287
2022-05-01T00:00:00.000Z;0.276
2022-05-02T00:00:00.000Z;0.261
2022-05-03T00:00:00.000Z;0.292
2022-05-04T00:00:00.000Z;1.46
2022-05-05T00:00:00.000Z;1.45
2022-05-06T00:00:00.000Z;0.929
2022-05-07T00:00:00.000Z;0.606
2022-05-08T00:00:00.000Z;0.494
2022-05-09T00:00:00.000Z;0.387
2022-05-10T00:00:00.000Z;0.338
2022-05-11T00:00:00.000Z;0.305
2022-05-12T00:00:00.000Z;0.284
2022-05-13T00:00:00.000Z;0.263
2022-05-14T00:00:00.000Z;0.246
2022-05-15T00:00:00.000Z;0.234
2022-05-16T00:00:00.000Z;0.221
2022-05-17T00:00:00.000Z;0.21
2022-05-18T00:00:00.000Z;0.201
2022-05-19T00:00:00.000Z;0.193
2022-05-20T00:00:00.000Z;0.185
2022-05-21T00:00:00.000Z;0.178
2022-05-22T00:00:00.000Z;0.173
2022-05-23T00:00:00.000Z;0.169
2022-05-24T00:00:00.000Z;0.167
2022-05-25T00:00:00.000Z;0.256
2022-05-26T00:00:00.000Z;0.215
2022-05-27T00:00:00.000Z;0.184
2022-05-28T00:00:00.000Z;0.172
2022-05-29T00:00:00.000Z;0.164
2022-05-30T00:00:00.000Z;0.158
2022-05-31T00:00:00.000Z;0.153
2022-06-01T00:00:00.000Z;0.147
2022-06-02T00:00:00.000Z;0.143
2022-06-03T00:00:00.000Z;0.139
2022-06-04T00:00:00.000Z;0.135
2022-06-05T00:00:00.000Z;0.132
2022-06-06T00:00:00.000Z;0.128
2022-06-07T00:00:00.000Z;0.128
2022-06-08T00:00:00.000Z;0.126
2022-06-09T00:00:00.000Z;0.133
2022-06-10T00:00:00.000Z;0.138
2022-06-11T00:00:00.000Z;0.123
2022-06-12T00:00:00.000Z;0.118
2022-06-13T00:00:00.000Z;0.116
2022-06-14T00:00:00.000Z;0.113
2022-06-15T00:00:00.000Z;0.112
2022-06-16T00:00:00.000Z;0.109
2022-06-17T00:00:00.000Z;0.106
2022-06-18T00:00:00.000Z;0.104
2022-06-19T00:00:00.000Z;0.104
2022-06-20T00:00:00.000Z;0.102
2022-06-21T00:00:00.000Z;0.1
2022-06-22T00:00:00.000Z;0.1
2022-06-23T00:00:00.000Z;0.098
2022-06-24T00:00:00.000Z;0.096
2022-06-25T00:00:00.000Z;0.095
2022-06-26T00:00:00.000Z;0.095
2022-06-27T00:00:00.000Z;0.118
2022-06-28T00:00:00.000Z;0.179
2022-06-29T00:00:00.000Z;0.119
2022-06-30T00:00:00.000Z;0.149
2022-07-01T00:00:00.000Z;0.377
2022-07-02T00:00:00.000Z;0.176
2022-07-03T00:00:00.000Z;0.132
2022-07-04T00:00:00.000Z;0.115
2022-07-05T00:00:00.000Z;0.108
2022-07-06T00:00:00.000Z;0.105
2022-07-07T00:00:00.000Z;0.101
2022-07-08T00:00:00.000Z;0.098
2022-07-09T00:00:00.000Z;0.095
2022-07-10T00:00:00.000Z;0.093
2022-07-11T00:00:00.000Z;0.091
2022-07-12T00:00:00.000Z;0.089
2022-07-13T00:00:00.000Z;0.086
2022-07-14T00:00:00.000Z;0.085
2022-07-15T00:00:00.000Z;0.084
2022-07-16T00:00:00.000Z;0.082
2022-07-17T00:00:00.000Z;0.081
2022-07-18T00:00:00.000Z;0.08
2022-07-19T00:00:00.000Z;0.079
2022-07-20T00:00:00.000Z;0.077
2022-07-21T00:00:00.000Z;0.077
2022-07-22T00:00:00.000Z;0.077
2022-07-23T00:00:00.000Z;0.075
2022-07-24T00:00:00.000Z;0.076
2022-07-25T00:00:00.000Z;0.074
2022-07-26T00:00:00.000Z;0.072
2022-07-27T00:00:00.000Z;0.071
2022-07-28T00:00:00.000Z;0.07
2022-07-29T00:00:00.000Z;0.07
2022-07-30T00:00:00.000Z;0.069
2022-07-31T00:00:00.000Z;0.068
2022-08-01T00:00:00.000Z;0.066
2022-08-02T00:00:00.000Z;0.066
2022-08-03T00:00:00.000Z;0.066
2022-08-04T00:00:00.000Z;0.066
2022-08-05T00:00:00.000Z;0.065
2022-08-06T00:00:00.000Z;0.065
2022-08-07T00:00:00.000Z;0.064
2022-08-08T00:00:00.000Z;0.062
2022-08-09T00:00:00.000Z;0.059
2022-08-10T00:00:00.000Z;0.059
2022-08-11T00:00:00.000Z;0.059
2022-08-12T00:00:00.000Z;0.058
2022-08-13T00:00:00.000Z;0.057
2022-08-14T00:00:00.000Z;0.057
2022-08-15T00:00:00.000Z;0.057
2022-08-16T00:00:00.000Z;0.057
2022-08-17T00:00:00.000Z;0.056
2022-08-18T00:00:00.000Z;0.056
2022-08-19T00:00:00.000Z;0.057
2022-08-20T00:00:00.000Z;0.055
2022-08-21T00:00:00.000Z;0.055
2022-08-22T00:00:00.000Z;0.055
2022-08-23T00:00:00.000Z;0.055
2022-08-24T00:00:00.000Z;0.053
2022-08-25T00:00:00.000Z;0.053
2022-08-26T00:00:00.000Z;0.067
2022-08-27T00:00:00.000Z;0.064
2022-08-28T00:00:00.000Z;0.057
2022-08-29T00:00:00.000Z;0.063
2022-08-30T00:00:00.000Z;0.084
2022-08-31T00:00:00.000Z;0.069
2022-09-01T00:00:00.000Z;0.066
2022-09-02T00:00:00.000Z;0.064
2022-09-03T00:00:00.000Z;0.092
2022-09-04T00:00:00.000Z;0.09
2022-09-05T00:00:00.000Z;0.074
2022-09-06T00:00:00.000Z;0.069
2022-09-07T00:00:00.000Z;0.066
2022-09-08T00:00:00.000Z;0.065
2022-09-09T00:00:00.000Z;0.064
2022-09-10T00:00:00.000Z;0.064
2022-09-11T00:00:00.000Z;0.064
2022-09-12T00:00:00.000Z;0.063
2022-09-13T00:00:00.000Z;0.063
2022-09-14T00:00:00.000Z;0.065
2022-09-15T00:00:00.000Z;0.064
2022-09-16T00:00:00.000Z;0.053
2022-09-17T00:00:00.000Z;0.042
2022-09-18T00:00:00.000Z;0.041
2022-09-19T00:00:00.000Z;0.041
2022-09-20T00:00:00.000Z;0.04
2022-09-21T00:00:00.000Z;0.039
2022-09-22T00:00:00.000Z;0.039
2022-09-23T00:00:00.000Z;0.039
2022-09-24T00:00:00.000Z;0.039
2022-09-25T00:00:00.000Z;0.039
2022-09-26T00:00:00.000Z;0.039
2022-09-27T00:00:00.000Z;0.042
2022-09-28T00:00:00.000Z;0.064
2022-09-29T00:00:00.000Z;0.103
2022-09-30T00:00:00.000Z;0.232
2022-10-01T00:00:00.000Z;0.149
2022-10-02T00:00:00.000Z;0.094
2022-10-03T00:00:00.000Z;0.073
2022-10-04T00:00:00.000Z;0.065
2022-10-05T00:00:00.000Z;0.06
2022-10-06T00:00:00.000Z;0.056
2022-10-07T00:00:00.000Z;0.054
2022-10-08T00:00:00.000Z;0.053
2022-10-09T00:00:00.000Z;0.052
2022-10-10T00:00:00.000Z;0.05
2022-10-11T00:00:00.000Z;0.049
2022-10-12T00:00:00.000Z;0.048
2022-10-13T00:00:00.000Z;0.048
2022-10-14T00:00:00.000Z;0.047
2022-10-15T00:00:00.000Z;0.047
2022-10-16T00:00:00.000Z;0.048
2022-10-17T00:00:00.000Z;0.046
2022-10-18T00:00:00.000Z;0.045
2022-10-19T00:00:00.000Z;0.047
2022-10-20T00:00:00.000Z;0.05
2022-10-21T00:00:00.000Z;0.05
2022-10-22T00:00:00.000Z;0.048
2022-10-23T00:00:00.000Z;0.054
2022-10-24T00:00:00.000Z;0.056
2022-10-25T00:00:00.000Z;0.055
2022-10-26T00:00:00.000Z;0.054
2022-10-27T00:00:00.000Z;0.051
2022-10-28T00:00:00.000Z;0.05
2022-10-29T00:00:00.000Z;0.052
2022-10-30T00:00:00.000Z;0.053
2022-10-31T00:00:00.000Z;0.053
2022-11-01T00:00:00.000Z;0.05
2022-11-02T00:00:00.000Z;0.05
2022-11-03T00:00:00.000Z;0.054
2022-11-04T00:00:00.000Z;0.071
2022-11-05T00:00:00.000Z;0.077
2022-11-06T00:00:00.000Z;0.079
2022-11-07T00:00:00.000Z;0.082
2022-11-08T00:00:00.000Z;0.084
2022-11-09T00:00:00.000Z;0.086
2022-11-10T00:00:00.000Z;0.078
2022-11-11T00:00:00.000Z;0.079
2022-11-12T00:00:00.000Z;0.075
2022-11-13T00:00:00.000Z;0.07
2022-11-14T00:00:00.000Z;0.069
2022-11-15T00:00:00.000Z;0.07
2022-11-16T00:00:00.000Z;0.07
2022-11-17T00:00:00.000Z;0.068
2022-11-18T00:00:00.000Z;0.072
2022-11-19T00:00:00.000Z;0.097
2022-11-20T00:00:00.000Z;0.171
2022-11-21T00:00:00.000Z;0.217
2022-11-22T00:00:00.000Z;0.995
2022-11-23T00:00:00.000Z;1.15
2022-11-24T00:00:00.000Z;1.04
2022-11-25T00:00:00.000Z;0.406
2022-11-26T00:00:00.000Z;0.409
2022-11-27T00:00:00.000Z;0.255
2022-11-28T00:00:00.000Z;0.495
2022-11-29T00:00:00.000Z;1.15
2022-11-30T00:00:00.000Z;0.975
2022-12-01T00:00:00.000Z;0.508
2022-12-02T00:00:00.000Z;0.279
2022-12-03T00:00:00.000Z;0.229
2022-12-04T00:00:00.000Z;0.199
2022-12-05T00:00:00.000Z;0.168
2022-12-06T00:00:00.000Z;0.148
2022-12-07T00:00:00.000Z;0.135
2022-12-08T00:00:00.000Z;0.126
2022-12-09T00:00:00.000Z;0.121
2022-12-10T00:00:00.000Z;0.272
2022-12-11T00:00:00.000Z;0.329
2022-12-12T00:00:00.000Z;0.223
2022-12-13T00:00:00.000Z;0.208
2022-12-14T00:00:00.000Z;0.211
2022-12-15T00:00:00.000Z;0.223
2022-12-16T00:00:00.000Z;0.452
2022-12-17T00:00:00.000Z;0.654
2022-12-18T00:00:00.000Z;0.398
2022-12-19T00:00:00.000Z;0.263
2022-12-20T00:00:00.000Z;0.223
2022-12-21T00:00:00.000Z;0.195
2022-12-22T00:00:00.000Z;0.171
2022-12-23T00:00:00.000Z;0.155
2022-12-24T00:00:00.000Z;0.145
2022-12-25T00:00:00.000Z;0.136
2022-12-26T00:00:00.000Z;0.125
2022-12-27T00:00:00.000Z;0.116
2022-12-28T00:00:00.000Z;0.111
2022-12-29T00:00:00.000Z;0.109
2022-12-30T00:00:00.000Z;0.106
2022-12-31T00:00:00.000Z;0.101
2023-01-01T00:00:00.000Z;0.096
2023-01-02T00:00:00.000Z;0.094
2023-01-03T00:00:00.000Z;0.09
2023-01-04T00:00:00.000Z;0.088
2023-01-05T00:00:00.000Z;0.085
2023-01-06T00:00:00.000Z;0.084
2023-01-07T00:00:00.000Z;0.083
2023-01-08T00:00:00.000Z;0.083
2023-01-09T00:00:00.000Z;0.321
2023-01-10T00:00:00.000Z;0.445
2023-01-11T00:00:00.000Z;0.283
2023-01-12T00:00:00.000Z;0.279
2023-01-13T00:00:00.000Z;0.259
2023-01-14T00:00:00.000Z;0.224
2023-01-15T00:00:00.000Z;0.223
2023-01-16T00:00:00.000Z;0.908
2023-01-17T00:00:00.000Z;2.68
2023-01-18T00:00:00.000Z;1.53
2023-01-19T00:00:00.000Z;0.714
2023-01-20T00:00:00.000Z;1.23
2023-01-21T00:00:00.000Z;0.97
2023-01-22T00:00:00.000Z;0.55
2023-01-23T00:00:00.000Z;0.39
2023-01-24T00:00:00.000Z;0.3
2023-01-25T00:00:00.000Z;0.261
2023-01-26T00:00:00.000Z;0.238
2023-01-27T00:00:00.000Z;0.22
2023-01-28T00:00:00.000Z;0.202
2023-01-29T00:00:00.000Z;0.185
2023-01-30T00:00:00.000Z;0.174
2023-01-31T00:00:00.000Z;0.167
2023-02-01T00:00:00.000Z;0.182
2023-02-02T00:00:00.000Z;0.262
2023-02-03T00:00:00.000Z;0.296
2023-02-04T00:00:00.000Z;0.332
2023-02-05T00:00:00.000Z;0.305
2023-02-06T00:00:00.000Z;0.247
2023-02-07T00:00:00.000Z;0.237
2023-02-08T00:00:00.000Z;0.21
2023-02-09T00:00:00.000Z;0.196
2023-02-10T00:00:00.000Z;0.18
2023-02-11T00:00:00.000Z;0.171
2023-02-12T00:00:00.000Z;0.165
2023-02-13T00:00:00.000Z;0.158
2023-02-14T00:00:00.000Z;0.154
2023-02-15T00:00:00.000Z;0.154
2023-02-16T00:00:00.000Z;0.15
2023-02-17T00:00:00.000Z;0.144
2023-02-18T00:00:00.000Z;0.142
2023-02-19T00:00:00.000Z;0.163
2023-02-20T00:00:00.000Z;0.174
2023-02-21T00:00:00.000Z;0.172
2023-02-22T00:00:00.000Z;0.167
2023-02-23T00:00:00.000Z;0.146
2023-02-24T00:00:00.000Z;0.14
2023-02-25T00:00:00.000Z;0.131
2023-02-26T00:00:00.000Z;0.126
2023-02-27T00:00:00.000Z;0.119
2023-02-28T00:00:00.000Z;0.114
2023-03-01T00:00:00.000Z;0.109
2023-03-02T00:00:00.000Z;0.107
2023-03-03T00:00:00.000Z;0.106
2023-03-04T00:00:00.000Z;0.104
2023-03-05T00:00:00.000Z;0.105
2023-03-06T00:00:00.000Z;0.119
2023-03-07T00:00:00.000Z;0.121
2023-03-08T00:00:00.000Z;0.132
2023-03-09T00:00:00.000Z;0.145
2023-03-10T00:00:00.000Z;0.132
2023-03-11T00:00:00.000Z;0.125
2023-03-12T00:00:00.000Z;0.173
2023-03-13T00:00:00.000Z;0.219
2023-03-14T00:00:00.000Z;0.527
2023-03-15T00:00:00.000Z;0.375
2023-03-16T00:00:00.000Z;0.253
2023-03-17T00:00:00.000Z;0.218
2023-03-18T00:00:00.000Z;0.2
2023-03-19T00:00:00.000Z;0.183
2023-03-20T00:00:00.000Z;0.166
2023-03-21T00:00:00.000Z;0.158
2023-03-22T00:00:00.000Z;0.153
2023-03-23T00:00:00.000Z;0.148
2023-03-24T00:00:00.000Z;0.141
2023-03-25T00:00:00.000Z;0.134
2023-03-26T00:00:00.000Z;0.131
2023-03-27T00:00:00.000Z;0.145
2023-03-28T00:00:00.000Z;0.174
2023-03-29T00:00:00.000Z;0.168
2023-03-30T00:00:00.000Z;0.157
2023-03-31T00:00:00.000Z;0.15
2023-04-01T00:00:00.000Z;0.145
2023-04-02T00:00:00.000Z;0.569
2023-04-03T00:00:00.000Z;2.92
2023-04-04T00:00:00.000Z;1.43
2023-04-05T00:00:00.000Z;0.694
2023-04-06T00:00:00.000Z;0.437
2023-04-07T00:00:00.000Z;0.33
2023-04-08T00:00:00.000Z;0.282
2023-04-09T00:00:00.000Z;0.248
2023-04-10T00:00:00.000Z;0.227
2023-04-11T00:00:00.000Z;0.209
2023-04-12T00:00:00.000Z;0.2
2023-04-13T00:00:00.000Z;0.216
2023-04-14T00:00:00.000Z;0.311
2023-04-15T00:00:00.000Z;0.55
2023-04-16T00:00:00.000Z;0.649
2023-04-17T00:00:00.000Z;0.437
2023-04-18T00:00:00.000Z;0.328
2023-04-19T00:00:00.000Z;0.277
2023-04-20T00:00:00.000Z;0.254
2023-04-21T00:00:00.000Z;0.234
2023-04-22T00:00:00.000Z;0.218
2023-04-23T00:00:00.000Z;0.203
2023-04-24T00:00:00.000Z;0.196
2023-04-25T00:00:00.000Z;0.238
2023-04-26T00:00:00.000Z;0.391
2023-04-27T00:00:00.000Z;0.27
2023-04-28T00:00:00.000Z;0.23
2023-04-29T00:00:00.000Z;0.216
2023-04-30T00:00:00.000Z;0.667
2023-05-01T00:00:00.000Z;0.642
2023-05-02T00:00:00.000Z;0.369
2023-05-03T00:00:00.000Z;0.279
2023-05-04T00:00:00.000Z;0.245
2023-05-05T00:00:00.000Z;0.22
2023-05-06T00:00:00.000Z;0.204
2023-05-07T00:00:00.000Z;0.2
2023-05-08T00:00:00.000Z;0.367
2023-05-09T00:00:00.000Z;0.283
2023-05-10T00:00:00.000Z;0.519
2023-05-11T00:00:00.000Z;0.405
2023-05-12T00:00:00.000Z;0.286
2023-05-13T00:00:00.000Z;0.358
2023-05-14T00:00:00.000Z;0.721
2023-05-15T00:00:00.000Z;1
2023-05-16T00:00:00.000Z;2.38
2023-05-17T00:00:00.000Z;1.83
2023-05-18T00:00:00.000Z;0.911
2023-05-19T00:00:00.000Z;0.541
2023-05-20T00:00:00.000Z;0.469
2023-05-21T00:00:00.000Z;0.417
2023-05-22T00:00:00.000Z;0.35
2023-05-23T00:00:00.000Z;0.337
2023-05-24T00:00:00.000Z;0.562
2023-05-25T00:00:00.000Z;2.66
2023-05-26T00:00:00.000Z;1.98
2023-05-27T00:00:00.000Z;1.34
2023-05-28T00:00:00.000Z;0.791
2023-05-29T00:00:00.000Z;0.54
2023-05-30T00:00:00.000Z;0.494
2023-05-31T00:00:00.000Z;0.454
2023-06-01T00:00:00.000Z;0.467
2023-06-02T00:00:00.000Z;0.477
2023-06-03T00:00:00.000Z;0.471
2023-06-04T00:00:00.000Z;0.424
2023-06-05T00:00:00.000Z;0.449
2023-06-06T00:00:00.000Z;0.358
2023-06-07T00:00:00.000Z;0.318
2023-06-08T00:00:00.000Z;0.319
2023-06-09T00:00:00.000Z;0.331
2023-06-10T00:00:00.000Z;0.495
2023-06-11T00:00:00.000Z;0.717
2023-06-12T00:00:00.000Z;0.603
2023-06-13T00:00:00.000Z;2.18
2023-06-14T00:00:00.000Z;3.37
2023-06-15T00:00:00.000Z;1.87
2023-06-16T00:00:00.000Z;0.981
2023-06-17T00:00:00.000Z;0.589
2023-06-18T00:00:00.000Z;0.526
2023-06-19T00:00:00.000Z;0.462
2023-06-20T00:00:00.000Z;0.38
2023-06-21T00:00:00.000Z;0.337
2023-06-22T00:00:00.000Z;0.316
2023-06-23T00:00:00.000Z;0.309
2023-06-24T00:00:00.000Z;0.287
2023-06-25T00:00:00.000Z;0.269
2023-06-26T00:00:00.000Z;0.244
2023-06-27T00:00:00.000Z;0.234
2023-06-28T00:00:00.000Z;0.224
2023-06-29T00:00:00.000Z;0.215
2023-06-30T00:00:00.000Z;0.396
2023-07-01T00:00:00.000Z;0.391
2023-07-02T00:00:00.000Z;0.258
2023-07-03T00:00:00.000Z;0.237
2023-07-04T00:00:00.000Z;0.224
2023-07-05T00:00:00.000Z;0.215
2023-07-06T00:00:00.000Z;0.208
2023-07-07T00:00:00.000Z;0.197
2023-07-08T00:00:00.000Z;0.187
2023-07-09T00:00:00.000Z;0.174
2023-07-10T00:00:00.000Z;0.166
2023-07-11T00:00:00.000Z;0.16
2023-07-12T00:00:00.000Z;0.157
2023-07-13T00:00:00.000Z;0.167
2023-07-14T00:00:00.000Z;0.165
2023-07-15T00:00:00.000Z;0.158
2023-07-16T00:00:00.000Z;0.149
2023-07-17T00:00:00.000Z;0.148
2023-07-18T00:00:00.000Z;0.139
2023-07-19T00:00:00.000Z;0.133
2023-07-20T00:00:00.000Z;0.128
2023-07-21T00:00:00.000Z;0.125
2023-07-22T00:00:00.000Z;0.127
2023-07-23T00:00:00.000Z;0.122
2023-07-24T00:00:00.000Z;0.118
2023-07-25T00:00:00.000Z;0.152
2023-07-26T00:00:00.000Z;0.162
2023-07-27T00:00:00.000Z;0.135
2023-07-28T00:00:00.000Z;0.256
2023-07-29T00:00:00.000Z;0.177
2023-07-30T00:00:00.000Z;0.153
2023-07-31T00:00:00.000Z;0.196
2023-08-01T00:00:00.000Z;0.166
2023-08-02T00:00:00.000Z;0.138
2023-08-03T00:00:00.000Z;0.138
2023-08-04T00:00:00.000Z;0.149
2023-08-05T00:00:00.000Z;0.208
2023-08-06T00:00:00.000Z;0.164
2023-08-07T00:00:00.000Z;0.139
2023-08-08T00:00:00.000Z;0.129
2023-08-09T00:00:00.000Z;0.12
2023-08-10T00:00:00.000Z;0.115
2023-08-11T00:00:00.000Z;0.111
2023-08-12T00:00:00.000Z;0.108
2023-08-13T00:00:00.000Z;0.106
2023-08-14T00:00:00.000Z;0.105
2023-08-15T00:00:00.000Z;0.102
2023-08-16T00:00:00.000Z;0.102
2023-08-17T00:00:00.000Z;0.1
2023-08-18T00:00:00.000Z;0.1
2023-08-19T00:00:00.000Z;0.098
2023-08-20T00:00:00.000Z;0.096
2023-08-21T00:00:00.000Z;0.095
2023-08-22T00:00:00.000Z;0.093
2023-08-23T00:00:00.000Z;0.092
2023-08-24T00:00:00.000Z;0.091
2023-08-25T00:00:00.000Z;0.089
2023-08-26T00:00:00.000Z;0.091
2023-08-27T00:00:00.000Z;0.274
2023-08-28T00:00:00.000Z;0.524
2023-08-29T00:00:00.000Z;0.548
2023-08-30T00:00:00.000Z;0.208
2023-08-31T00:00:00.000Z;0.161
2023-09-01T00:00:00.000Z;0.135
2023-09-02T00:00:00.000Z;0.123
2023-09-03T00:00:00.000Z;0.114
2023-09-04T00:00:00.000Z;0.108
2023-09-05T00:00:00.000Z;0.103
2023-09-06T00:00:00.000Z;0.099
2023-09-07T00:00:00.000Z;0.096
2023-09-08T00:00:00.000Z;0.093
2023-09-09T00:00:00.000Z;0.091
2023-09-10T00:00:00.000Z;0.089
2023-09-11T00:00:00.000Z;0.087
2023-09-12T00:00:00.000Z;0.085
2023-09-13T00:00:00.000Z;0.089
2023-09-14T00:00:00.000Z;0.084
2023-09-15T00:00:00.000Z;0.082
2023-09-16T00:00:00.000Z;0.081
2023-09-17T00:00:00.000Z;0.079
2023-09-18T00:00:00.000Z;0.077
2023-09-19T00:00:00.000Z;0.074
2023-09-20T00:00:00.000Z;0.073
2023-09-21T00:00:00.000Z;0.074
2023-09-22T00:00:00.000Z;0.076
2023-09-23T00:00:00.000Z;0.073
2023-09-24T00:00:00.000Z;0.07
2023-09-25T00:00:00.000Z;0.068
2023-09-26T00:00:00.000Z;0.068
2023-09-27T00:00:00.000Z;0.066
2023-09-28T00:00:00.000Z;0.071
2023-09-29T00:00:00.000Z;0.075
2023-09-30T00:00:00.000Z;0.074
2023-10-01T00:00:00.000Z;0.074
2023-10-02T00:00:00.000Z;0.073
2023-10-03T00:00:00.000Z;0.071
2023-10-04T00:00:00.000Z;0.071
2023-10-05T00:00:00.000Z;0.071
2023-10-06T00:00:00.000Z;0.07
2023-10-07T00:00:00.000Z;0.069
2023-10-08T00:00:00.000Z;0.069
2023-10-09T00:00:00.000Z;0.068
2023-10-10T00:00:00.000Z;0.068
2023-10-11T00:00:00.000Z;0.067
2023-10-12T00:00:00.000Z;0.066
2023-10-13T00:00:00.000Z;0.067
2023-10-14T00:00:00.000Z;0.067
2023-10-15T00:00:00.000Z;0.158
2023-10-16T00:00:00.000Z;0.115
2023-10-17T00:00:00.000Z;0.081
2023-10-18T00:00:00.000Z;0.075
2023-10-19T00:00:00.000Z;0.074
2023-10-20T00:00:00.000Z;0.119
2023-10-21T00:00:00.000Z;0.106
2023-10-22T00:00:00.000Z;0.086
2023-10-23T00:00:00.000Z;0.08
2023-10-24T00:00:00.000Z;0.086
2023-10-25T00:00:00.000Z;0.106
2023-10-26T00:00:00.000Z;0.093
2023-10-27T00:00:00.000Z;0.11
2023-10-28T00:00:00.000Z;0.114
2023-10-29T00:00:00.000Z;0.098
2023-10-30T00:00:00.000Z;0.091
2023-10-31T00:00:00.000Z;0.136
2023-11-01T00:00:00.000Z;0.125
2023-11-02T00:00:00.000Z;0.211
2023-11-03T00:00:00.000Z;0.434
2023-11-04T00:00:00.000Z;0.225
2023-11-05T00:00:00.000Z;0.228
2023-11-06T00:00:00.000Z;0.185
2023-11-07T00:00:00.000Z;0.18
2023-11-08T00:00:00.000Z;0.182
2023-11-09T00:00:00.000Z;0.222
2023-11-10T00:00:00.000Z;0.382
2023-11-11T00:00:00.000Z;0.435
2023-11-12T00:00:00.000Z;0.614
2023-11-13T00:00:00.000Z;0.489
2023-11-14T00:00:00.000Z;0.26
2023-11-15T00:00:00.000Z;0.24
2023-11-16T00:00:00.000Z;0.24
2023-11-17T00:00:00.000Z;0.227
2023-11-18T00:00:00.000Z;0.214
2023-11-19T00:00:00.000Z;0.189
2023-11-20T00:00:00.000Z;0.168
2023-11-21T00:00:00.000Z;0.853
2023-11-22T00:00:00.000Z;3.44
2023-11-23T00:00:00.000Z;2.38
2023-11-24T00:00:00.000Z;1.17
2023-11-25T00:00:00.000Z;0.572
2023-11-26T00:00:00.000Z;0.486
2023-11-27T00:00:00.000Z;0.377
2023-11-28T00:00:00.000Z;1.66
2023-11-29T00:00:00.000Z;1.37
2023-11-30T00:00:00.000Z;0.7
2023-12-01T00:00:00.000Z;0.565
2023-12-02T00:00:00.000Z;1.08
2023-12-03T00:00:00.000Z;0.919
2023-12-04T00:00:00.000Z;0.641
2023-12-05T00:00:00.000Z;0.57
2023-12-06T00:00:00.000Z;0.519
2023-12-07T00:00:00.000Z;0.423
2023-12-08T00:00:00.000Z;0.623
2023-12-09T00:00:00.000Z;0.88
2023-12-10T00:00:00.000Z;0.617
2023-12-11T00:00:00.000Z;0.495
2023-12-12T00:00:00.000Z;0.391
2023-12-13T00:00:00.000Z;0.456
2023-12-14T00:00:00.000Z;1.74
2023-12-15T00:00:00.000Z;1.07
2023-12-16T00:00:00.000Z;0.641
2023-12-17T00:00:00.000Z;0.521
2023-12-18T00:00:00.000Z;0.422
2023-12-19T00:00:00.000Z;0.359
2023-12-20T00:00:00.000Z;1.47
2023-12-21T00:00:00.000Z;1.82
2023-12-22T00:00:00.000Z;0.955
2023-12-23T00:00:00.000Z;0.751
2023-12-24T00:00:00.000Z;0.641
2023-12-25T00:00:00.000Z;0.52
2023-12-26T00:00:00.000Z;0.433
2023-12-27T00:00:00.000Z;0.363
2023-12-28T00:00:00.000Z;0.324
2023-12-29T00:00:00.000Z;0.297
2023-12-30T00:00:00.000Z;0.279
2023-12-31T00:00:00.000Z;0.269
2024-01-01T00:00:00.000Z;0.253
2024-01-02T00:00:00.000Z;0.24
2024-01-03T00:00:00.000Z;0.23
2024-01-04T00:00:00.000Z;0.219
2024-01-05T00:00:00.000Z;0.219
2024-01-06T00:00:00.000Z;0.494
2024-01-07T00:00:00.000Z;0.872
2024-01-08T00:00:00.000Z;0.596
2024-01-09T00:00:00.000Z;0.484
2024-01-10T00:00:00.000Z;0.42
2024-01-11T00:00:00.000Z;0.359
2024-01-12T00:00:00.000Z;0.34
2024-01-13T00:00:00.000Z;0.408
2024-01-14T00:00:00.000Z;0.599
2024-01-15T00:00:00.000Z;1.07
2024-01-16T00:00:00.000Z;1.07
2024-01-17T00:00:00.000Z;0.762
2024-01-18T00:00:00.000Z;0.533
2024-01-19T00:00:00.000Z;0.474
2024-01-20T00:00:00.000Z;0.417
2024-01-21T00:00:00.000Z;0.347
2024-01-22T00:00:00.000Z;0.315
2024-01-23T00:00:00.000Z;0.29
2024-01-24T00:00:00.000Z;0.271
2024-01-25T00:00:00.000Z;0.257
2024-01-26T00:00:00.000Z;0.243
2024-01-27T00:00:00.000Z;0.23
2024-01-28T00:00:00.000Z;0.223
2024-01-29T00:00:00.000Z;0.213
2024-01-30T00:00:00.000Z;0.204
2024-01-31T00:00:00.000Z;0.194
2024-02-01T00:00:00.000Z;0.186
2024-02-02T00:00:00.000Z;0.18
2024-02-03T00:00:00.000Z;0.175
2024-02-04T00:00:00.000Z;0.171
2024-02-05T00:00:00.000Z;0.167
2024-02-06T00:00:00.000Z;0.164
2024-02-07T00:00:00.000Z;0.162
2024-02-08T00:00:00.000Z;0.161
2024-02-09T00:00:00.000Z;0.163
2024-02-10T00:00:00.000Z;0.188
2024-02-11T00:00:00.000Z;0.209
2024-02-12T00:00:00.000Z;0.205
2024-02-13T00:00:00.000Z;0.192
2024-02-14T00:00:00.000Z;0.183
2024-02-15T00:00:00.000Z;0.181
2024-02-16T00:00:00.000Z;0.633
2024-02-17T00:00:00.000Z;1.89
2024-02-18T00:00:00.000Z;1.05
2024-02-19T00:00:00.000Z;0.568
2024-02-20T00:00:00.000Z;0.484
2024-02-21T00:00:00.000Z;0.401
2024-02-22T00:00:00.000Z;0.361
2024-02-23T00:00:00.000Z;0.484
2024-02-24T00:00:00.000Z;0.494
2024-02-25T00:00:00.000Z;0.48
2024-02-26T00:00:00.000Z;1.13
2024-02-27T00:00:00.000Z;2.38
2024-02-28T00:00:00.000Z;3.06
2024-02-29T00:00:00.000Z;1.65
2024-03-01T00:00:00.000Z;2.65
2024-03-02T00:00:00.000Z;1.84
2024-03-03T00:00:00.000Z;1.46
2024-03-04T00:00:00.000Z;1.16
2024-03-05T00:00:00.000Z;1.22
2024-03-06T00:00:00.000Z;1.17
2024-03-07T00:00:00.000Z;1.02
2024-03-08T00:00:00.000Z;0.93
2024-03-09T00:00:00.000Z;0.855
2024-03-10T00:00:00.000Z;0.692
2024-03-11T00:00:00.000Z;0.634
2024-03-12T00:00:00.000Z;0.826
2024-03-13T00:00:00.000Z;0.699
2024-03-14T00:00:00.000Z;0.571
2024-03-15T00:00:00.000Z;0.512
2024-03-16T00:00:00.000Z;0.427
2024-03-17T00:00:00.000Z;0.358
2024-03-18T00:00:00.000Z;0.329
2024-03-19T00:00:00.000Z;0.301
2024-03-20T00:00:00.000Z;0.287
2024-03-21T00:00:00.000Z;0.266
2024-03-22T00:00:00.000Z;0.253
2024-03-23T00:00:00.000Z;0.244
2024-03-24T00:00:00.000Z;0.24
2024-03-25T00:00:00.000Z;0.24
2024-03-26T00:00:00.000Z;0.253
2024-03-27T00:00:00.000Z;0.285
2024-03-28T00:00:00.000Z;0.336
2024-03-29T00:00:00.000Z;0.301
2024-03-30T00:00:00.000Z;0.318
2024-03-31T00:00:00.000Z;0.301
2024-04-01T00:00:00.000Z;0.253
2024-04-02T00:00:00.000Z;0.234
2024-04-03T00:00:00.000Z;0.224
2024-04-04T00:00:00.000Z;0.215
2024-04-05T00:00:00.000Z;0.208
2024-04-06T00:00:00.000Z;0.2
2024-04-07T00:00:00.000Z;0.193
2024-04-08T00:00:00.000Z;0.188
2024-04-09T00:00:00.000Z;0.203
2024-04-10T00:00:00.000Z;0.225
2024-04-11T00:00:00.000Z;0.212
2024-04-12T00:00:00.000Z;0.199
2024-04-13T00:00:00.000Z;0.192
2024-04-14T00:00:00.000Z;0.185
2024-04-15T00:00:00.000Z;0.179
2024-04-16T00:00:00.000Z;0.175
2024-04-17T00:00:00.000Z;0.186
2024-04-18T00:00:00.000Z;0.198
2024-04-19T00:00:00.000Z;0.188
2024-04-20T00:00:00.000Z;0.182
2024-04-21T00:00:00.000Z;0.174
2024-04-22T00:00:00.000Z;0.167
2024-04-23T00:00:00.000Z;0.161
2024-04-24T00:00:00.000Z;0.157
2024-04-25T00:00:00.000Z;0.154
2024-04-26T00:00:00.000Z;0.157
2024-04-27T00:00:00.000Z;0.154
2024-04-28T00:00:00.000Z;0.148
2024-04-29T00:00:00.000Z;0.243
2024-04-30T00:00:00.000Z;0.499
2024-05-01T00:00:00.000Z;0.365
2024-05-02T00:00:00.000Z;0.714
2024-05-03T00:00:00.000Z;0.495
2024-05-04T00:00:00.000Z;0.308
2024-05-05T00:00:00.000Z;0.252
2024-05-06T00:00:00.000Z;0.332
2024-05-07T00:00:00.000Z;0.401
2024-05-08T00:00:00.000Z;0.985
2024-05-09T00:00:00.000Z;0.666
2024-05-10T00:00:00.000Z;0.424
2024-05-11T00:00:00.000Z;0.311
2024-05-12T00:00:00.000Z;0.271
2024-05-13T00:00:00.000Z;0.248
2024-05-14T00:00:00.000Z;0.33
2024-05-15T00:00:00.000Z;0.514
2024-05-16T00:00:00.000Z;0.582
2024-05-17T00:00:00.000Z;0.458
2024-05-18T00:00:00.000Z;0.335
2024-05-19T00:00:00.000Z;0.288
2024-05-20T00:00:00.000Z;0.285
2024-05-21T00:00:00.000Z;0.276
2024-05-22T00:00:00.000Z;0.263
2024-05-23T00:00:00.000Z;0.322
2024-05-24T00:00:00.000Z;0.32
2024-05-25T00:00:00.000Z;0.289
2024-05-26T00:00:00.000Z;0.251
2024-05-27T00:00:00.000Z;0.236
2024-05-28T00:00:00.000Z;0.26
2024-05-29T00:00:00.000Z;0.228
2024-05-30T00:00:00.000Z;0.215
2024-05-31T00:00:00.000Z;0.215
2024-06-01T00:00:00.000Z;0.209
2024-06-02T00:00:00.000Z;0.248
2024-06-03T00:00:00.000Z;0.253
2024-06-04T00:00:00.000Z;0.228
2024-06-05T00:00:00.000Z;0.212
2024-06-06T00:00:00.000Z;0.196
2024-06-07T00:00:00.000Z;0.183
2024-06-08T00:00:00.000Z;0.174
2024-06-09T00:00:00.000Z;0.299
2024-06-10T00:00:00.000Z;0.422
2024-06-11T00:00:00.000Z;0.289
2024-06-12T00:00:00.000Z;0.767
2024-06-13T00:00:00.000Z;0.569
2024-06-14T00:00:00.000Z;0.311
2024-06-15T00:00:00.000Z;0.358
2024-06-16T00:00:00.000Z;0.37
2024-06-17T00:00:00.000Z;0.259
2024-06-18T00:00:00.000Z;0.229
2024-06-19T00:00:00.000Z;0.21
2024-06-20T00:00:00.000Z;0.314
2024-06-21T00:00:00.000Z;0.869
2024-06-22T00:00:00.000Z;0.458
2024-06-23T00:00:00.000Z;0.298
2024-06-24T00:00:00.000Z;0.257
2024-06-25T00:00:00.000Z;0.236
2024-06-26T00:00:00.000Z;0.218
2024-06-27T00:00:00.000Z;0.201
2024-06-28T00:00:00.000Z;0.188
2024-06-29T00:00:00.000Z;0.197
2024-06-30T00:00:00.000Z;0.225
2024-07-01T00:00:00.000Z;0.319
2024-07-02T00:00:00.000Z;0.356
2024-07-03T00:00:00.000Z;0.266
2024-07-04T00:00:00.000Z;0.222
2024-07-05T00:00:00.000Z;0.198
2024-07-06T00:00:00.000Z;0.223
2024-07-07T00:00:00.000Z;0.553
2024-07-08T00:00:00.000Z;0.343
2024-07-09T00:00:00.000Z;0.243
2024-07-10T00:00:00.000Z;0.214
2024-07-11T00:00:00.000Z;0.192
2024-07-12T00:00:00.000Z;0.178
2024-07-13T00:00:00.000Z;0.19
2024-07-14T00:00:00.000Z;0.189
2024-07-15T00:00:00.000Z;0.17
2024-07-16T00:00:00.000Z;0.157
2024-07-17T00:00:00.000Z;0.151
2024-07-18T00:00:00.000Z;0.144
2024-07-19T00:00:00.000Z;0.138
2024-07-20T00:00:00.000Z;0.133
2024-07-21T00:00:00.000Z;0.52
2024-07-22T00:00:00.000Z;0.34
2024-07-23T00:00:00.000Z;0.206
2024-07-24T00:00:00.000Z;0.178
2024-07-25T00:00:00.000Z;0.162
2024-07-26T00:00:00.000Z;0.153
2024-07-27T00:00:00.000Z;0.145
2024-07-28T00:00:00.000Z;0.138
2024-07-29T00:00:00.000Z;0.131
2024-07-30T00:00:00.000Z;0.126
2024-07-31T00:00:00.000Z;0.123
2024-08-01T00:00:00.000Z;0.119
2024-08-02T00:00:00.000Z;0.116
2024-08-03T00:00:00.000Z;0.115
2024-08-04T00:00:00.000Z;0.113
2024-08-05T00:00:00.000Z;0.11
2024-08-06T00:00:00.000Z;0.107
2024-08-07T00:00:00.000Z;0.105
2024-08-08T00:00:00.000Z;0.105
2024-08-09T00:00:00.000Z;0.102
2024-08-10T00:00:00.000Z;0.099
2024-08-11T00:00:00.000Z;0.097
2024-08-12T00:00:00.000Z;0.096
2024-08-13T00:00:00.000Z;0.095
2024-08-14T00:00:00.000Z;0.251
2024-08-15T00:00:00.000Z;0.782
2024-08-16T00:00:00.000Z;0.319
2024-08-17T00:00:00.000Z;0.191
2024-08-18T00:00:00.000Z;0.17
2024-08-19T00:00:00.000Z;0.205
2024-08-20T00:00:00.000Z;0.166
2024-08-21T00:00:00.000Z;0.145
2024-08-22T00:00:00.000Z;0.134
2024-08-23T00:00:00.000Z;0.126
2024-08-24T00:00:00.000Z;0.12
2024-08-25T00:00:00.000Z;0.132
2024-08-26T00:00:00.000Z;0.131
2024-08-27T00:00:00.000Z;0.12
2024-08-28T00:00:00.000Z;0.113
2024-08-29T00:00:00.000Z;0.108
2024-08-30T00:00:00.000Z;0.106
2024-08-31T00:00:00.000Z;0.103
2024-09-01T00:00:00.000Z;0.101
2024-09-02T00:00:00.000Z;0.103
2024-09-03T00:00:00.000Z;0.196
2024-09-04T00:00:00.000Z;0.96
2024-09-05T00:00:00.000Z;1.51
2024-09-06T00:00:00.000Z;0.713
2024-09-07T00:00:00.000Z;0.309
2024-09-08T00:00:00.000Z;0.252
2024-09-09T00:00:00.000Z;0.275
2024-09-10T00:00:00.000Z;0.224
2024-09-11T00:00:00.000Z;0.208
2024-09-12T00:00:00.000Z;0.686
2024-09-13T00:00:00.000Z;0.755
2024-09-14T00:00:00.000Z;0.354
2024-09-15T00:00:00.000Z;0.242
2024-09-16T00:00:00.000Z;0.215
2024-09-17T00:00:00.000Z;0.194
2024-09-18T00:00:00.000Z;0.177
2024-09-19T00:00:00.000Z;0.166
2024-09-20T00:00:00.000Z;0.157
2024-09-21T00:00:00.000Z;0.15
2024-09-22T00:00:00.000Z;0.144
2024-09-23T00:00:00.000Z;0.143
2024-09-24T00:00:00.000Z;0.137
2024-09-25T00:00:00.000Z;0.131
2024-09-26T00:00:00.000Z;0.128
2024-09-27T00:00:00.000Z;0.125
2024-09-28T00:00:00.000Z;0.134
2024-09-29T00:00:00.000Z;0.122
2024-09-30T00:00:00.000Z;0.114
2024-10-01T00:00:00.000Z;0.11
2024-10-02T00:00:00.000Z;0.114
2024-10-03T00:00:00.000Z;0.318
2024-10-04T00:00:00.000Z;0.203
2024-10-05T00:00:00.000Z;0.162
2024-10-06T00:00:00.000Z;0.142
2024-10-07T00:00:00.000Z;0.131
2024-10-08T00:00:00.000Z;0.124
2024-10-09T00:00:00.000Z;0.121
2024-10-10T00:00:00.000Z;0.167
2024-10-11T00:00:00.000Z;0.159
2024-10-12T00:00:00.000Z;0.141
2024-10-13T00:00:00.000Z;0.129
2024-10-14T00:00:00.000Z;0.12
2024-10-15T00:00:00.000Z;0.113
2024-10-16T00:00:00.000Z;0.111
2024-10-17T00:00:00.000Z;0.128
2024-10-18T00:00:00.000Z;1.4
2024-10-19T00:00:00.000Z;1.01
2024-10-20T00:00:00.000Z;0.481
2024-10-21T00:00:00.000Z;0.289
2024-10-22T00:00:00.000Z;0.321
2024-10-23T00:00:00.000Z;0.292
2024-10-24T00:00:00.000Z;0.244
2024-10-25T00:00:00.000Z;0.221
2024-10-26T00:00:00.000Z;0.278
2024-10-27T00:00:00.000Z;0.498
2024-10-28T00:00:00.000Z;0.327
2024-10-29T00:00:00.000Z;0.248
2024-10-30T00:00:00.000Z;0.226
2024-10-31T00:00:00.000Z;0.207
2024-11-01T00:00:00.000Z;0.189
2024-11-02T00:00:00.000Z;0.176
2024-11-03T00:00:00.000Z;0.166
2024-11-04T00:00:00.000Z;0.157
2024-11-05T00:00:00.000Z;0.15
2024-11-06T00:00:00.000Z;0.143
2024-11-07T00:00:00.000Z;0.137
2024-11-08T00:00:00.000Z;0.133
2024-11-09T00:00:00.000Z;0.13
2024-11-10T00:00:00.000Z;0.126
2024-11-11T00:00:00.000Z;0.123
2024-11-12T00:00:00.000Z;0.133
2024-11-13T00:00:00.000Z;0.159
2024-11-14T00:00:00.000Z;0.147
2024-11-15T00:00:00.000Z;0.14
2024-11-16T00:00:00.000Z;0.133
2024-11-17T00:00:00.000Z;0.127
2024-11-18T00:00:00.000Z;0.121
2024-11-19T00:00:00.000Z;0.118
2024-11-20T00:00:00.000Z;0.705
2024-11-21T00:00:00.000Z;2.29
2024-11-22T00:00:00.000Z;2.14
2024-11-23T00:00:00.000Z;1.18
2024-11-24T00:00:00.000Z;0.627
2024-11-25T00:00:00.000Z;0.428
2024-11-26T00:00:00.000Z;0.409
2024-11-27T00:00:00.000Z;0.338
2024-11-28T00:00:00.000Z;0.285
2024-11-29T00:00:00.000Z;0.265
2024-11-30T00:00:00.000Z;0.241
2024-12-01T00:00:00.000Z;0.224
2024-12-02T00:00:00.000Z;0.212
2024-12-03T00:00:00.000Z;0.416
2024-12-04T00:00:00.000Z;0.525
2024-12-05T00:00:00.000Z;0.473
2024-12-06T00:00:00.000Z;0.664
2024-12-07T00:00:00.000Z;1.44
2024-12-08T00:00:00.000Z;3.26
2024-12-09T00:00:00.000Z;3.21
2024-12-10T00:00:00.000Z;1.86
2024-12-11T00:00:00.000Z;0.986
2024-12-12T00:00:00.000Z;0.733
2024-12-13T00:00:00.000Z;0.721
2024-12-14T00:00:00.000Z;0.784
2024-12-15T00:00:00.000Z;1.14
2024-12-16T00:00:00.000Z;1.14
2024-12-17T00:00:00.000Z;1.21
2024-12-18T00:00:00.000Z;1.54
2024-12-19T00:00:00.000Z;1.91
2024-12-20T00:00:00.000Z;2.25
2024-12-21T00:00:00.000Z;1.4
2024-12-22T00:00:00.000Z;1.42
2024-12-23T00:00:00.000Z;3.66
2024-12-24T00:00:00.000Z;2
2024-12-25T00:00:00.000Z;1.84
2024-12-26T00:00:00.000Z;1.3
2024-12-27T00:00:00.000Z;0.868
2024-12-28T00:00:00.000Z;0.653
2024-12-29T00:00:00.000Z;0.541
2024-12-30T00:00:00.000Z;0.487
2024-12-31T00:00:00.000Z;0.417
2025-01-01T00:00:00.000Z;0.371
