Region;Taurus
Country;Turkey
#;3
Spring Name/Station Name;P²narba■²
Literature;"Ūall² SS et al. (2022); Ūelik et al. (2022)"
Lat;37.302
Lon;31.942
Elev (m);1099
Recharge Area (km2);70
Start Date;3.12.2014
End Date;20.09.2025
Resolution;Daily
Data Source;Ankara University
Data License;CC BY 4.0
Contact For License;Mehmet Ūelik, S³leyman Selim Ūall²
Spring ID;TAU_03_TR
Date;Discharge m^3/s
3.12.2014;1.041573
4.12.2014;0.798586
5.12.2014;0.559753
6.12.2014;0.36625
7.12.2014;0.261727
8.12.2014;0.209331
9.12.2014;0.388482
10.12.2014;1.865278
11.12.2014;1.231231
12.12.2014;1.802247
13.12.2014;3.353445
14.12.2014;2.524906
15.12.2014;1.505003
16.12.2014;1.00895
17.12.2014;0.674002
18.12.2014;0.498063
19.12.2014;0.422139
20.12.2014;0.336787
21.12.2014;0.29297
22.12.2014;0.252139
23.12.2014;0.211854
24.12.2014;0.175314
25.12.2014;0.152518
26.12.2014;0.141245
27.12.2014;0.348377
28.12.2014;5.567565
29.12.2014;5.073101
30.12.2014;6.407059
31.12.2014;8.25202
1.01.2015;9.303056
2.01.2015;4.306699
3.01.2015;2.905581
4.01.2015;1.947911
5.01.2015;1.767844
6.01.2015;2.625648
7.01.2015;1.840596
8.01.2015;1.376596
9.01.2015;1.159919
10.01.2015;0.983187
11.01.2015;0.802642
12.01.2015;0.695961
13.01.2015;0.955581
14.01.2015;0.939716
15.01.2015;0.858736
16.01.2015;0.784495
17.01.2015;0.675814
18.01.2015;0.612577
19.01.2015;0.55496
20.01.2015;0.510023
21.01.2015;0.484831
22.01.2015;0.479026
23.01.2015;0.456261
24.01.2015;0.449297
25.01.2015;1.157331
26.01.2015;1.48054
27.01.2015;1.165105
28.01.2015;1.144451
29.01.2015;1.136768
30.01.2015;1.013681
31.01.2015;1.781552
1.02.2015;2.524906
2.02.2015;1.823099
3.02.2015;2.202288
4.02.2015;2.863099
5.02.2015;1.893752
6.02.2015;1.423495
7.02.2015;1.20184
8.02.2015;1.061802
9.02.2015;1.212473
10.02.2015;1.215141
11.02.2015;1.136768
12.02.2015;0.953303
13.02.2015;0.810795
14.02.2015;0.705247
15.02.2015;0.631466
16.02.2015;0.584123
17.02.2015;0.584123
18.02.2015;0.558152
19.02.2015;0.52217
20.02.2015;0.460474
21.02.2015;0.412896
22.02.2015;0.377258
23.02.2015;0.362628
24.02.2015;0.415523
25.02.2015;0.804675
26.02.2015;2.163009
27.02.2015;2.674752
28.02.2015;3.400579
1.03.2015;3.45346
2.03.2015;2.788592
3.03.2015;2.376545
4.03.2015;1.915295
5.03.2015;1.713704
6.03.2015;1.542194
7.03.2015;1.634562
8.03.2015;1.940631
9.03.2015;2.07063
10.03.2015;2.198339
11.03.2015;2.490472
12.03.2015;2.793211
13.03.2015;2.21813
14.03.2015;1.788433
15.03.2015;1.673825
16.03.2015;1.540022
17.03.2015;1.316603
18.03.2015;1.116447
19.03.2015;1.030356
20.03.2015;0.962434
21.03.2015;0.917354
22.03.2015;0.833497
23.03.2015;0.804675
24.03.2015;0.903108
25.03.2015;2.919833
26.03.2015;2.503348
27.03.2015;2.010513
28.03.2015;1.830084
29.03.2015;1.492738
30.03.2015;1.285878
31.03.2015;1.096367
1.04.2015;1.057485
2.04.2015;1.039965
3.04.2015;1.127848
4.04.2015;1.140178
5.04.2015;1.056112
6.04.2015;0.944231
7.04.2015;0.893528
8.04.2015;0.897531
9.04.2015;0.941971
10.04.2015;0.827955
11.04.2015;0.729774
12.04.2015;0.668585
13.04.2015;0.636393
14.04.2015;0.60552
15.04.2015;0.589632
16.04.2015;0.533989
17.04.2015;0.458599
18.04.2015;0.419926
19.04.2015;0.401209
20.04.2015;0.365241
21.04.2015;0.33507
22.04.2015;0.316938
23.04.2015;0.302657
24.04.2015;0.285197
25.04.2015;0.256903
26.04.2015;0.242478
27.04.2015;0.212276
28.04.2015;0.20989
29.04.2015;0.185954
30.04.2015;0.160939
1.05.2015;0.148251
2.05.2015;0.132736
3.05.2015;0.139796
4.05.2015;0.130536
5.05.2015;0.126187
6.05.2015;0.121349
7.05.2015;0.11232
8.05.2015;0.104892
9.05.2015;0.09805
10.05.2015;0.093629
11.05.2015;0.084338
12.05.2015;0.081532
13.05.2015;0.076897
14.05.2015;0.074257
15.05.2015;0.073414
16.05.2015;0.069092
17.05.2015;0.063785
18.05.2015;0.061703
19.05.2015;0.059788
20.05.2015;0.055202
21.05.2015;0.055144
22.05.2015;0.056252
23.05.2015;0.060771
24.05.2015;0.063785
25.05.2015;0.079523
26.05.2015;0.073484
27.05.2015;0.068021
28.05.2015;0.078641
29.05.2015;0.155598
30.05.2015;0.393752
31.05.2015;0.473505
1.06.2015;0.240483
2.06.2015;0.16688
3.06.2015;0.130127
4.06.2015;0.109018
5.06.2015;0.097543
6.06.2015;0.093055
7.06.2015;0.095364
8.06.2015;0.0903
9.06.2015;0.085571
10.06.2015;0.081907
11.06.2015;0.072856
12.06.2015;0.067556
13.06.2015;0.063403
14.06.2015;0.058876
15.06.2015;0.058152
16.06.2015;0.054279
17.06.2015;0.05252
18.06.2015;0.049439
19.06.2015;0.046947
20.06.2015;0.043638
21.06.2015;0.045196
22.06.2015;0.046583
23.06.2015;0.044087
24.06.2015;0.042116
25.06.2015;0.039596
26.06.2015;0.037626
27.06.2015;0.037356
28.06.2015;0.034858
29.06.2015;0.032636
30.06.2015;0.031181
1.07.2015;0.028214
2.07.2015;0.025163
3.07.2015;0.023015
4.07.2015;0.021864
5.07.2015;0.021052
6.07.2015;0.021423
7.07.2015;0.022465
8.07.2015;0.021052
9.07.2015;0.018574
10.07.2015;0.017656
11.07.2015;0.017088
12.07.2015;0.016142
13.07.2015;0.015305
14.07.2015;0.013036
15.07.2015;0.011989
16.07.2015;0.011788
17.07.2015;0.010468
18.07.2015;0.010123
19.07.2015;0.008611
20.07.2015;0.008012
21.07.2015;0.007915
22.07.2015;0.007723
23.07.2015;0.005501
24.07.2015;0.006809
25.07.2015;0.006722
26.07.2015;0.007166
27.07.2015;0.006132
28.07.2015;0.005501
29.07.2015;0.00535
30.07.2015;0.004985
31.07.2015;0.004569
1.08.2015;0.003989
2.08.2015;0.00324
3.08.2015;0.003404
4.08.2015;0.002637
5.08.2015;0.000986
6.08.2015;0.000012
7.08.2015;0
8.08.2015;0.000136
9.08.2015;0.000213
10.08.2015;0
11.08.2015;0
12.08.2015;0
13.08.2015;0
14.08.2015;0
15.08.2015;0
16.08.2015;0
17.08.2015;0
18.08.2015;0
19.08.2015;0
20.08.2015;0
21.08.2015;0
22.08.2015;0
23.08.2015;0
24.08.2015;0
25.08.2015;0
26.08.2015;0
27.08.2015;0
28.08.2015;0
29.08.2015;0
30.08.2015;0
31.08.2015;0
1.09.2015;0
2.09.2015;0
3.09.2015;0
4.09.2015;0
5.09.2015;0
6.09.2015;0
7.09.2015;0
8.09.2015;0
9.09.2015;0
10.09.2015;0
11.09.2015;0
12.09.2015;0
13.09.2015;0
14.09.2015;0
15.09.2015;0
16.09.2015;0
17.09.2015;0
18.09.2015;0
19.09.2015;0
20.09.2015;0
21.09.2015;0
22.09.2015;0
23.09.2015;0
24.09.2015;0
25.09.2015;0
26.09.2015;0
27.09.2015;0
28.09.2015;0
29.09.2015;0
30.09.2015;0
1.10.2015;0
2.10.2015;0
3.10.2015;0
4.10.2015;0
5.10.2015;0.00036
6.10.2015;0.001274
7.10.2015;0.001309
8.10.2015;0.001849
9.10.2015;0.00163
10.10.2015;0.001659
11.10.2015;0
12.10.2015;0
13.10.2015;0
14.10.2015;0
15.10.2015;0
16.10.2015;0
17.10.2015;0
18.10.2015;0
19.10.2015;0
20.10.2015;0
21.10.2015;0
22.10.2015;0
23.10.2015;0
24.10.2015;0
25.10.2015;0
26.10.2015;0
27.10.2015;0
28.10.2015;0
29.10.2015;0
30.10.2015;0
31.10.2015;0
1.11.2015;0
2.11.2015;0
3.11.2015;0
4.11.2015;0
5.11.2015;0
6.11.2015;0
7.11.2015;0
8.11.2015;0
9.11.2015;0
10.11.2015;0
11.11.2015;0
12.11.2015;0
13.11.2015;0
14.11.2015;0
15.11.2015;0
16.11.2015;0
17.11.2015;0
18.11.2015;0
19.11.2015;0
20.11.2015;0
21.11.2015;0
22.11.2015;0
23.11.2015;0
24.11.2015;0
25.11.2015;0
26.11.2015;0
27.11.2015;0
28.11.2015;0
29.11.2015;0
30.11.2015;0
1.12.2015;0
2.12.2015;0
3.12.2015;0
4.12.2015;0
5.12.2015;0
6.12.2015;0
7.12.2015;0
8.12.2015;0
9.12.2015;0
10.12.2015;0
11.12.2015;0
12.12.2015;0
13.12.2015;0
14.12.2015;0
15.12.2015;0
16.12.2015;0
17.12.2015;0
18.12.2015;0
19.12.2015;0
20.12.2015;0
21.12.2015;0
22.12.2015;0
23.12.2015;0
24.12.2015;0
25.12.2015;0
26.12.2015;0
27.12.2015;0
28.12.2015;0
29.12.2015;0
30.12.2015;0
31.12.2015;0
1.01.2016;0.001694
2.01.2016;0.002114
3.01.2016;0.001949
4.01.2016;0.001147
5.01.2016;0.666184
6.01.2016;2.387696
7.01.2016;2.66876
8.01.2016;5.118468
9.01.2016;1.598949
10.01.2016;0.795956
11.01.2016;0.886402
12.01.2016;0.79631
13.01.2016;0.922377
14.01.2016;6.351188
15.01.2016;2.647225
16.01.2016;1.497085
17.01.2016;1.010356
18.01.2016;1.499491
19.01.2016;1.716284
20.01.2016;1.15039
21.01.2016;0.864835
22.01.2016;1.124927
23.01.2016;1.171336
24.01.2016;0.960054
25.01.2016;0.765932
26.01.2016;0.638708
27.01.2016;0.508593
28.01.2016;0.414044
29.01.2016;0.371238
30.01.2016;0.369475
31.01.2016;0.390772
1.02.2016;0.48446
2.02.2016;0.658398
3.02.2016;0.669261
4.02.2016;0.708395
5.02.2016;0.980275
6.02.2016;2.262123
7.02.2016;1.534583
8.02.2016;1.11221
9.02.2016;0.88841
10.02.2016;0.789619
11.02.2016;1.102791
12.02.2016;3.268359
13.02.2016;4.822635
14.02.2016;4.156941
15.02.2016;3.045579
16.02.2016;2.41027
17.02.2016;1.946107
18.02.2016;1.668916
19.02.2016;1.466881
20.02.2016;1.158664
21.02.2016;0.96717
22.02.2016;0.820908
23.02.2016;0.67873
24.02.2016;0.590414
25.02.2016;0.501438
26.02.2016;0.461482
27.02.2016;0.413709
28.02.2016;0.370292
29.02.2016;0.359789
1.03.2016;0.341669
2.03.2016;0.327942
3.03.2016;0.465975
4.03.2016;1.118873
5.03.2016;4.144341
6.03.2016;3.100948
7.03.2016;2.218368
8.03.2016;1.759073
9.03.2016;1.410494
10.03.2016;1.179068
11.03.2016;1.029398
12.03.2016;0.873119
13.03.2016;0.767657
14.03.2016;1.275292
15.03.2016;2.784047
16.03.2016;1.869496
17.03.2016;1.401939
18.03.2016;1.084533
19.03.2016;0.967549
20.03.2016;1.176753
21.03.2016;1.452178
22.03.2016;1.250112
23.03.2016;1.089743
24.03.2016;0.962651
25.03.2016;0.881445
26.03.2016;1.021401
27.03.2016;0.919907
28.03.2016;1.064871
29.03.2016;1.395582
30.03.2016;1.928551
31.03.2016;1.946581
1.04.2016;1.760504
2.04.2016;1.458207
3.04.2016;1.201866
4.04.2016;0.995685
5.04.2016;0.872658
6.04.2016;0.760567
7.04.2016;0.687268
8.04.2016;0.596508
9.04.2016;0.544828
10.04.2016;0.497048
11.04.2016;0.46242
12.04.2016;0.487883
13.04.2016;0.409699
14.04.2016;0.394602
15.04.2016;0.375107
16.04.2016;0.36417
17.04.2016;0.341953
18.04.2016;0.317011
19.04.2016;0.305414
20.04.2016;0.284735
21.04.2016;0.29215
22.04.2016;0.280854
23.04.2016;0.283772
24.04.2016;0.288548
25.04.2016;0.281678
26.04.2016;0.255544
27.04.2016;0.254585
28.04.2016;0.250151
29.04.2016;0.232863
30.04.2016;0.216069
1.05.2016;0.219168
2.05.2016;0.216733
3.05.2016;0.22112
4.05.2016;0.215928
5.05.2016;0.307277
6.05.2016;1.727051
7.05.2016;1.824686
8.05.2016;1.357508
9.05.2016;0.93752
10.05.2016;0.720672
11.05.2016;0.593847
12.05.2016;0.492485
13.05.2016;0.414182
14.05.2016;0.37114
15.05.2016;0.381037
16.05.2016;0.517334
17.05.2016;0.423057
18.05.2016;0.375138
19.05.2016;0.399668
20.05.2016;0.368562
21.05.2016;0.3363
22.05.2016;0.318252
23.05.2016;0.320714
24.05.2016;0.329194
25.05.2016;0.323112
26.05.2016;0.31121
27.05.2016;0.301834
28.05.2016;0.288062
29.05.2016;0.290218
30.05.2016;0.286705
31.05.2016;0.285249
1.06.2016;0.271154
2.06.2016;0.258946
3.06.2016;0.250575
4.06.2016;0.236
5.06.2016;0.225333
6.06.2016;0.21598
7.06.2016;0.245642
8.06.2016;0.293954
9.06.2016;0.564508
10.06.2016;0.625277
11.06.2016;0.908773
12.06.2016;0.640974
13.06.2016;0.484445
14.06.2016;0.409503
15.06.2016;0.397618
16.06.2016;0.344587
17.06.2016;0.328342
18.06.2016;0.319938
19.06.2016;0.279874
20.06.2016;0.27205
21.06.2016;0.261484
22.06.2016;0.246555
23.06.2016;0.242167
24.06.2016;0.225359
25.06.2016;0.218469
26.06.2016;0.217123
27.06.2016;0.206641
28.06.2016;0.193619
29.06.2016;0.184005
30.06.2016;0.184814
1.07.2016;0.180161
2.07.2016;0.159848
3.07.2016;0.146151
4.07.2016;0.147079
5.07.2016;0.133666
6.07.2016;0.129792
7.07.2016;0.137227
8.07.2016;0.132618
9.07.2016;0.128097
10.07.2016;0.125147
11.07.2016;0.114922
12.07.2016;0.120484
13.07.2016;0.117995
14.07.2016;0.118452
15.07.2016;0.112296
16.07.2016;0.111053
17.07.2016;0.107109
18.07.2016;0.101504
19.07.2016;0.098799
20.07.2016;0.091037
21.07.2016;0.099024
22.07.2016;0.092118
23.07.2016;0.091056
24.07.2016;0.080465
25.07.2016;0.061192
26.07.2016;0.05468
27.07.2016;0.019973
28.07.2016;0.007855
29.07.2016;0.008294
30.07.2016;0.008957
31.07.2016;0.008142
1.08.2016;0.008058
2.08.2016;0.007258
3.08.2016;0.007984
4.08.2016;0.007831
5.08.2016;0.008594
6.08.2016;0.008766
7.08.2016;0.008335
8.08.2016;0.009316
9.08.2016;0.008044
10.08.2016;0.007406
11.08.2016;0.008218
12.08.2016;0.009809
13.08.2016;0.00993
14.08.2016;0.009582
15.08.2016;0.010792
16.08.2016;0.010296
17.08.2016;0.010628
18.08.2016;0.010488
19.08.2016;0.010527
20.08.2016;0.011852
21.08.2016;0.011022
22.08.2016;0.012295
23.08.2016;0.01144
24.08.2016;0.010518
25.08.2016;0.010286
26.08.2016;0.010498
27.08.2016;0.009558
28.08.2016;0.009527
29.08.2016;0.009696
30.08.2016;0.009633
31.08.2016;0.010436
1.09.2016;0.009962
2.09.2016;0.009336
3.09.2016;0.008172
4.09.2016;0.008145
5.09.2016;0.008244
6.09.2016;0.008714
7.09.2016;0.009033
8.09.2016;0.009208
9.09.2016;0.008467
10.09.2016;0.008849
11.09.2016;0.01039
12.09.2016;0.008659
13.09.2016;0.009835
14.09.2016;0.010437
15.09.2016;0.009166
16.09.2016;0.008186
17.09.2016;0.007792
18.09.2016;0.007534
19.09.2016;0.008381
20.09.2016;0.006935
21.09.2016;0.006689
22.09.2016;0.007061
23.09.2016;0.005657
24.09.2016;0.003578
25.09.2016;0.003676
26.09.2016;0.004366
27.09.2016;0.005018
28.09.2016;0.006426
29.09.2016;0.006296
30.09.2016;0.005866
1.10.2016;0.006046
2.10.2016;0.006325
3.10.2016;0.006622
4.10.2016;0.006815
5.10.2016;0.007238
6.10.2016;0.006804
7.10.2016;0.006752
8.10.2016;0.006732
9.10.2016;0.00589
10.10.2016;0.005177
11.10.2016;0.006088
12.10.2016;0.006149
13.10.2016;0.007203
14.10.2016;0.00585
15.10.2016;0.005261
16.10.2016;0.005285
17.10.2016;0.004927
18.10.2016;0.004092
19.10.2016;0.005181
20.10.2016;0.00568
21.10.2016;0.004449
22.10.2016;0.004447
23.10.2016;0.005445
24.10.2016;0.005803
25.10.2016;0.004784
26.10.2016;0.003138
27.10.2016;0.003128
28.10.2016;0.003064
29.10.2016;0.003917
30.10.2016;0.005156
31.10.2016;0.003821
1.11.2016;0.003198
2.11.2016;0.002215
3.11.2016;0.00267
4.11.2016;0.003043
5.11.2016;0.002897
6.11.2016;0.003878
7.11.2016;0.005141
8.11.2016;0.004718
9.11.2016;0.004405
10.11.2016;0.005594
11.11.2016;0.004609
12.11.2016;0.003758
13.11.2016;0.003978
14.11.2016;0.003578
15.11.2016;0.003379
16.11.2016;0.002251
17.11.2016;0.00229
18.11.2016;0.00229
19.11.2016;0.002564
20.11.2016;0.002658
21.11.2016;0.002938
22.11.2016;0.002869
23.11.2016;0.002858
24.11.2016;0.00217
25.11.2016;0.002575
26.11.2016;0.003325
27.11.2016;0.003165
28.11.2016;0.002695
29.11.2016;0.003095
30.11.2016;0.003102
1.12.2016;0.002598
2.12.2016;0.001915
3.12.2016;0.002482
4.12.2016;0.002988
5.12.2016;0.002636
6.12.2016;0.002057
7.12.2016;0.002334
8.12.2016;0.001819
9.12.2016;0.001937
10.12.2016;0.002309
11.12.2016;0.001954
12.12.2016;0.001845
13.12.2016;0.001688
14.12.2016;0.001665
15.12.2016;0.001853
16.12.2016;0.001369
17.12.2016;0.001572
18.12.2016;0.001615
19.12.2016;0.003027
20.12.2016;0.002425
21.12.2016;0.001924
22.12.2016;0.002525
23.12.2016;0.001659
24.12.2016;0.001379
25.12.2016;0.00164
26.12.2016;0.002288
27.12.2016;0.001446
28.12.2016;0.001397
29.12.2016;0.001224
30.12.2016;0.001797
31.12.2016;0.002359
1.01.2017;0.002414
2.01.2017;0.002315
3.01.2017;0.002272
4.01.2017;0.002746
5.01.2017;0.003367
6.01.2017;0.024564
7.01.2017;1.632528
8.01.2017;0.506048
9.01.2017;0.133633
10.01.2017;0.078501
11.01.2017;0.050089
12.01.2017;0.044038
13.01.2017;0.040285
14.01.2017;0.035226
15.01.2017;0.02726
16.01.2017;0.047558
17.01.2017;0.643065
18.01.2017;0.488011
19.01.2017;0.338155
20.01.2017;0.24987
21.01.2017;0.178548
22.01.2017;0.128118
23.01.2017;0.102225
24.01.2017;0.091358
25.01.2017;0.075453
26.01.2017;0.075582
27.01.2017;0.085605
28.01.2017;0.082886
29.01.2017;0.090589
30.01.2017;0.098545
31.01.2017;0.095149
1.02.2017;0.094878
2.02.2017;0.083816
3.02.2017;0.064717
4.02.2017;0.041534
5.02.2017;0.028058
6.02.2017;0.031115
7.02.2017;0.078448
8.02.2017;0.311669
9.02.2017;0.338213
10.02.2017;0.312615
11.02.2017;0.321286
12.02.2017;0.231815
13.02.2017;0.175085
14.02.2017;0.136602
15.02.2017;0.119958
16.02.2017;0.097744
17.02.2017;0.092407
18.02.2017;0.082385
19.02.2017;0.071045
20.02.2017;0.074028
21.02.2017;0.088687
22.02.2017;0.174176
23.02.2017;0.288771
24.02.2017;0.469333
25.02.2017;0.742067
26.02.2017;1.08579
27.02.2017;1.046564
28.02.2017;0.916118
1.03.2017;0.976092
2.03.2017;1.675771
3.03.2017;2.588763
4.03.2017;1.575958
5.03.2017;1.691868
6.03.2017;1.619311
7.03.2017;1.722897
8.03.2017;1.769365
9.03.2017;2.21124
10.03.2017;9.092115
11.03.2017;3.98648
12.03.2017;3.711843
13.03.2017;3.404105
14.03.2017;2.727788
15.03.2017;1.967123
16.03.2017;1.385289
17.03.2017;1.129819
18.03.2017;0.956732
19.03.2017;0.857001
20.03.2017;0.9028
21.03.2017;1.248501
22.03.2017;1.583719
23.03.2017;1.828957
24.03.2017;1.779329
25.03.2017;2.006971
26.03.2017;2.349826
27.03.2017;2.762613
28.03.2017;2.725081
29.03.2017;2.696175
30.03.2017;2.298184
31.03.2017;2.350878
1.04.2017;2.699043
2.04.2017;2.660517
3.04.2017;2.358166
4.04.2017;2.199365
5.04.2017;2.283828
6.04.2017;2.262314
7.04.2017;2.04506
8.04.2017;2.330528
9.04.2017;2.568781
10.04.2017;1.714223
11.04.2017;1.463392
12.04.2017;1.384089
13.04.2017;2.615546
14.04.2017;4.407721
15.04.2017;3.543109
16.04.2017;2.683609
17.04.2017;2.175782
18.04.2017;1.929212
19.04.2017;1.757557
20.04.2017;1.613341
21.04.2017;1.708318
22.04.2017;1.634221
23.04.2017;1.348602
24.04.2017;1.031027
25.04.2017;0.822104
26.04.2017;0.70584
27.04.2017;0.604709
28.04.2017;0.506243
29.04.2017;0.474328
30.04.2017;0.458424
1.05.2017;0.442756
2.05.2017;0.440187
3.05.2017;0.375328
4.05.2017;0.358417
5.05.2017;0.341652
6.05.2017;0.308852
7.05.2017;0.315483
8.05.2017;0.27782
9.05.2017;0.264649
10.05.2017;0.243312
11.05.2017;0.211141
12.05.2017;0.195278
13.05.2017;0.179362
14.05.2017;0.184928
15.05.2017;0.17478
16.05.2017;0.154625
17.05.2017;0.147062
18.05.2017;0.137815
19.05.2017;0.133753
20.05.2017;0.119431
21.05.2017;0.12765
22.05.2017;0.120519
23.05.2017;0.176365
24.05.2017;0.14535
25.05.2017;0.144438
26.05.2017;0.137589
27.05.2017;0.12258
28.05.2017;0.115224
29.05.2017;0.108944
30.05.2017;0.110435
31.05.2017;0.11621
1.06.2017;0.111837
2.06.2017;0.10718
3.06.2017;0.106626
4.06.2017;0.104791
5.06.2017;0.095729
6.06.2017;0.095925
7.06.2017;0.096507
8.06.2017;0.090628
9.06.2017;0.091506
10.06.2017;0.080587
11.06.2017;0.084451
12.06.2017;0.081392
13.06.2017;0.084953
14.06.2017;0.080881
15.06.2017;0.077965
16.06.2017;0.07924
17.06.2017;0.079223
18.06.2017;0.073017
19.06.2017;0.071152
20.06.2017;0.066712
21.06.2017;0.061014
22.06.2017;0.062592
23.06.2017;0.06177
24.06.2017;0.060685
25.06.2017;0.057517
26.06.2017;0.05154
27.06.2017;0.049231
28.06.2017;0.043589
29.06.2017;0.041065
30.06.2017;0.040507
1.07.2017;0.038789
2.07.2017;0.032832
3.07.2017;0.032097
4.07.2017;0.032719
5.07.2017;0.029443
6.07.2017;0.030172
7.07.2017;0.022524
8.07.2017;0.015392
9.07.2017;0.00187
10.07.2017;0
11.07.2017;0
12.07.2017;0
13.07.2017;
14.07.2017;0
15.07.2017;0
16.07.2017;0.000003
17.07.2017;0
18.07.2017;0.000001
19.07.2017;0.000001
20.07.2017;0
21.07.2017;0.000001
22.07.2017;0.000003
23.07.2017;0.000002
24.07.2017;0.000009
25.07.2017;0.000005
26.07.2017;0
27.07.2017;0
28.07.2017;0.000002
29.07.2017;0.000002
30.07.2017;0.000002
31.07.2017;0.000008
1.08.2017;0.000007
2.08.2017;0.000022
3.08.2017;0.00001
4.08.2017;0.000005
5.08.2017;0.000001
6.08.2017;0
7.08.2017;0
8.08.2017;0.000005
9.08.2017;0.000006
10.08.2017;0.000004
11.08.2017;0.000003
12.08.2017;0.000006
13.08.2017;0.000013
14.08.2017;0.000003
15.08.2017;0.000006
16.08.2017;0.000013
17.08.2017;0.000012
18.08.2017;0.000009
19.08.2017;0.000006
20.08.2017;0.000009
21.08.2017;0.000004
22.08.2017;0.000008
23.08.2017;0.000002
24.08.2017;0.000005
25.08.2017;0.000004
26.08.2017;0.000002
27.08.2017;0.000004
28.08.2017;0.000002
29.08.2017;0.000016
30.08.2017;0.000007
31.08.2017;0.000001
1.09.2017;0.000004
2.09.2017;0.000002
3.09.2017;0.000001
4.09.2017;0.000002
5.09.2017;0.000006
6.09.2017;0.000006
7.09.2017;0.000006
8.09.2017;0.000006
9.09.2017;0.000006
10.09.2017;0.000006
11.09.2017;0.000003
12.09.2017;0.000004
13.09.2017;0.000003
14.09.2017;0.000002
15.09.2017;0.000001
16.09.2017;0.000006
17.09.2017;0.000006
18.09.2017;0.000027
19.09.2017;0.000009
20.09.2017;0.000016
21.09.2017;0.000015
22.09.2017;0.000013
23.09.2017;0.000002
24.09.2017;0.000004
25.09.2017;0.000002
26.09.2017;0.000002
27.09.2017;0.000002
28.09.2017;0.000002
29.09.2017;0.000002
30.09.2017;0.000002
1.10.2017;0.000002
2.10.2017;0.000002
3.10.2017;0.000002
4.10.2017;0.000002
5.10.2017;0.000002
6.10.2017;0
7.10.2017;0
8.10.2017;0
9.10.2017;0
10.10.2017;0
11.10.2017;0
12.10.2017;0
13.10.2017;0
14.10.2017;0
15.10.2017;0
16.10.2017;0
17.10.2017;0
18.10.2017;0
19.10.2017;0
20.10.2017;0
21.10.2017;0
22.10.2017;0
23.10.2017;0
24.10.2017;0
25.10.2017;0
26.10.2017;0
27.10.2017;0
28.10.2017;0
29.10.2017;0
30.10.2017;0
31.10.2017;0
1.11.2017;0
2.11.2017;0
3.11.2017;0
4.11.2017;0
5.11.2017;0
6.11.2017;0
7.11.2017;0
8.11.2017;0
9.11.2017;0.103115
10.11.2017;0.125986
11.11.2017;0.123626
12.11.2017;0.101115
13.11.2017;0.071373
14.11.2017;0.091235
15.11.2017;0.171307
16.11.2017;0.148481
17.11.2017;0.129485
18.11.2017;0.098516
19.11.2017;0.077774
20.11.2017;0.282801
21.11.2017;2.751022
22.11.2017;0.893012
23.11.2017;0.353378
24.11.2017;0.221772
25.11.2017;0.151895
26.11.2017;0.132931
27.11.2017;0.114305
28.11.2017;3.46751
29.11.2017;3.379171
30.11.2017;1.669509
1.12.2017;0.893459
2.12.2017;0.533082
3.12.2017;0.378742
4.12.2017;0.283296
5.12.2017;0.282002
6.12.2017;0.400467
7.12.2017;0.326994
8.12.2017;0.267613
9.12.2017;0.235058
10.12.2017;0.203399
11.12.2017;0.211573
12.12.2017;0.195078
13.12.2017;0.174226
14.12.2017;0.149868
15.12.2017;0.133765
16.12.2017;0.12115
17.12.2017;0.111327
18.12.2017;0.125123
19.12.2017;0.664281
20.12.2017;1.729737
21.12.2017;1.343681
22.12.2017;0.764308
23.12.2017;0.854812
24.12.2017;3.301761
25.12.2017;1.679684
26.12.2017;1.252031
27.12.2017;1.002956
28.12.2017;0.784565
29.12.2017;0.968985
30.12.2017;3.787665
31.12.2017;6.159279
1.01.2018;3.358608
2.01.2018;2.213925
3.01.2018;1.898209
4.01.2018;3.142457
5.01.2018;2.730268
6.01.2018;1.831169
7.01.2018;1.451998
8.01.2018;1.179742
9.01.2018;0.93882
10.01.2018;0.743727
11.01.2018;0.636849
12.01.2018;1.330309
13.01.2018;1.562267
14.01.2018;1.651811
15.01.2018;1.444512
16.01.2018;1.165573
17.01.2018;0.960906
18.01.2018;3.828223
19.01.2018;3.911913
20.01.2018;2.144534
21.01.2018;1.537848
22.01.2018;2.055104
23.01.2018;4.450398
24.01.2018;2.538582
25.01.2018;1.726672
26.01.2018;1.328949
27.01.2018;1.07453
28.01.2018;0.861314
29.01.2018;0.763173
30.01.2018;0.653126
31.01.2018;0.622476
1.02.2018;0.642723
2.02.2018;0.635786
3.02.2018;0.731712
4.02.2018;0.81402
5.02.2018;0.894576
6.02.2018;0.870641
7.02.2018;0.775947
8.02.2018;0.895144
9.02.2018;1.282721
10.02.2018;0.986872
11.02.2018;0.943355
12.02.2018;0.974827
13.02.2018;0.74434
14.02.2018;0.637141
15.02.2018;0.909572
16.02.2018;0.742588
17.02.2018;0.646485
18.02.2018;0.552678
19.02.2018;0.479033
20.02.2018;0.431365
21.02.2018;0.420823
22.02.2018;0.398357
23.02.2018;0.351129
24.02.2018;0.336853
25.02.2018;0.51575
26.02.2018;0.616235
27.02.2018;1.123811
28.02.2018;1.775041
1.03.2018;4.461747
2.03.2018;2.377635
3.03.2018;1.578423
4.03.2018;1.294446
5.03.2018;1.11216
6.03.2018;1.469346
7.03.2018;1.328935
8.03.2018;1.204041
9.03.2018;1.393229
10.03.2018;1.129965
11.03.2018;0.896034
12.03.2018;0.741917
13.03.2018;0.643965
14.03.2018;0.574236
15.03.2018;0.593881
16.03.2018;0.804349
17.03.2018;0.699058
18.03.2018;0.619239
19.03.2018;0.554785
20.03.2018;0.483234
21.03.2018;0.421856
22.03.2018;0.38735
23.03.2018;0.347844
24.03.2018;0.347203
25.03.2018;0.532167
26.03.2018;0.592395
27.03.2018;0.505876
28.03.2018;0.464677
29.03.2018;1.502491
30.03.2018;2.197925
31.03.2018;1.625618
1.04.2018;1.791888
2.04.2018;2.209596
3.04.2018;1.437722
4.04.2018;1.223042
5.04.2018;1.356783
6.04.2018;1.210182
7.04.2018;1.522881
8.04.2018;1.394698
9.04.2018;0.984186
10.04.2018;0.756398
11.04.2018;0.616768
12.04.2018;0.540691
13.04.2018;0.402858
14.04.2018;0.307021
15.04.2018;0.309643
16.04.2018;0.265063
17.04.2018;0.299645
18.04.2018;0.270596
19.04.2018;0.243146
20.04.2018;0.341707
21.04.2018;0.233578
22.04.2018;0.177804
23.04.2018;0.099837
24.04.2018;0.177497
25.04.2018;0.248149
26.04.2018;0.243921
27.04.2018;0.192269
28.04.2018;0.176993
29.04.2018;0.180885
30.04.2018;0.166965
1.05.2018;0.107198
2.05.2018;0.058978
3.05.2018;0.07741
4.05.2018;0.110196
5.05.2018;0.111391
6.05.2018;0.089959
7.05.2018;0.126941
8.05.2018;0.15571
9.05.2018;0.097486
10.05.2018;0.131682
11.05.2018;0.105642
12.05.2018;0.181047
13.05.2018;0.102524
14.05.2018;0.119123
15.05.2018;0.110759
16.05.2018;0.10088
17.05.2018;0.079241
18.05.2018;0.075986
19.05.2018;0.077302
20.05.2018;0.085724
21.05.2018;0.096538
22.05.2018;0.071673
23.05.2018;0.073737
24.05.2018;0.084307
25.05.2018;0.108755
26.05.2018;0.085342
27.05.2018;0.083208
28.05.2018;0.093448
29.05.2018;0.089873
30.05.2018;0.10266
31.05.2018;0.098253
1.06.2018;0.083208
2.06.2018;0.067835
3.06.2018;0.050404
4.06.2018;0.079446
5.06.2018;0.105594
6.06.2018;0.085416
7.06.2018;0.068796
8.06.2018;0.064079
9.06.2018;0.077853
10.06.2018;0.067164
11.06.2018;0.078976
12.06.2018;0.085988
13.06.2018;0.099472
14.06.2018;0.110973
15.06.2018;0.062254
16.06.2018;0.042252
17.06.2018;0.049644
18.06.2018;0.037938
19.06.2018;0.035626
20.06.2018;0.020795
21.06.2018;0.016328
22.06.2018;0.014183
23.06.2018;0.011328
24.06.2018;0.038806
25.06.2018;0.027271
26.06.2018;0.028734
27.06.2018;0.026952
28.06.2018;0.024899
29.06.2018;0.017441
30.06.2018;0.025869
1.07.2018;0.038719
2.07.2018;0.140242
3.07.2018;0.635969
4.07.2018;0.423237
5.07.2018;0.135004
6.07.2018;0.132014
7.07.2018;0.124732
8.07.2018;0.10705
9.07.2018;0.054463
10.07.2018;0.03318
11.07.2018;0.032
12.07.2018;0.027031
13.07.2018;0.021685
14.07.2018;0.024505
15.07.2018;0.017088
16.07.2018;0.011624
17.07.2018;0.041061
18.07.2018;0.034381
19.07.2018;0.025073
20.07.2018;0.020079
21.07.2018;0.01727
22.07.2018;0.010635
23.07.2018;0.011988
24.07.2018;0.012035
25.07.2018;0
26.07.2018;0
27.07.2018;0
28.07.2018;0
29.07.2018;0
30.07.2018;0
31.07.2018;0
1.08.2018;0
2.08.2018;0
3.08.2018;0
4.08.2018;0
5.08.2018;0
6.08.2018;0
7.08.2018;0
8.08.2018;0
9.08.2018;0
10.08.2018;0
11.08.2018;0
12.08.2018;0
13.08.2018;0
14.08.2018;0
15.08.2018;0
16.08.2018;0
17.08.2018;0
18.08.2018;0
19.08.2018;0
20.08.2018;0
21.08.2018;0
22.08.2018;0
23.08.2018;0
24.08.2018;0
25.08.2018;0
26.08.2018;0
27.08.2018;0
28.08.2018;0
29.08.2018;0
30.08.2018;0
31.08.2018;0
1.09.2018;0
2.09.2018;0
3.09.2018;0
4.09.2018;0
5.09.2018;0
6.09.2018;0
7.09.2018;0
8.09.2018;0
9.09.2018;0
10.09.2018;0
11.09.2018;0
12.09.2018;0
13.09.2018;0
14.09.2018;0
15.09.2018;0
16.09.2018;0
17.09.2018;0
18.09.2018;0
19.09.2018;0
20.09.2018;0
21.09.2018;0
22.09.2018;0
23.09.2018;0
24.09.2018;0
25.09.2018;0
26.09.2018;0
27.09.2018;0
28.09.2018;0
29.09.2018;0
30.09.2018;0
1.10.2018;0
2.10.2018;0
3.10.2018;0
4.10.2018;0
5.10.2018;0
6.10.2018;0
7.10.2018;0
8.10.2018;0
9.10.2018;0
10.10.2018;0
11.10.2018;0
12.10.2018;0
13.10.2018;0
14.10.2018;0
15.10.2018;0
16.10.2018;0
17.10.2018;0
18.10.2018;0
19.10.2018;0
20.10.2018;0
21.10.2018;0
22.10.2018;0
23.10.2018;0
24.10.2018;0
25.10.2018;0
26.10.2018;0
27.10.2018;0
28.10.2018;0
29.10.2018;0
30.10.2018;0
31.10.2018;0
1.11.2018;0
2.11.2018;0
3.11.2018;0
4.11.2018;0
5.11.2018;0
6.11.2018;0
7.11.2018;0
8.11.2018;0
9.11.2018;0
10.11.2018;0
11.11.2018;0
12.11.2018;0
13.11.2018;0
14.11.2018;0
15.11.2018;0
16.11.2018;0
17.11.2018;0
18.11.2018;0
19.11.2018;0
20.11.2018;0
21.11.2018;0
22.11.2018;0
23.11.2018;0
24.11.2018;0
25.11.2018;0
26.11.2018;0
27.11.2018;0
28.11.2018;0
29.11.2018;0.932577
30.11.2018;3.237829
1.12.2018;1.169292
2.12.2018;0.280392
3.12.2018;0.109898
4.12.2018;0.045042
5.12.2018;0.040245
6.12.2018;0.008417
7.12.2018;0.13551
8.12.2018;0.061949
9.12.2018;0.046149
10.12.2018;0.659968
11.12.2018;4.611549
12.12.2018;2.280107
13.12.2018;1.78907
14.12.2018;1.253352
15.12.2018;1.206498
16.12.2018;1.050252
17.12.2018;0.606088
18.12.2018;0.448175
19.12.2018;1.843336
20.12.2018;2.507908
21.12.2018;2.090592
22.12.2018;1.195119
23.12.2018;0.716536
24.12.2018;0.522675
25.12.2018;0.348869
26.12.2018;6.582994
27.12.2018;1.910308
28.12.2018;1.211407
29.12.2018;0.849192
30.12.2018;0.63295
31.12.2018;0.651744
1.01.2019;0.551582
2.01.2019;0.177064
3.01.2019;0.198719
4.01.2019;7.900075
5.01.2019;2.121418
6.01.2019;1.140311
7.01.2019;1.293431
8.01.2019;0.81522
9.01.2019;0.735963
10.01.2019;0.695119
11.01.2019;0.625768
12.01.2019;0.447345
13.01.2019;0.337217
14.01.2019;0.347639
15.01.2019;0.957873
16.01.2019;2.698986
17.01.2019;1.850126
18.01.2019;1.577448
19.01.2019;1.363563
20.01.2019;1.079573
21.01.2019;0.741792
22.01.2019;0.694704
23.01.2019;0.773233
24.01.2019;0.720899
25.01.2019;2.824124
26.01.2019;2.152892
27.01.2019;2.716917
28.01.2019;2.122671
29.01.2019;2.029511
30.01.2019;1.522129
31.01.2019;1.760027
1.02.2019;4.577035
2.02.2019;3.287952
3.02.2019;2.619243
4.02.2019;2.107109
5.02.2019;1.721032
6.02.2019;1.833706
7.02.2019;2.197471
8.02.2019;1.578431
9.02.2019;1.437961
10.02.2019;1.629422
11.02.2019;1.968554
12.02.2019;1.719572
13.02.2019;1.339079
14.02.2019;0.965253
15.02.2019;1.001316
16.02.2019;1.292846
17.02.2019;1.143476
18.02.2019;1.051647
19.02.2019;1.162822
20.02.2019;1.08654
21.02.2019;1.15684
22.02.2019;0.923111
23.02.2019;0.990228
24.02.2019;1.263297
25.02.2019;1.381908
26.02.2019;0.814984
27.02.2019;0.712097
28.02.2019;0.780979
1.03.2019;0.743799
2.03.2019;0.820135
3.03.2019;0.831936
4.03.2019;0.580719
5.03.2019;0.724682
6.03.2019;1.143578
7.03.2019;1.481757
8.03.2019;2.04082
9.03.2019;2.267738
10.03.2019;2.061879
11.03.2019;2.212953
12.03.2019;2.710116
13.03.2019;2.044373
14.03.2019;2.241354
15.03.2019;2.284597
16.03.2019;2.175626
17.03.2019;2.263089
18.03.2019;2.300318
19.03.2019;2.554704
20.03.2019;2.991108
21.03.2019;2.973857
22.03.2019;2.621015
23.03.2019;1.770409
24.03.2019;1.339193
25.03.2019;1.187858
26.03.2019;0.985918
27.03.2019;1.039098
28.03.2019;1.265805
29.03.2019;1.233981
30.03.2019;1.096616
31.03.2019;0.857579
1.04.2019;0.671462
2.04.2019;0.814738
3.04.2019;0.971333
4.04.2019;0.917764
5.04.2019;0.91853
6.04.2019;1.003856
7.04.2019;0.920374
8.04.2019;1.018071
9.04.2019;1.156905
10.04.2019;2.279743
11.04.2019;2.963394
12.04.2019;2.567142
13.04.2019;1.827463
14.04.2019;1.240898
15.04.2019;1.327498
16.04.2019;1.256038
17.04.2019;1.321507
18.04.2019;1.658128
19.04.2019;2.384468
20.04.2019;2.520779
21.04.2019;1.961498
22.04.2019;1.63846
23.04.2019;0.786338
24.04.2019;0.496718
25.04.2019;0.518411
26.04.2019;0.670505
27.04.2019;1.908132
28.04.2019;1.376509
29.04.2019;1.08387
30.04.2019;0.983442
1.05.2019;0.914423
2.05.2019;0.854177
3.05.2019;0.602533
4.05.2019;0.435174
5.05.2019;0.391316
6.05.2019;0.385361
7.05.2019;0.349174
8.05.2019;0.320917
9.05.2019;0.259043
10.05.2019;0.211371
11.05.2019;0.174339
12.05.2019;0.152008
13.05.2019;0.16134
14.05.2019;0.122511
15.05.2019;0.114156
16.05.2019;0.100024
17.05.2019;0.108358
18.05.2019;0.112376
19.05.2019;0.129014
20.05.2019;0.126325
21.05.2019;0.122086
22.05.2019;0.117918
23.05.2019;0.112447
24.05.2019;0.106515
25.05.2019;0.102383
26.05.2019;0.099717
27.05.2019;0.070429
28.05.2019;0.04815
29.05.2019;0.052622
30.05.2019;0.037889
31.05.2019;0.03649
1.06.2019;0.055355
2.06.2019;0.044613
3.06.2019;0.03742
4.06.2019;0.032771
5.06.2019;0.034352
6.06.2019;0.02532
7.06.2019;0.040062
8.06.2019;0.095956
9.06.2019;0.083584
10.06.2019;0.074224
11.06.2019;0.075518
12.06.2019;0.090049
13.06.2019;0.093987
14.06.2019;0.087894
15.06.2019;0.077186
16.06.2019;0.07801
17.06.2019;0.079748
18.06.2019;0.049706
19.06.2019;0.097283
20.06.2019;0.18961
21.06.2019;0.084821
22.06.2019;0.082178
23.06.2019;0.080615
24.06.2019;0.074267
25.06.2019;0.072839
26.06.2019;0.060607
27.06.2019;0.05906
28.06.2019;0.056214
29.06.2019;0.059378
30.06.2019;0.046715
1.07.2019;0.034072
2.07.2019;0.029181
3.07.2019;0.026685
4.07.2019;0.024553
5.07.2019;0.023064
6.07.2019;0.02553
7.07.2019;0.022809
8.07.2019;0.023661
9.07.2019;0.02041
10.07.2019;0.01654
11.07.2019;0.015823
12.07.2019;0.010799
13.07.2019;0
14.07.2019;0
15.07.2019;0
16.07.2019;0
17.07.2019;0
18.07.2019;0
19.07.2019;0
20.07.2019;0
21.07.2019;0
22.07.2019;0
23.07.2019;0
24.07.2019;0
25.07.2019;0
26.07.2019;0
27.07.2019;0
28.07.2019;0
29.07.2019;0
30.07.2019;0
31.07.2019;0
1.08.2019;0
2.08.2019;0
3.08.2019;0
4.08.2019;0
5.08.2019;0
6.08.2019;0
7.08.2019;0
8.08.2019;0
9.08.2019;0
10.08.2019;0
11.08.2019;0
12.08.2019;0
13.08.2019;0
14.08.2019;0
15.08.2019;0
16.08.2019;0
17.08.2019;0
18.08.2019;0
19.08.2019;0
20.08.2019;0
21.08.2019;
22.08.2019;
23.08.2019;
24.08.2019;
25.08.2019;
26.08.2019;
27.08.2019;
28.08.2019;
29.08.2019;
30.08.2019;
31.08.2019;
1.09.2019;
2.09.2019;
3.09.2019;
4.09.2019;
5.09.2019;
6.09.2019;
7.09.2019;
8.09.2019;
9.09.2019;
10.09.2019;
11.09.2019;
12.09.2019;
13.09.2019;
14.09.2019;
15.09.2019;
16.09.2019;
17.09.2019;
18.09.2019;
19.09.2019;
20.09.2019;
21.09.2019;
22.09.2019;
23.09.2019;
24.09.2019;
25.09.2019;
26.09.2019;
27.09.2019;
28.09.2019;
29.09.2019;
30.09.2019;
1.10.2019;
2.10.2019;
3.10.2019;
4.10.2019;
5.10.2019;
6.10.2019;
7.10.2019;
8.10.2019;
9.10.2019;
10.10.2019;
11.10.2019;
12.10.2019;
13.10.2019;
14.10.2019;
15.10.2019;
16.10.2019;
17.10.2019;
18.10.2019;
19.10.2019;
20.10.2019;
21.10.2019;
22.10.2019;
23.10.2019;
24.10.2019;
25.10.2019;
26.10.2019;
27.10.2019;
28.10.2019;
29.10.2019;
30.10.2019;
31.10.2019;
1.11.2019;
2.11.2019;
3.11.2019;
4.11.2019;
5.11.2019;
6.11.2019;
7.11.2019;
8.11.2019;
9.11.2019;
10.11.2019;
11.11.2019;
12.11.2019;
13.11.2019;
14.11.2019;
15.11.2019;
16.11.2019;
17.11.2019;
18.11.2019;
19.11.2019;
20.11.2019;
21.11.2019;
22.11.2019;
23.11.2019;
24.11.2019;
25.11.2019;
26.11.2019;
27.11.2019;
28.11.2019;
29.11.2019;
30.11.2019;
1.12.2019;
2.12.2019;
3.12.2019;
4.12.2019;
5.12.2019;
6.12.2019;
7.12.2019;
8.12.2019;
9.12.2019;
10.12.2019;
11.12.2019;
12.12.2019;
13.12.2019;
14.12.2019;
15.12.2019;
16.12.2019;
17.12.2019;
18.12.2019;
19.12.2019;
20.12.2019;
21.12.2019;
22.12.2019;
23.12.2019;
24.12.2019;
25.12.2019;
26.12.2019;
27.12.2019;
28.12.2019;
29.12.2019;
30.12.2019;
31.12.2019;
1.01.2020;
2.01.2020;
3.01.2020;
4.01.2020;
5.01.2020;
6.01.2020;
7.01.2020;
8.01.2020;
9.01.2020;
10.01.2020;
11.01.2020;
12.01.2020;
13.01.2020;
14.01.2020;
15.01.2020;
16.01.2020;
17.01.2020;
18.01.2020;
19.01.2020;
20.01.2020;
21.01.2020;
22.01.2020;
23.01.2020;
24.01.2020;
25.01.2020;
26.01.2020;
27.01.2020;
28.01.2020;
29.01.2020;
30.01.2020;
31.01.2020;
1.02.2020;
2.02.2020;
3.02.2020;
4.02.2020;
5.02.2020;
6.02.2020;
7.02.2020;
8.02.2020;
9.02.2020;
10.02.2020;
11.02.2020;
12.02.2020;
13.02.2020;
14.02.2020;
15.02.2020;
16.02.2020;
17.02.2020;
18.02.2020;
19.02.2020;
20.02.2020;
21.02.2020;
22.02.2020;
23.02.2020;
24.02.2020;
25.02.2020;
26.02.2020;
27.02.2020;
28.02.2020;
29.02.2020;
1.03.2020;
2.03.2020;
3.03.2020;
4.03.2020;
5.03.2020;
6.03.2020;
7.03.2020;
8.03.2020;
9.03.2020;
10.03.2020;
11.03.2020;
12.03.2020;
13.03.2020;
14.03.2020;
15.03.2020;
16.03.2020;
17.03.2020;
18.03.2020;
19.03.2020;
20.03.2020;
21.03.2020;
22.03.2020;
23.03.2020;
24.03.2020;
25.03.2020;
26.03.2020;
27.03.2020;
28.03.2020;
29.03.2020;
30.03.2020;
31.03.2020;
1.04.2020;
2.04.2020;
3.04.2020;
4.04.2020;
5.04.2020;
6.04.2020;
7.04.2020;
8.04.2020;
9.04.2020;
10.04.2020;
11.04.2020;
12.04.2020;
13.04.2020;
14.04.2020;
15.04.2020;
16.04.2020;
17.04.2020;
18.04.2020;
19.04.2020;
20.04.2020;
21.04.2020;
22.04.2020;
23.04.2020;
24.04.2020;
25.04.2020;
26.04.2020;
27.04.2020;
28.04.2020;
29.04.2020;
30.04.2020;
1.05.2020;
2.05.2020;
3.05.2020;
4.05.2020;
5.05.2020;
6.05.2020;
7.05.2020;
8.05.2020;
9.05.2020;
10.05.2020;
11.05.2020;
12.05.2020;
13.05.2020;
14.05.2020;
15.05.2020;
16.05.2020;
17.05.2020;
18.05.2020;
19.05.2020;
20.05.2020;
21.05.2020;
22.05.2020;
23.05.2020;
24.05.2020;
25.05.2020;
26.05.2020;
27.05.2020;
28.05.2020;
29.05.2020;
30.05.2020;
31.05.2020;
1.06.2020;
2.06.2020;
3.06.2020;
4.06.2020;
5.06.2020;
6.06.2020;
7.06.2020;
8.06.2020;
9.06.2020;
10.06.2020;
11.06.2020;
12.06.2020;
13.06.2020;
14.06.2020;
15.06.2020;
16.06.2020;
17.06.2020;
18.06.2020;
19.06.2020;
20.06.2020;
21.06.2020;
22.06.2020;
23.06.2020;
24.06.2020;
25.06.2020;
26.06.2020;
27.06.2020;
28.06.2020;
29.06.2020;
30.06.2020;
1.07.2020;
2.07.2020;
3.07.2020;
4.07.2020;
5.07.2020;
6.07.2020;
7.07.2020;
8.07.2020;
9.07.2020;
10.07.2020;
11.07.2020;
12.07.2020;
13.07.2020;
14.07.2020;
15.07.2020;
16.07.2020;
17.07.2020;
18.07.2020;
19.07.2020;
20.07.2020;
21.07.2020;
22.07.2020;
23.07.2020;
24.07.2020;
25.07.2020;
26.07.2020;
27.07.2020;
28.07.2020;
29.07.2020;
30.07.2020;
31.07.2020;
1.08.2020;
2.08.2020;
3.08.2020;
4.08.2020;
5.08.2020;
6.08.2020;
7.08.2020;
8.08.2020;
9.08.2020;
10.08.2020;
11.08.2020;
12.08.2020;
13.08.2020;
14.08.2020;
15.08.2020;
16.08.2020;
17.08.2020;
18.08.2020;
19.08.2020;
20.08.2020;
21.08.2020;
22.08.2020;
23.08.2020;
24.08.2020;
25.08.2020;
26.08.2020;
27.08.2020;
28.08.2020;
29.08.2020;
30.08.2020;
31.08.2020;
1.09.2020;
2.09.2020;
3.09.2020;
4.09.2020;
5.09.2020;
6.09.2020;
7.09.2020;
8.09.2020;
9.09.2020;
10.09.2020;
11.09.2020;
12.09.2020;
13.09.2020;
14.09.2020;
15.09.2020;
16.09.2020;
17.09.2020;
18.09.2020;
19.09.2020;
20.09.2020;
21.09.2020;
22.09.2020;
23.09.2020;
24.09.2020;
25.09.2020;
26.09.2020;
27.09.2020;
28.09.2020;
29.09.2020;
30.09.2020;
1.10.2020;0.000073
2.10.2020;0.00006
3.10.2020;0.00004
4.10.2020;0.000031
5.10.2020;0.000028
6.10.2020;0.000027
7.10.2020;0.000033
8.10.2020;0.000017
9.10.2020;0.000019
10.10.2020;0.000023
11.10.2020;0.000061
12.10.2020;0.000025
13.10.2020;0.00003
14.10.2020;0.000024
15.10.2020;0.000017
16.10.2020;0.000028
17.10.2020;0.000035
18.10.2020;0.000013
19.10.2020;0.000023
20.10.2020;0.000009
21.10.2020;0.00002
22.10.2020;0.000035
23.10.2020;0.000036
24.10.2020;0.00004
25.10.2020;0.000026
26.10.2020;0.00004
27.10.2020;0.000055
28.10.2020;0.000036
29.10.2020;0.00003
30.10.2020;0.000027
31.10.2020;0.000042
1.11.2020;0.000037
2.11.2020;0.000031
3.11.2020;0.000028
4.11.2020;0.00004
5.11.2020;0.000044
6.11.2020;0.000059
7.11.2020;0.000064
8.11.2020;0.000057
9.11.2020;0.000041
10.11.2020;0.000049
11.11.2020;0.000027
12.11.2020;0.000015
13.11.2020;0.000022
14.11.2020;0.000014
15.11.2020;0.000042
16.11.2020;0.00003
17.11.2020;0.000018
18.11.2020;0.000017
19.11.2020;0.000011
20.11.2020;0.00001
21.11.2020;0.000026
22.11.2020;0.00002
23.11.2020;0.000016
24.11.2020;0.000008
25.11.2020;0.000013
26.11.2020;0.000019
27.11.2020;0.000018
28.11.2020;0.00001
29.11.2020;0.000014
30.11.2020;0.000004
1.12.2020;0.000027
2.12.2020;0.000029
3.12.2020;0.000036
4.12.2020;0.000022
5.12.2020;0.000005
6.12.2020;0.000011
7.12.2020;0.000021
8.12.2020;0.000038
9.12.2020;0.000013
10.12.2020;0.000011
11.12.2020;0.000155
12.12.2020;0.000629
13.12.2020;0.004374
14.12.2020;0.66972
15.12.2020;0.424618
16.12.2020;0.176794
17.12.2020;0.128935
18.12.2020;0.075464
19.12.2020;0.004279
20.12.2020;0.000004
21.12.2020;0
22.12.2020;0
23.12.2020;0
24.12.2020;0
25.12.2020;0
26.12.2020;0
27.12.2020;0.000002
28.12.2020;0.000002
29.12.2020;0.000007
30.12.2020;0.000001
31.12.2020;0
1.01.2021;0.000001
2.01.2021;0.000001
3.01.2021;0
4.01.2021;0
5.01.2021;0.000001
6.01.2021;0.000001
7.01.2021;0
8.01.2021;0.000002
9.01.2021;0.000003
10.01.2021;0.000003
11.01.2021;0.000009
12.01.2021;0.000032
13.01.2021;0.018861
14.01.2021;1.167835
15.01.2021;0.545568
16.01.2021;1.50012
17.01.2021;2.079711
18.01.2021;0.933374
19.01.2021;0.502198
20.01.2021;0.314967
21.01.2021;0.21969
22.01.2021;0.192103
23.01.2021;0.170345
24.01.2021;0.154149
25.01.2021;0.144298
26.01.2021;2.478707
27.01.2021;2.759563
28.01.2021;2.855543
29.01.2021;1.349209
30.01.2021;1.468256
31.01.2021;10.019708
1.02.2021;3.079313
2.02.2021;2.077581
3.02.2021;1.708919
4.02.2021;1.363793
5.02.2021;1.0598
6.02.2021;0.826228
7.02.2021;0.676903
8.02.2021;0.58966
9.02.2021;0.535346
10.02.2021;0.517988
11.02.2021;0.451212
12.02.2021;0.41409
13.02.2021;0.374633
14.02.2021;0.332041
15.02.2021;0.328895
16.02.2021;0.357335
17.02.2021;0.340179
18.02.2021;0.306102
19.02.2021;0.259964
20.02.2021;0.249243
21.02.2021;0.241172
22.02.2021;0.223045
23.02.2021;0.225245
24.02.2021;0.22624
25.02.2021;0.227494
26.02.2021;0.232423
27.02.2021;0.237968
28.02.2021;0.247386
1.03.2021;0.255707
2.03.2021;0.239777
3.03.2021;0.232611
4.03.2021;0.241762
5.03.2021;0.265521
6.03.2021;0.272189
7.03.2021;0.292687
8.03.2021;0.308692
9.03.2021;0.310938
10.03.2021;0.300838
11.03.2021;0.376172
12.03.2021;0.735551
13.03.2021;0.523303
14.03.2021;0.435646
15.03.2021;0.452338
16.03.2021;2.360585
17.03.2021;3.43346
18.03.2021;2.917121
19.03.2021;2.175136
20.03.2021;2.089657
21.03.2021;2.228269
22.03.2021;2.624539
23.03.2021;3.699135
24.03.2021;4.275299
25.03.2021;2.721593
26.03.2021;2.070289
27.03.2021;1.706781
28.03.2021;1.602631
29.03.2021;1.764974
30.03.2021;2.040952
31.03.2021;1.805503
1.04.2021;1.675672
2.04.2021;1.72865
3.04.2021;1.745343
4.04.2021;1.707282
5.04.2021;1.565554
6.04.2021;1.413767
7.04.2021;1.224108
8.04.2021;1.039194
9.04.2021;0.867152
10.04.2021;0.755559
11.04.2021;0.661729
12.04.2021;0.60964
13.04.2021;0.628729
14.04.2021;0.712303
15.04.2021;0.733099
16.04.2021;0.65247
17.04.2021;0.591336
18.04.2021;0.542439
19.04.2021;0.515253
20.04.2021;0.472664
21.04.2021;0.441292
22.04.2021;0.399308
23.04.2021;0.379671
24.04.2021;0.354992
25.04.2021;0.35376
26.04.2021;0.3427
27.04.2021;0.323117
28.04.2021;0.305242
29.04.2021;0.293566
30.04.2021;0.289543
1.05.2021;0.273556
2.05.2021;0.257719
3.05.2021;0.257172
4.05.2021;0.249036
5.05.2021;0.238479
6.05.2021;0.224288
7.05.2021;0.203982
8.05.2021;0.191715
9.05.2021;0.176307
10.05.2021;0.175486
11.05.2021;0.162929
12.05.2021;0.157056
13.05.2021;0.148608
14.05.2021;0.13888
15.05.2021;0.140613
16.05.2021;0.133859
17.05.2021;0.128716
18.05.2021;0.113993
19.05.2021;0.107778
20.05.2021;0.105288
21.05.2021;0.102432
22.05.2021;0.09733
23.05.2021;0.089904
24.05.2021;0.085194
25.05.2021;0.077478
26.05.2021;0.071238
27.05.2021;0.065471
28.05.2021;0.060426
29.05.2021;0.051946
30.05.2021;0.05043
31.05.2021;0.047265
1.06.2021;0.044647
2.06.2021;0.053568
3.06.2021;0.052
4.06.2021;0.041219
5.06.2021;0.035602
6.06.2021;0.021464
7.06.2021;0.00001
8.06.2021;0.000002
9.06.2021;0.000029
10.06.2021;0.000074
11.06.2021;0
12.06.2021;0
13.06.2021;0.000001
14.06.2021;0.000074
15.06.2021;0.00002
16.06.2021;0.000002
17.06.2021;0.000001
18.06.2021;0
19.06.2021;-0.000001
20.06.2021;-0.000001
21.06.2021;-0.000002
22.06.2021;-0.000003
23.06.2021;-0.000004
24.06.2021;-0.000005
25.06.2021;-0.000006
26.06.2021;-0.000007
27.06.2021;-0.000007
28.06.2021;-0.000008
29.06.2021;-0.000009
30.06.2021;-0.00001
1.07.2021;-0.000011
2.07.2021;-0.000012
3.07.2021;-0.000013
4.07.2021;0
5.07.2021;0
6.07.2021;0.000003
7.07.2021;0.000001
8.07.2021;0.000001
9.07.2021;0.000003
10.07.2021;0
11.07.2021;0
12.07.2021;0
13.07.2021;0
14.07.2021;0
15.07.2021;0
16.07.2021;0.000001
17.07.2021;0.000002
18.07.2021;0.000002
19.07.2021;0.000001
20.07.2021;0.000005
21.07.2021;0.000005
22.07.2021;0.000014
23.07.2021;0.000008
24.07.2021;0.000007
25.07.2021;0.000005
26.07.2021;0.000007
27.07.2021;0.00001
28.07.2021;0.00002
29.07.2021;0.000018
30.07.2021;0.000017
31.07.2021;0.000025
1.08.2021;0.000018
2.08.2021;0.000009
3.08.2021;0.000017
4.08.2021;0.000008
5.08.2021;0.000009
6.08.2021;0.000004
7.08.2021;0.000005
8.08.2021;0.000006
9.08.2021;0.000002
10.08.2021;0.000001
11.08.2021;0.000005
12.08.2021;0.000009
13.08.2021;0.000021
14.08.2021;0.000009
15.08.2021;0.000003
16.08.2021;0.000002
17.08.2021;0.000005
18.08.2021;0.000008
19.08.2021;0.000006
20.08.2021;0.000012
21.08.2021;0.000013
22.08.2021;0.000007
23.08.2021;0.000005
24.08.2021;0.000012
25.08.2021;0.000015
26.08.2021;0.000021
27.08.2021;0.000006
28.08.2021;0.000017
29.08.2021;0.000021
30.08.2021;0.000012
31.08.2021;0.00001
1.09.2021;0.000004
2.09.2021;0.00001
3.09.2021;0.000008
4.09.2021;0.000002
5.09.2021;0.000003
6.09.2021;0.000002
7.09.2021;0.000007
8.09.2021;0.000004
9.09.2021;0.000005
10.09.2021;0.00001
11.09.2021;0.000029
12.09.2021;0.000017
13.09.2021;0.000007
14.09.2021;0.000015
15.09.2021;0.000026
16.09.2021;0.000019
17.09.2021;0.000032
18.09.2021;0.000012
19.09.2021;0.000005
20.09.2021;0.000001
21.09.2021;0.000004
22.09.2021;0.000014
23.09.2021;0.000008
24.09.2021;0.000003
25.09.2021;0.000001
26.09.2021;0.000004
27.09.2021;0.00001
28.09.2021;0.000009
29.09.2021;0.00002
30.09.2021;0.000016
1.10.2021;0.00001
2.10.2021;0.000012
3.10.2021;0.000011
4.10.2021;0.000016
5.10.2021;0.000011
6.10.2021;0.00001
7.10.2021;0.000007
8.10.2021;0.000009
9.10.2021;0.000004
10.10.2021;0.000017
11.10.2021;0.00001
12.10.2021;0.000011
13.10.2021;0.000004
14.10.2021;0.000009
15.10.2021;0.000019
16.10.2021;0.000038
17.10.2021;0.000041
18.10.2021;0.000019
19.10.2021;0.000021
20.10.2021;0.000019
21.10.2021;0.000019
22.10.2021;0.000007
23.10.2021;0.000003
24.10.2021;0.000011
25.10.2021;0.000033
26.10.2021;0.000033
27.10.2021;0.000011
28.10.2021;0.000013
29.10.2021;0.000012
30.10.2021;0.000013
31.10.2021;0.000061
1.11.2021;0.000048
2.11.2021;0.001265
3.11.2021;0.000019
4.11.2021;0.000027
5.11.2021;0.000024
6.11.2021;0.000022
7.11.2021;0.00001
8.11.2021;0.000005
9.11.2021;0.000011
10.11.2021;0.000013
11.11.2021;0.000002
12.11.2021;0.000003
13.11.2021;0.000001
14.11.2021;0.000002
15.11.2021;0.000004
16.11.2021;0.000003
17.11.2021;0.000006
18.11.2021;0.000008
19.11.2021;0.000008
20.11.2021;0.000009
21.11.2021;0.000019
22.11.2021;0.000006
23.11.2021;0.000027
24.11.2021;0.000019
25.11.2021;0.000023
26.11.2021;0.000027
27.11.2021;0.000703
28.11.2021;0.001454
29.11.2021;0.078571
30.11.2021;0.150345
1.12.2021;0.128333
2.12.2021;0.131077
3.12.2021;0.077827
4.12.2021;0.001757
5.12.2021;0.000035
6.12.2021;0.000022
7.12.2021;0.000311
8.12.2021;1.055998
9.12.2021;0.946222
10.12.2021;0.408585
11.12.2021;0.287473
12.12.2021;0.253448
13.12.2021;0.217647
14.12.2021;0.191391
15.12.2021;0.608624
16.12.2021;0.670099
17.12.2021;0.508067
18.12.2021;0.433775
19.12.2021;0.404886
20.12.2021;0.391829
21.12.2021;0.359951
22.12.2021;0.362243
23.12.2021;0.362038
24.12.2021;0.378556
25.12.2021;0.357275
26.12.2021;0.272647
27.12.2021;0.272787
28.12.2021;0.654723
29.12.2021;1.132302
30.12.2021;1.089867
31.12.2021;1.082255
1.01.2022;1.305842
2.01.2022;1.060849
3.01.2022;1.111354
4.01.2022;0.882353
5.01.2022;0.731779
6.01.2022;0.823292
7.01.2022;1.154825
8.01.2022;1.1107
9.01.2022;1.324302
10.01.2022;2.059496
11.01.2022;3.389909
12.01.2022;4.646266
13.01.2022;2.918168
14.01.2022;2.015093
15.01.2022;1.542756
16.01.2022;1.173227
17.01.2022;0.934361
18.01.2022;0.760508
19.01.2022;0.660585
20.01.2022;0.609708
21.01.2022;0.552829
22.01.2022;0.701504
23.01.2022;1.873045
24.01.2022;1.049488
25.01.2022;0.800044
26.01.2022;0.688241
27.01.2022;0.589709
28.01.2022;0.6223
29.01.2022;0.585228
30.01.2022;0.445937
31.01.2022;0.415971
1.02.2022;0.388444
2.02.2022;0.481038
3.02.2022;1.409464
4.02.2022;1.38869
5.02.2022;1.037557
6.02.2022;0.849782
7.02.2022;0.780719
8.02.2022;2.491329
9.02.2022;11.515383
10.02.2022;3.620774
11.02.2022;2.189747
12.02.2022;1.749413
13.02.2022;1.571557
14.02.2022;1.417162
15.02.2022;1.272179
16.02.2022;1.134955
17.02.2022;1.063513
18.02.2022;1.014416
19.02.2022;1.016242
20.02.2022;0.899259
21.02.2022;1.050094
22.02.2022;2.993719
23.02.2022;4.434069
24.02.2022;4.625164
25.02.2022;4.299878
26.02.2022;2.810762
27.02.2022;2.401307
28.02.2022;3.891652
1.03.2022;8.239757
2.03.2022;8.28869
3.03.2022;16.332484
4.03.2022;5.463148
5.03.2022;3.760137
6.03.2022;2.857607
7.03.2022;2.359014
8.03.2022;3.378895
9.03.2022;3.131196
10.03.2022;2.591148
11.03.2022;2.228786
12.03.2022;1.960766
13.03.2022;1.740534
14.03.2022;1.482061
15.03.2022;1.257103
16.03.2022;1.129043
17.03.2022;1.011219
18.03.2022;0.9424
19.03.2022;0.879523
20.03.2022;0.796078
21.03.2022;0.714013
22.03.2022;0.66675
23.03.2022;0.614789
24.03.2022;0.588334
25.03.2022;0.57488
26.03.2022;0.594914
27.03.2022;0.66071
28.03.2022;0.860968
29.03.2022;1.216317
30.03.2022;1.459894
31.03.2022;2.086567
1.04.2022;2.64143
2.04.2022;4.903857
3.04.2022;5.825223
4.04.2022;6.096724
5.04.2022;6.270721
6.04.2022;6.15185
7.04.2022;5.023543
8.04.2022;5.543934
9.04.2022;4.808574
10.04.2022;4.532416
11.04.2022;4.151628
12.04.2022;3.207335
13.04.2022;2.292581
14.04.2022;2.004454
15.04.2022;1.897475
16.04.2022;1.858805
17.04.2022;1.883398
18.04.2022;2.155443
19.04.2022;2.406875
20.04.2022;2.145369
21.04.2022;1.81801
22.04.2022;1.611941
23.04.2022;1.526966
24.04.2022;1.436306
25.04.2022;1.274162
26.04.2022;1.157771
27.04.2022;0.988817
28.04.2022;0.863715
29.04.2022;0.782896
30.04.2022;0.725812
1.05.2022;0.664415
2.05.2022;0.589063
3.05.2022;0.546482
4.05.2022;0.492183
5.05.2022;0.474572
6.05.2022;0.433612
7.05.2022;0.388495
8.05.2022;0.372425
9.05.2022;0.334888
10.05.2022;0.314309
11.05.2022;0.310916
12.05.2022;0.288114
13.05.2022;0.27202
14.05.2022;0.268678
15.05.2022;0.276806
16.05.2022;0.307083
17.05.2022;0.283895
18.05.2022;0.281098
19.05.2022;0.270628
20.05.2022;0.288528
21.05.2022;0.270479
22.05.2022;0.257883
23.05.2022;0.247545
24.05.2022;0.238853
25.05.2022;0.224613
26.05.2022;0.212725
27.05.2022;0.203842
28.05.2022;0.192903
29.05.2022;0.182237
30.05.2022;0.179604
31.05.2022;0.167285
1.06.2022;0.154416
2.06.2022;0.145692
3.06.2022;0.133759
4.06.2022;0.124459
5.06.2022;0.122265
6.06.2022;0.137554
7.06.2022;0.206786
8.06.2022;0.402252
9.06.2022;0.259829
10.06.2022;0.220799
11.06.2022;0.197721
12.06.2022;0.20068
13.06.2022;0.180621
14.06.2022;0.250457
15.06.2022;0.235162
16.06.2022;0.210237
17.06.2022;0.191517
18.06.2022;0.174391
19.06.2022;0.165284
20.06.2022;0.148848
21.06.2022;0.134221
22.06.2022;0.128515
23.06.2022;0.121187
24.06.2022;0.116395
25.06.2022;0.11446
26.06.2022;0.110362
27.06.2022;0.101619
28.06.2022;0.098289
29.06.2022;0.092922
30.06.2022;0.094615
1.07.2022;0.085951
2.07.2022;0.077543
3.07.2022;0.075605
4.07.2022;0.067271
5.07.2022;0.05802
6.07.2022;0.05134
7.07.2022;0.040958
8.07.2022;0.039189
9.07.2022;0.03496
10.07.2022;0.028547
11.07.2022;0.001898
12.07.2022;0.000029
13.07.2022;0.000042
14.07.2022;0.000039
15.07.2022;0.000039
16.07.2022;0.000044
17.07.2022;0.000061
18.07.2022;0.000049
19.07.2022;0.000051
20.07.2022;0.000039
21.07.2022;0.000032
22.07.2022;0.000031
23.07.2022;0.00003
24.07.2022;0.000025
25.07.2022;0.000022
26.07.2022;0.000016
27.07.2022;0.000019
28.07.2022;0.000034
29.07.2022;0.000043
30.07.2022;0.000037
31.07.2022;0.000061
1.08.2022;0.000061
2.08.2022;0.000042
3.08.2022;0.000033
4.08.2022;0.000035
5.08.2022;0.000054
6.08.2022;0.000057
7.08.2022;0.000022
8.08.2022;0.000009
9.08.2022;0.000017
10.08.2022;0.000019
11.08.2022;0.000011
12.08.2022;0.000006
13.08.2022;0.000009
14.08.2022;0.000008
15.08.2022;0.000005
16.08.2022;0.00001
17.08.2022;0.000015
18.08.2022;0.00003
19.08.2022;0.000009
20.08.2022;0.000014
21.08.2022;0.000019
22.08.2022;0.00004
23.08.2022;0.000034
24.08.2022;0.000035
25.08.2022;0.000013
26.08.2022;0.000003
27.08.2022;0.000006
28.08.2022;0.000007
29.08.2022;0.000012
30.08.2022;0.000008
31.08.2022;0.000006
1.09.2022;0.000005
2.09.2022;0.000002
3.09.2022;0.000005
4.09.2022;0.000005
5.09.2022;0.000003
6.09.2022;0.000004
7.09.2022;0.000006
8.09.2022;0.000009
9.09.2022;0.000019
10.09.2022;0.000027
11.09.2022;0.000029
12.09.2022;0.000026
13.09.2022;0.000015
14.09.2022;0.000005
15.09.2022;0.000008
16.09.2022;0.00002
17.09.2022;0.000017
18.09.2022;0.000027
19.09.2022;0.000026
20.09.2022;0.000028
21.09.2022;0.000023
22.09.2022;0.000023
23.09.2022;0.000026
24.09.2022;0.000008
25.09.2022;0.000014
26.09.2022;0.000026
27.09.2022;0.000017
28.09.2022;0.000014
29.09.2022;0.000006
30.09.2022;0.000007
1.10.2022;0.000009
2.10.2022;0.000009
3.10.2022;0.000026
4.10.2022;0.000012
5.10.2022;0.000009
6.10.2022;0.000006
7.10.2022;0.000002
8.10.2022;0.000005
9.10.2022;0.000005
10.10.2022;0.000002
11.10.2022;0.000008
12.10.2022;0.00001
13.10.2022;0.000022
14.10.2022;0.000016
15.10.2022;0.00001
16.10.2022;0.000013
17.10.2022;0.000007
18.10.2022;0.000006
19.10.2022;0.000004
20.10.2022;0.000005
21.10.2022;0.000015
22.10.2022;0.000005
23.10.2022;0.000061
24.10.2022;0.000061
25.10.2022;0.000006
26.10.2022;0
27.10.2022;0.000006
28.10.2022;0.000005
29.10.2022;0.000003
30.10.2022;0.000001
31.10.2022;0.000003
1.11.2022;0.000002
2.11.2022;0.000006
3.11.2022;0.000004
4.11.2022;0.000006
5.11.2022;0.000003
6.11.2022;0.000004
7.11.2022;0.000017
8.11.2022;0.00001
9.11.2022;0.000002
10.11.2022;0.000001
11.11.2022;0.000001
12.11.2022;0.000001
13.11.2022;0.000008
14.11.2022;0.000001
15.11.2022;0.000001
16.11.2022;0.000003
17.11.2022;0.000003
18.11.2022;0.000006
19.11.2022;0.000006
20.11.2022;0.000004
21.11.2022;0.000008
22.11.2022;0.00002
23.11.2022;0.000002
24.11.2022;0.000006
25.11.2022;0.000005
26.11.2022;0.000002
27.11.2022;0.000001
28.11.2022;0
29.11.2022;0.000001
30.11.2022;0.000007
1.12.2022;0.000006
2.12.2022;0.000012
3.12.2022;0.000002
4.12.2022;0.000007
5.12.2022;0.000008
6.12.2022;0.000005
7.12.2022;0.000006
8.12.2022;0.000003
9.12.2022;0.000004
10.12.2022;0
11.12.2022;0.000002
12.12.2022;0.000009
13.12.2022;0.000005
14.12.2022;0.257134
15.12.2022;0.412188
16.12.2022;0.134891
17.12.2022;0.089803
18.12.2022;0.063964
19.12.2022;0.032
20.12.2022;0.000001
21.12.2022;0
22.12.2022;0
23.12.2022;0
24.12.2022;0
25.12.2022;0
26.12.2022;0
27.12.2022;0
28.12.2022;0
29.12.2022;0.000001
30.12.2022;0
31.12.2022;0.000002
1.01.2023;0.000003
2.01.2023;0.000004
3.01.2023;0.00001
4.01.2023;0.000017
5.01.2023;0.000012
6.01.2023;0.000011
7.01.2023;0.000005
8.01.2023;0.000007
9.01.2023;0.000004
10.01.2023;0.000008
11.01.2023;0.000028
12.01.2023;0.000007
13.01.2023;0.000008
14.01.2023;0.000004
15.01.2023;0.000008
16.01.2023;0.000019
17.01.2023;0.000005
18.01.2023;0.000007
19.01.2023;0.000004
20.01.2023;0.000013
21.01.2023;0.000006
22.01.2023;0.000012
23.01.2023;0.000029
24.01.2023;0.000015
25.01.2023;0.000037
26.01.2023;0.000024
27.01.2023;0.000057
28.01.2023;0.000003
29.01.2023;0
30.01.2023;0.000002
31.01.2023;0
1.02.2023;0
2.02.2023;0.000004
3.02.2023;0.000011
4.02.2023;0.000001
5.02.2023;0
6.02.2023;0
7.02.2023;0.000001
8.02.2023;0.000036
9.02.2023;0.000134
10.02.2023;0.000006
11.02.2023;0.000009
12.02.2023;0.000271
13.02.2023;0.000898
14.02.2023;0.000506
15.02.2023;0.000206
16.02.2023;0.00002
17.02.2023;0.000165
18.02.2023;0.000084
19.02.2023;0.000029
20.02.2023;0.000006
21.02.2023;0.000009
22.02.2023;0.000002
23.02.2023;0.000003
24.02.2023;0.000006
25.02.2023;0.000023
26.02.2023;0.078168
27.02.2023;0.175941
28.02.2023;0.205451
1.03.2023;0.250457
2.03.2023;0.27835
3.03.2023;0.270777
4.03.2023;0.248595
5.03.2023;0.226372
6.03.2023;0.227273
7.03.2023;0.234999
8.03.2023;0.214567
9.03.2023;0.188367
10.03.2023;0.166606
11.03.2023;0.14929
12.03.2023;0.603677
13.03.2023;2.981352
14.03.2023;1.919334
15.03.2023;1.613293
16.03.2023;1.756518
17.03.2023;2.272717
18.03.2023;2.75045
19.03.2023;1.983913
20.03.2023;1.686784
21.03.2023;1.411732
22.03.2023;1.179761
23.03.2023;1.161473
24.03.2023;1.247624
25.03.2023;1.019854
26.03.2023;0.79297
27.03.2023;0.644562
28.03.2023;0.631466
29.03.2023;1.091384
30.03.2023;1.074309
31.03.2023;0.839551
1.04.2023;0.699294
2.04.2023;0.576217
3.04.2023;0.507946
4.04.2023;0.466813
5.04.2023;0.508668
6.04.2023;0.6057
7.04.2023;1.900127
8.04.2023;1.784027
9.04.2023;1.21402
10.04.2023;0.957359
11.04.2023;1.142758
12.04.2023;0.946041
13.04.2023;0.812596
14.04.2023;0.69585
15.04.2023;0.604688
16.04.2023;0.526097
17.04.2023;0.442759
18.04.2023;0.387702
19.04.2023;0.334751
20.04.2023;0.322438
21.04.2023;0.29536
22.04.2023;0.264219
23.04.2023;0.249327
24.04.2023;0.23289
25.04.2023;0.222426
26.04.2023;0.208745
27.04.2023;0.637207
28.04.2023;2.320975
29.04.2023;1.699143
30.04.2023;1.0749
1.05.2023;0.787782
2.05.2023;0.62752
3.05.2023;0.516012
4.05.2023;0.431976
5.05.2023;0.388684
6.05.2023;0.413368
7.05.2023;0.396367
8.05.2023;0.423444
9.05.2023;0.358934
10.05.2023;0.335573
11.05.2023;0.295612
12.05.2023;0.289097
13.05.2023;0.267456
14.05.2023;0.249102
15.05.2023;0.247583
16.05.2023;0.236739
17.05.2023;0.218008
18.05.2023;0.213089
19.05.2023;0.205104
20.05.2023;0.190201
21.05.2023;0.174912
22.05.2023;0.164968
23.05.2023;0.164196
24.05.2023;0.162064
25.05.2023;0.15294
26.05.2023;0.143493
27.05.2023;0.137694
28.05.2023;0.131829
29.05.2023;0.153636
30.05.2023;0.329979
31.05.2023;0.272747
1.06.2023;0.243285
2.06.2023;0.231974
3.06.2023;0.207193
4.06.2023;0.192951
5.06.2023;0.190107
6.06.2023;0.185011
7.06.2023;0.17088
8.06.2023;0.168342
9.06.2023;0.157354
10.06.2023;0.14921
11.06.2023;0.136781
12.06.2023;0.131496
13.06.2023;0.127431
14.06.2023;0.161259
15.06.2023;0.322037
16.06.2023;0.288352
17.06.2023;0.253011
18.06.2023;0.244229
19.06.2023;0.210607
20.06.2023;0.191857
21.06.2023;0.18174
22.06.2023;0.162022
23.06.2023;0.151757
24.06.2023;0.135645
25.06.2023;0.124983
26.06.2023;0.118651
27.06.2023;0.117445
28.06.2023;0.113674
29.06.2023;0.104486
30.06.2023;0.100592
1.07.2023;0.092917
2.07.2023;0.085527
3.07.2023;0.075084
4.07.2023;0.075828
5.07.2023;0.073686
6.07.2023;0.068363
7.07.2023;0.074116
8.07.2023;0.067572
9.07.2023;0.064796
10.07.2023;0.067168
11.07.2023;0.061893
12.07.2023;0.01124
13.07.2023;0.000019
14.07.2023;0.000034
15.07.2023;0.000047
16.07.2023;0.000061
17.07.2023;0.000039
18.07.2023;0.000016
19.07.2023;0.00005
20.07.2023;0.000058
21.07.2023;0.000018
22.07.2023;0.000023
23.07.2023;0.000037
24.07.2023;0.000036
25.07.2023;0.00008
26.07.2023;0.000018
27.07.2023;0.000032
28.07.2023;0.000036
29.07.2023;0.000019
30.07.2023;0.000036
31.07.2023;0.000026
1.08.2023;0.000023
2.08.2023;0.000024
3.08.2023;0.000056
4.08.2023;0.000023
5.08.2023;0.000013
6.08.2023;0.000025
7.08.2023;0.000007
8.08.2023;0.000065
9.08.2023;0.000056
10.08.2023;0.000049
11.08.2023;0.000034
12.08.2023;0.00004
13.08.2023;0.000049
14.08.2023;0.000041
15.08.2023;0.000051
16.08.2023;0.000036
17.08.2023;0.0001
18.08.2023;0.000066
19.08.2023;0.000033
20.08.2023;0.000012
21.08.2023;0.000024
22.08.2023;0.000003
23.08.2023;0.000024
24.08.2023;0.000007
25.08.2023;0.000019
26.08.2023;0.00002
27.08.2023;0.000008
28.08.2023;0.000004
29.08.2023;0.000004
30.08.2023;0.000005
31.08.2023;0.000007
1.09.2023;0.000002
2.09.2023;0.000022
3.09.2023;0.000006
4.09.2023;0.000006
5.09.2023;0.000007
6.09.2023;0.000014
7.09.2023;0.000036
8.09.2023;0.00002
9.09.2023;0.000018
10.09.2023;0.00001
11.09.2023;0.000013
12.09.2023;0.000014
13.09.2023;0.000012
14.09.2023;0.000017
15.09.2023;0.000009
16.09.2023;0.000022
17.09.2023;0.000007
18.09.2023;0.000006
19.09.2023;0.00001
20.09.2023;0.000027
21.09.2023;0.000023
22.09.2023;0.000036
23.09.2023;0.000006
24.09.2023;0.000025
25.09.2023;0.000025
26.09.2023;0.000029
27.09.2023;0.000016
28.09.2023;0.000046
29.09.2023;0.000048
30.09.2023;0.000043
1.10.2023;0.000033
2.10.2023;0.000042
3.10.2023;0.000035
4.10.2023;0.000043
5.10.2023;0.000042
6.10.2023;0.000062
7.10.2023;0.000027
8.10.2023;0.00002
9.10.2023;0.000018
10.10.2023;0.000014
11.10.2023;0.000015
12.10.2023;0.000012
13.10.2023;0.000019
14.10.2023;0.000039
15.10.2023;0.000019
16.10.2023;0.000015
17.10.2023;0.000016
18.10.2023;0.000012
19.10.2023;0.000023
20.10.2023;0.000023
21.10.2023;0.000024
22.10.2023;0.000012
23.10.2023;0.000011
24.10.2023;0.00001
25.10.2023;0.000009
26.10.2023;0.000011
27.10.2023;0.000007
28.10.2023;0.000014
29.10.2023;0.00004
30.10.2023;0.000047
31.10.2023;0.000091
1.11.2023;0.00003
2.11.2023;0.000028
3.11.2023;0.000033
4.11.2023;0.000018
5.11.2023;0.000007
6.11.2023;0.000004
7.11.2023;0.00003
8.11.2023;0.000017
9.11.2023;0.000038
10.11.2023;0.220183
11.11.2023;0.343609
12.11.2023;0.162545
13.11.2023;0.211561
14.11.2023;0.310997
15.11.2023;0.218843
16.11.2023;0.322778
17.11.2023;0.272644
18.11.2023;0.511747
19.11.2023;0.388679
20.11.2023;0.063174
21.11.2023;0.138692
22.11.2023;0.312663
23.11.2023;0.261294
24.11.2023;0.184545
25.11.2023;0.549978
26.11.2023;3.132703
27.11.2023;2.562229
28.11.2023;0.907328
29.11.2023;0.503243
30.11.2023;1.092179
1.12.2023;0.851759
2.12.2023;0.496931
3.12.2023;0.337461
4.12.2023;0.281307
5.12.2023;0.241979
6.12.2023;0.223208
7.12.2023;0.221837
8.12.2023;0.881224
9.12.2023;4.090622
10.12.2023;3.126145
11.12.2023;2.183582
12.12.2023;2.084909
13.12.2023;1.506186
14.12.2023;1.04132
15.12.2023;0.815332
16.12.2023;0.694012
17.12.2023;0.718161
18.12.2023;0.615364
19.12.2023;0.526891
20.12.2023;0.470151
21.12.2023;0.440834
22.12.2023;0.659463
23.12.2023;1.758496
24.12.2023;1.169183
25.12.2023;0.843007
26.12.2023;0.68729
27.12.2023;0.571029
28.12.2023;0.504625
29.12.2023;0.429698
30.12.2023;0.376844
31.12.2023;0.337398
1.01.2024;0.301742
2.01.2024;0.289478
3.01.2024;0.264906
4.01.2024;0.273781
5.01.2024;0.283635
6.01.2024;0.277304
7.01.2024;0.261752
8.01.2024;0.392173
9.01.2024;0.699578
10.01.2024;1.967788
11.01.2024;1.555895
12.01.2024;1.251467
13.01.2024;0.986028
14.01.2024;0.800516
15.01.2024;0.672704
16.01.2024;3.16156
17.01.2024;8.447917
18.01.2024;3.221563
19.01.2024;2.54555
20.01.2024;2.748081
21.01.2024;3.667791
22.01.2024;3.751882
23.01.2024;2.604558
24.01.2024;1.964952
25.01.2024;1.614964
26.01.2024;1.310172
27.01.2024;1.05669
28.01.2024;0.901952
29.01.2024;0.812158
30.01.2024;0.731298
31.01.2024;0.631317
1.02.2024;0.589573
2.02.2024;0.540878
3.02.2024;0.5
4.02.2024;0.471164
5.02.2024;0.46557
6.02.2024;0.434651
7.02.2024;0.434354
8.02.2024;0.470696
9.02.2024;0.671149
10.02.2024;0.917076
11.02.2024;0.787154
12.02.2024;0.701273
13.02.2024;0.658983
14.02.2024;0.673191
15.02.2024;0.929026
16.02.2024;1.067402
17.02.2024;0.961081
18.02.2024;0.849735
19.02.2024;0.749773
20.02.2024;0.68159
21.02.2024;0.609126
22.02.2024;0.580389
23.02.2024;0.524221
24.02.2024;0.483743
25.02.2024;0.44031
26.02.2024;0.418666
27.02.2024;0.388565
28.02.2024;0.364546
29.02.2024;0.351589
1.03.2024;0.326168
2.03.2024;0.317732
3.03.2024;0.317549
4.03.2024;0.289594
5.03.2024;0.290691
6.03.2024;0.577642
7.03.2024;0.725068
8.03.2024;0.612148
9.03.2024;0.607299
10.03.2024;0.541048
11.03.2024;0.49203
12.03.2024;0.468673
13.03.2024;0.42427
14.03.2024;0.395732
15.03.2024;0.376098
16.03.2024;0.388634
17.03.2024;0.36428
18.03.2024;0.35042
19.03.2024;0.331597
20.03.2024;0.321964
21.03.2024;0.361164
22.03.2024;0.336511
23.03.2024;0.320611
24.03.2024;0.31142
25.03.2024;0.302216
26.03.2024;0.914133
27.03.2024;0.757598
28.03.2024;0.606751
29.03.2024;0.512309
30.03.2024;0.438891
31.03.2024;0.399663
1.04.2024;0.36448
2.04.2024;0.322026
3.04.2024;0.300384
4.04.2024;0.285746
5.04.2024;0.269514
6.04.2024;0.258515
7.04.2024;0.248691
8.04.2024;0.228099
9.04.2024;0.223258
10.04.2024;0.2213
11.04.2024;0.215203
12.04.2024;0.205835
13.04.2024;0.194418
14.04.2024;0.191727
15.04.2024;0.17909
16.04.2024;0.16596
17.04.2024;0.163319
18.04.2024;0.149241
19.04.2024;0.138262
20.04.2024;0.137498
21.04.2024;0.18567
22.04.2024;0.174378
23.04.2024;0.161426
24.04.2024;0.145373
25.04.2024;0.132718
26.04.2024;0.129437
27.04.2024;0.123096
28.04.2024;0.116787
29.04.2024;0.109827
30.04.2024;0.10816
1.05.2024;0.102857
2.05.2024;0.103556
3.05.2024;0.104014
4.05.2024;0.099611
5.05.2024;0.091806
6.05.2024;0.094115
7.05.2024;0.090202
8.05.2024;0.088312
9.05.2024;0.080528
10.05.2024;0.073775
11.05.2024;0.069889
12.05.2024;0.078561
13.05.2024;0.079024
14.05.2024;0.077895
15.05.2024;0.075893
16.05.2024;0.069531
17.05.2024;0.058165
18.05.2024;0.059021
19.05.2024;0.049712
20.05.2024;0.039854
21.05.2024;0.008311
22.05.2024;0.000083
23.05.2024;0.000112
24.05.2024;0.00008
25.05.2024;0.00004
26.05.2024;0.000031
27.05.2024;0.000099
28.05.2024;0.000033
29.05.2024;0.000057
30.05.2024;0.000067
31.05.2024;0.000005
1.06.2024;0.00002
2.06.2024;0.000019
3.06.2024;0.000036
4.06.2024;0.000078
5.06.2024;0.000091
6.06.2024;0.00011
7.06.2024;0.000135
8.06.2024;0.000142
9.06.2024;0.000214
10.06.2024;0.000149
11.06.2024;0.000074
12.06.2024;0.000055
13.06.2024;0.000081
14.06.2024;0.000059
15.06.2024;0.000081
16.06.2024;0.000037
17.06.2024;0.000095
18.06.2024;0.000144
19.06.2024;0.000134
20.06.2024;0.000102
21.06.2024;0.000051
22.06.2024;0.000055
23.06.2024;0.000089
24.06.2024;0.000037
25.06.2024;0.000017
26.06.2024;0.000161
27.06.2024;0.000098
28.06.2024;0.000099
29.06.2024;0.000038
30.06.2024;0.000029
1.07.2024;0.000081
2.07.2024;0.000038
3.07.2024;0.00003
4.07.2024;0.000004
5.07.2024;0.000048
6.07.2024;0.000021
7.07.2024;0.000047
8.07.2024;0.000087
9.07.2024;0.000072
10.07.2024;0.000036
11.07.2024;0.000088
12.07.2024;0.000039
13.07.2024;0.000014
14.07.2024;0.000023
15.07.2024;0.000074
16.07.2024;0.000057
17.07.2024;0.000025
18.07.2024;0.000018
19.07.2024;0.000004
20.07.2024;0.000063
21.07.2024;0.000052
22.07.2024;0.000027
23.07.2024;0.000007
24.07.2024;0.000033
25.07.2024;0.000077
26.07.2024;0.000086
27.07.2024;0.000044
28.07.2024;0.000125
29.07.2024;0.000044
30.07.2024;0.000045
31.07.2024;0.000142
1.08.2024;0.000066
2.08.2024;0.000132
3.08.2024;0.00006
4.08.2024;0.000029
5.08.2024;0.000082
6.08.2024;0.000053
7.08.2024;0.0001
8.08.2024;0.000098
9.08.2024;0.00007
10.08.2024;0.000147
11.08.2024;0.00011
12.08.2024;0.000143
13.08.2024;0.000086
14.08.2024;0.000068
15.08.2024;0.000028
16.08.2024;0.000049
17.08.2024;0.000096
18.08.2024;0.000071
19.08.2024;0.000028
20.08.2024;0.000027
21.08.2024;0.000089
22.08.2024;0.000132
23.08.2024;0.000155
24.08.2024;0.000101
25.08.2024;0.000141
26.08.2024;0.000269
27.08.2024;0.000225
28.08.2024;0.000094
29.08.2024;0.000154
30.08.2024;0.000282
31.08.2024;0.000271
1.09.2024;0.000164
2.09.2024;0.000125
3.09.2024;0.00015
4.09.2024;0.00009
5.09.2024;0.000132
6.09.2024;0.000077
7.09.2024;0.00007
8.09.2024;0.000152
9.09.2024;0.00011
10.09.2024;0.000152
11.09.2024;0.000144
12.09.2024;0.000062
13.09.2024;0.000079
14.09.2024;0.000087
15.09.2024;0.000037
16.09.2024;0.00004
17.09.2024;0.000019
18.09.2024;0.000056
19.09.2024;0.000033
20.09.2024;0.00009
21.09.2024;0.00009
22.09.2024;0.00003
23.09.2024;0.000066
24.09.2024;0.000078
25.09.2024;0.000061
26.09.2024;0.000037
27.09.2024;0.000048
28.09.2024;0.000021
29.09.2024;0.000035
30.09.2024;0.000003
1.10.2024;0.000061
2.10.2024;0.000042
3.10.2024;0.000055
4.10.2024;0.000032
5.10.2024;0.000048
6.10.2024;0.000021
7.10.2024;0.000012
8.10.2024;0.000033
9.10.2024;0.000017
10.10.2024;0.000062
11.10.2024;0.00004
12.10.2024;0.000069
13.10.2024;0.000049
14.10.2024;0.000035
15.10.2024;0.00007
16.10.2024;0.000049
17.10.2024;0.000104
18.10.2024;0.000042
19.10.2024;0.000041
20.10.2024;0.000031
21.10.2024;0.000028
22.10.2024;0.000011
23.10.2024;0.00003
24.10.2024;0.000022
25.10.2024;0.000079
26.10.2024;0.000062
27.10.2024;0.00011
28.10.2024;0.000058
29.10.2024;0.000049
30.10.2024;0.000031
31.10.2024;0.000056
1.11.2024;0.00002
2.11.2024;0.000025
3.11.2024;0.000057
4.11.2024;0.000082
5.11.2024;0.000043
6.11.2024;0.000028
7.11.2024;0.000027
8.11.2024;0.000012
9.11.2024;0.000031
10.11.2024;0.00002
11.11.2024;0.000068
12.11.2024;0.000075
13.11.2024;0.000032
14.11.2024;0.000052
15.11.2024;0.000082
16.11.2024;0.000084
17.11.2024;0.000396
18.11.2024;0.000155
19.11.2024;0.000114
20.11.2024;0.000091
21.11.2024;0.000152
22.11.2024;0.00018
23.11.2024;1.125585
24.11.2024;1.124782
25.11.2024;0.493473
26.11.2024;0.309974
27.11.2024;0.24136
28.11.2024;0.18375
29.11.2024;0.139176
30.11.2024;0.107067
1.12.2024;0.087926
2.12.2024;0.077665
3.12.2024;0.080007
4.12.2024;1.942538
5.12.2024;2.12158
6.12.2024;1.332637
7.12.2024;0.790804
8.12.2024;0.766423
9.12.2024;0.670276
10.12.2024;0.513049
11.12.2024;0.391408
12.12.2024;0.334238
13.12.2024;0.292776
14.12.2024;0.257013
15.12.2024;0.228149
16.12.2024;0.502025
17.12.2024;0.702371
18.12.2024;0.535206
19.12.2024;0.425953
20.12.2024;0.342365
21.12.2024;0.527476
22.12.2024;3.651115
23.12.2024;2.077661
24.12.2024;1.627884
25.12.2024;4.333195
26.12.2024;3.177577
27.12.2024;2.153043
28.12.2024;1.835748
29.12.2024;1.451201
30.12.2024;1.462978
31.12.2024;1.239073
1.01.2025;1.013879
2.01.2025;0.842224
3.01.2025;0.709485
4.01.2025;0.632533
5.01.2025;0.596679
6.01.2025;0.576492
7.01.2025;0.53066
8.01.2025;0.481764
9.01.2025;0.43569
10.01.2025;0.40185
11.01.2025;0.384083
12.01.2025;0.35675
13.01.2025;0.332413
14.01.2025;0.342685
15.01.2025;0.335626
16.01.2025;0.373054
17.01.2025;0.335121
18.01.2025;0.309193
19.01.2025;0.304352
20.01.2025;0.287867
21.01.2025;0.281307
22.01.2025;0.266874
23.01.2025;0.271227
24.01.2025;0.297443
25.01.2025;0.307155
26.01.2025;0.308833
27.01.2025;0.303223
28.01.2025;0.289536
29.01.2025;0.282611
30.01.2025;0.269569
31.01.2025;0.263054
1.02.2025;0.252857
2.02.2025;0.238538
3.02.2025;0.230344
4.02.2025;0.225868
5.02.2025;0.22013
6.02.2025;0.201846
7.02.2025;0.194463
8.02.2025;0.194869
9.02.2025;0.187822
10.02.2025;0.185626
11.02.2025;0.171696
12.02.2025;0.165022
13.02.2025;0.151044
14.02.2025;0.156772
15.02.2025;0.161065
16.02.2025;0.161386
17.02.2025;0.174925
18.02.2025;0.190079
19.02.2025;0.225769
20.02.2025;0.254717
21.02.2025;0.275846
22.02.2025;0.276967
23.02.2025;0.264142
24.02.2025;0.255196
25.02.2025;0.23599
26.02.2025;0.229095
27.02.2025;0.212765
28.02.2025;0.205741
1.03.2025;0.200282
2.03.2025;0.190746
3.03.2025;0.194373
4.03.2025;0.189015
5.03.2025;0.195275
6.03.2025;0.189192
7.03.2025;0.182405
8.03.2025;0.188043
9.03.2025;0.17832
10.03.2025;0.177937
11.03.2025;0.17203
12.03.2025;0.172406
13.03.2025;0.169908
14.03.2025;0.176109
15.03.2025;0.16871
16.03.2025;0.169205
17.03.2025;0.163602
18.03.2025;0.162955
19.03.2025;0.151623
20.03.2025;0.138408
21.03.2025;0.14094
22.03.2025;0.134538
23.03.2025;0.14142
24.03.2025;0.177085
25.03.2025;0.202353
26.03.2025;0.22013
27.03.2025;0.214915
28.03.2025;0.202908
29.03.2025;0.192129
30.03.2025;0.173831
31.03.2025;0.172657
1.04.2025;0.178235
2.04.2025;0.184534
3.04.2025;0.383602
4.04.2025;0.430214
5.04.2025;0.534868
6.04.2025;1.057204
7.04.2025;0.775524
8.04.2025;0.587068
9.04.2025;0.550959
10.04.2025;0.560721
11.04.2025;0.665339
12.04.2025;0.678946
13.04.2025;0.626839
14.04.2025;0.55492
15.04.2025;0.49011
16.04.2025;0.430583
17.04.2025;0.388288
18.04.2025;0.347249
19.04.2025;0.321103
20.04.2025;0.29266
21.04.2025;0.275567
22.04.2025;0.262186
23.04.2025;0.257978
24.04.2025;0.250953
25.04.2025;0.243271
26.04.2025;0.25525
27.04.2025;0.239613
28.04.2025;0.26262
29.04.2025;0.267917
30.04.2025;0.256211
1.05.2025;0.243944
2.05.2025;0.243996
3.05.2025;0.249636
4.05.2025;0.459557
5.05.2025;0.404682
6.05.2025;0.33994
7.05.2025;0.289075
8.05.2025;0.275735
9.05.2025;0.262186
10.05.2025;0.250689
11.05.2025;0.241721
12.05.2025;0.220763
13.05.2025;0.215443
14.05.2025;0.199137
15.05.2025;0.201938
16.05.2025;0.183446
17.05.2025;0.164169
18.05.2025;0.163117
19.05.2025;0.160224
20.05.2025;0.1497
21.05.2025;0.138445
22.05.2025;0.135688
23.05.2025;0.124663
24.05.2025;0.119466
25.05.2025;0.11623
26.05.2025;0.112952
27.05.2025;0.097748
28.05.2025;0.095761
29.05.2025;0.092316
30.05.2025;0.117379
31.05.2025;0.120535
1.06.2025;0.132008
2.06.2025;0.136338
3.06.2025;0.134933
4.06.2025;0.133109
5.06.2025;0.115576
6.06.2025;0.110049
7.06.2025;0.095877
8.06.2025;0.090174
9.06.2025;0.077946
10.06.2025;0.063668
11.06.2025;0.051293
12.06.2025;0.001652
13.06.2025;0.000022
14.06.2025;0.000006
15.06.2025;0.000007
16.06.2025;0.000074
17.06.2025;0.000004
18.06.2025;0
19.06.2025;0
20.06.2025;0
21.06.2025;0.000008
22.06.2025;0.00088
23.06.2025;0.000125
24.06.2025;0
25.06.2025;0.002018
26.06.2025;0
27.06.2025;0
28.06.2025;0
29.06.2025;0
30.06.2025;0
1.07.2025;0
2.07.2025;0
3.07.2025;0
4.07.2025;0
5.07.2025;0
6.07.2025;0
7.07.2025;0
8.07.2025;0
9.07.2025;0
10.07.2025;0
11.07.2025;0
12.07.2025;0
13.07.2025;0
14.07.2025;0
15.07.2025;0
16.07.2025;0
17.07.2025;0
18.07.2025;0
19.07.2025;0
20.07.2025;0
21.07.2025;0
22.07.2025;0
23.07.2025;0
24.07.2025;0
25.07.2025;0
26.07.2025;0
27.07.2025;0
28.07.2025;0
29.07.2025;0
30.07.2025;0
31.07.2025;0
1.08.2025;0
2.08.2025;0
3.08.2025;0
4.08.2025;0
5.08.2025;0
6.08.2025;0
7.08.2025;0
8.08.2025;0
9.08.2025;0
10.08.2025;0
11.08.2025;0
12.08.2025;0
13.08.2025;0
14.08.2025;0
15.08.2025;0
16.08.2025;0
17.08.2025;0
18.08.2025;0
19.08.2025;0
20.08.2025;0
21.08.2025;0
22.08.2025;0
23.08.2025;0
24.08.2025;0
25.08.2025;0
26.08.2025;0
27.08.2025;0
28.08.2025;0
29.08.2025;0
30.08.2025;0
31.08.2025;0
1.09.2025;0
2.09.2025;0
3.09.2025;0
4.09.2025;0
5.09.2025;0
6.09.2025;0
7.09.2025;0
8.09.2025;0
9.09.2025;0
10.09.2025;0
11.09.2025;0
12.09.2025;0
13.09.2025;0
14.09.2025;0
15.09.2025;0
16.09.2025;0
17.09.2025;0
18.09.2025;0
19.09.2025;0
20.09.2025;0
