Region;Levant;
Country;Israel;
#;4;
Spring Name/Station Name;Dan;
Literature;Ben-Zur et al. (2025);
Lat;33.249;
Lon;35.653;
Elev (m);195;
Recharge Area (km2);290;
Start Date;1.10.1989;
End Date;30.09.1999;
Resolution;Daily;
Data Source;WOKAS; monthly values for the period 1949-2026
Data License;CC BY4.0;
Contact For License;Avi Burg;
Spring ID;LEV_04_IL;
Date;Discharge m^3/s;
1.10.1989;4.458333;
2.10.1989;4.44838;
3.10.1989;4.368287;
4.10.1989;4.328356;
5.10.1989;4.318287;
6.10.1989;4.308333;
7.10.1989;4.307438;
8.10.1989;4.29838;
9.10.1989;4.28831;
10.10.1989;4.23831;
11.10.1989;4.237442;
12.10.1989;4.236608;
13.10.1989;4.240756;
14.10.1989;4.248554;
15.10.1989;4.254531;
16.10.1989;4.260278;
17.10.1989;4.26542;
18.10.1989;4.271507;
19.10.1989;4.279263;
20.10.1989;4.287484;
21.10.1989;4.293868;
22.10.1989;4.29886;
23.10.1989;4.30328;
24.10.1989;4.310194;
25.10.1989;4.318746;
26.10.1989;4.330778;
27.10.1989;4.348061;
28.10.1989;4.364678;
29.10.1989;4.379515;
30.10.1989;4.394543;
31.10.1989;4.407852;
1.11.1989;4.409282;
2.11.1989;4.41142;
3.11.1989;4.411572;
4.11.1989;4.410955;
5.11.1989;4.409982;
6.11.1989;4.408284;
7.11.1989;4.379977;
8.11.1989;4.35;
9.11.1989;4.349468;
10.11.1989;4.349336;
11.11.1989;4.34883;
12.11.1989;4.348722;
13.11.1989;4.347477;
14.11.1989;4.347042;
15.11.1989;4.347003;
16.11.1989;4.347349;
17.11.1989;4.329977;
18.11.1989;4.329073;
19.11.1989;4.329726;
20.11.1989;4.333404;
21.11.1989;4.336178;
22.11.1989;4.338845;
23.11.1989;4.34141;
24.11.1989;4.342734;
25.11.1989;4.342861;
26.11.1989;4.342604;
27.11.1989;4.343119;
28.11.1989;4.343231;
29.11.1989;4.343723;
30.11.1989;4.344574;
1.12.1989;4.343506;
2.12.1989;4.340394;
3.12.1989;4.310417;
4.12.1989;4.27037;
5.12.1989;4.268727;
6.12.1989;4.240394;
7.12.1989;4.241808;
8.12.1989;4.243932;
9.12.1989;4.248257;
10.12.1989;4.256225;
11.12.1989;4.265412;
12.12.1989;4.278433;
13.12.1989;4.298572;
14.12.1989;4.317557;
15.12.1989;4.334286;
16.12.1989;4.347704;
17.12.1989;4.357559;
18.12.1989;4.365131;
19.12.1989;4.37089;
20.12.1989;4.376428;
21.12.1989;4.380989;
22.12.1989;4.38385;
23.12.1989;4.386601;
24.12.1989;4.388867;
25.12.1989;4.390662;
26.12.1989;4.392009;
27.12.1989;4.392541;
28.12.1989;4.391148;
29.12.1989;4.380324;
30.12.1989;4.378639;
31.12.1989;4.330324;
1.01.1990;4.21412;
2.01.1990;4.134144;
3.01.1990;4.12419;
4.01.1990;4.122982;
5.01.1990;4.123346;
6.01.1990;4.132836;
7.01.1990;4.143865;
8.01.1990;4.154469;
9.01.1990;4.164666;
10.01.1990;4.17447;
11.01.1990;4.183897;
12.01.1990;4.192199;
13.01.1990;4.199802;
14.01.1990;4.20635;
15.01.1990;4.212262;
16.01.1990;4.21871;
17.01.1990;4.226434;
18.01.1990;4.23272;
19.01.1990;4.237618;
20.01.1990;4.242327;
21.01.1990;4.246476;
22.01.1990;4.250086;
23.01.1990;4.252795;
24.01.1990;4.255015;
25.01.1990;4.257534;
26.01.1990;4.263765;
27.01.1990;4.269756;
28.01.1990;4.275517;
29.01.1990;4.281436;
30.01.1990;4.28751;
31.01.1990;4.293729;
1.02.1990;4.305683;
2.02.1990;4.317178;
3.02.1990;4.328613;
4.02.1990;4.339988;
5.02.1990;4.350925;
6.02.1990;4.361441;
7.02.1990;4.371552;
8.02.1990;4.381275;
9.02.1990;4.390623;
10.02.1990;4.399612;
11.02.1990;4.408255;
12.02.1990;4.421516;
13.02.1990;4.443411;
14.02.1990;4.47627;
15.02.1990;4.517008;
16.02.1990;4.567228;
17.02.1990;4.626942;
18.02.1990;4.696928;
19.02.1990;4.766506;
20.02.1990;4.837978;
21.02.1990;4.911651;
22.02.1990;4.987061;
23.02.1990;5.059949;
24.02.1990;5.130795;
25.02.1990;5.199299;
26.02.1990;5.260974;
27.02.1990;5.315325;
28.02.1990;5.362251;
1.03.1990;5.407322;
2.03.1990;5.448398;
3.03.1990;5.491702;
4.03.1990;5.539437;
5.03.1990;5.591808;
6.03.1990;5.644831;
7.03.1990;5.695814;
8.03.1990;5.744835;
9.03.1990;5.792733;
10.03.1990;5.839167;
11.03.1990;5.882293;
12.03.1990;5.922618;
13.03.1990;5.959866;
14.03.1990;5.995681;
15.03.1990;6.029356;
16.03.1990;6.05983;
17.03.1990;6.089131;
18.03.1990;6.115401;
19.03.1990;6.139517;
20.03.1990;6.161564;
21.03.1990;6.189619;
22.03.1990;6.206308;
23.03.1990;6.212453;
24.03.1990;6.218741;
25.03.1990;6.218311;
26.03.1990;6.160301;
27.03.1990;6.140278;
28.03.1990;6.139057;
29.03.1990;6.120255;
30.03.1990;6.110301;
31.03.1990;6.11138;
1.04.1990;6.116742;
2.04.1990;6.129896;
3.04.1990;6.14559;
4.04.1990;6.158017;
5.04.1990;6.170345;
6.04.1990;6.183341;
7.04.1990;6.197741;
8.04.1990;6.21235;
9.04.1990;6.226397;
10.04.1990;6.239903;
11.04.1990;6.251365;
12.04.1990;6.262768;
13.04.1990;6.274496;
14.04.1990;6.286152;
15.04.1990;6.292408;
16.04.1990;6.294614;
17.04.1990;6.296352;
18.04.1990;6.297265;
19.04.1990;6.29738;
20.04.1990;6.301299;
21.04.1990;6.305831;
22.04.1990;6.308283;
23.04.1990;6.308737;
24.04.1990;6.308027;
25.04.1990;6.30849;
26.04.1990;6.309315;
27.04.1990;6.309346;
28.04.1990;6.309375;
29.04.1990;6.310545;
30.04.1990;6.312816;
1.05.1990;6.322746;
2.05.1990;6.332294;
3.05.1990;6.338044;
4.05.1990;6.343194;
5.05.1990;6.349288;
6.05.1990;6.354006;
7.05.1990;6.357779;
8.05.1990;6.361407;
9.05.1990;6.364896;
10.05.1990;6.366345;
11.05.1990;6.365835;
12.05.1990;6.366485;
13.05.1990;6.368637;
14.05.1990;6.370322;
15.05.1990;6.3708;
16.05.1990;6.371259;
17.05.1990;6.371322;
18.05.1990;6.371762;
19.05.1990;6.372185;
20.05.1990;6.369924;
21.05.1990;6.387942;
22.05.1990;6.247222;
23.05.1990;6.167245;
24.05.1990;6.017245;
25.05.1990;5.907292;
26.05.1990;5.905777;
27.05.1990;5.837269;
28.05.1990;5.797222;
29.05.1990;5.796896;
30.05.1990;5.796966;
31.05.1990;5.777199;
1.06.1990;5.785945;
2.06.1990;5.795117;
3.06.1990;5.803937;
4.06.1990;5.810896;
5.06.1990;5.816441;
6.06.1990;5.821393;
7.06.1990;5.823488;
8.06.1990;5.822835;
9.06.1990;5.823732;
10.06.1990;5.824974;
11.06.1990;5.823884;
12.06.1990;5.8236;
13.06.1990;5.822563;
14.06.1990;5.715162;
15.06.1990;5.713347;
16.06.1990;5.713122;
17.06.1990;5.635185;
18.06.1990;5.634159;
19.06.1990;5.634697;
20.06.1990;5.632931;
21.06.1990;5.633896;
22.06.1990;5.634066;
23.06.1990;5.632324;
24.06.1990;5.631408;
25.06.1990;5.630527;
26.06.1990;5.585185;
27.06.1990;5.58342;
28.06.1990;5.505208;
29.06.1990;5.504232;
30.06.1990;5.503677;
1.07.1990;5.504179;
2.07.1990;5.492477;
3.07.1990;5.490364;
4.07.1990;5.489094;
5.07.1990;5.442477;
6.07.1990;5.441145;
7.07.1990;5.441386;
8.07.1990;5.440476;
9.07.1990;5.3625;
10.07.1990;5.322454;
11.07.1990;5.321931;
12.07.1990;5.282407;
13.07.1990;5.272454;
14.07.1990;5.27195;
15.07.1990;5.2625;
16.07.1990;5.172454;
17.07.1990;5.152431;
18.07.1990;5.151211;
19.07.1990;5.150038;
20.07.1990;5.122454;
21.07.1990;5.122767;
22.07.1990;5.120784;
23.07.1990;5.1125;
24.07.1990;5.102431;
25.07.1990;5.082407;
26.07.1990;4.992477;
27.07.1990;4.990935;
28.07.1990;4.9625;
29.07.1990;4.922454;
30.07.1990;4.92056;
31.07.1990;4.852431;
1.08.1990;4.725463;
2.08.1990;4.69537;
3.08.1990;4.695468;
4.08.1990;4.699755;
5.08.1990;4.699684;
6.08.1990;4.699617;
7.08.1990;4.699172;
8.08.1990;4.699507;
9.08.1990;4.698688;
10.08.1990;4.6979;
11.08.1990;4.696379;
12.08.1990;4.695297;
13.08.1990;4.685417;
14.08.1990;4.64537;
15.08.1990;4.644346;
16.08.1990;4.642598;
17.08.1990;4.641301;
18.08.1990;4.640433;
19.08.1990;4.60544;
20.08.1990;4.59537;
21.08.1990;4.575463;
22.08.1990;4.55544;
23.08.1990;4.535417;
24.08.1990;4.534051;
25.08.1990;4.515394;
26.08.1990;4.513656;
27.08.1990;4.511986;
28.08.1990;4.510379;
29.08.1990;4.508835;
30.08.1990;4.50735;
31.08.1990;4.505922;
1.09.1990;4.15;
2.09.1990;4.148403;
3.09.1990;4.146868;
4.09.1990;4.145392;
5.09.1990;4.143972;
6.09.1990;4.142607;
7.09.1990;4.141295;
8.09.1990;4.140033;
9.09.1990;4.138436;
10.09.1990;4.136901;
11.09.1990;4.135425;
12.09.1990;4.129977;
13.09.1990;4.128388;
14.09.1990;4.12686;
15.09.1990;4.125391;
16.09.1990;4.120023;
17.09.1990;4.118438;
18.09.1990;4.109954;
19.09.1990;4.108372;
20.09.1990;4.1;
21.09.1990;4.098422;
22.09.1990;4.089931;
23.09.1990;4.088357;
24.09.1990;4.079977;
25.09.1990;4.078407;
26.09.1990;4.070023;
27.09.1990;4.068457;
28.09.1990;4.059954;
29.09.1990;4.058392;
30.09.1990;4.05;
1.10.1990;3.686921;
2.10.1990;3.685503;
3.10.1990;3.684139;
4.10.1990;3.682827;
5.10.1990;3.676852;
6.10.1990;3.675437;
7.10.1990;3.674077;
8.10.1990;3.672769;
9.10.1990;3.671511;
10.10.1990;3.670302;
11.10.1990;3.669139;
12.10.1990;3.666898;
13.10.1990;3.665487;
14.10.1990;3.664131;
15.10.1990;3.662826;
16.10.1990;3.661572;
17.10.1990;3.660366;
18.10.1990;3.659206;
19.10.1990;3.656944;
20.10.1990;3.655537;
21.10.1990;3.654184;
22.10.1990;3.652884;
23.10.1990;3.651633;
24.10.1990;3.65043;
25.10.1990;3.649274;
26.10.1990;3.646875;
27.10.1990;3.645472;
28.10.1990;3.644123;
29.10.1990;3.642825;
30.10.1990;3.641578;
31.10.1990;3.640379;
1.11.1990;3.520949;
2.11.1990;3.51088;
3.11.1990;3.509529;
4.11.1990;3.50823;
5.11.1990;3.506981;
6.11.1990;3.50578;
7.11.1990;3.504625;
8.11.1990;3.503515;
9.11.1990;3.502448;
10.11.1990;3.501421;
11.11.1990;3.500434;
12.11.1990;3.499485;
13.11.1990;3.498573;
14.11.1990;3.497696;
15.11.1990;3.496852;
16.11.1990;3.496041;
17.11.1990;3.495261;
18.11.1990;3.494511;
19.11.1990;3.49379;
20.11.1990;3.493097;
21.11.1990;3.49243;
22.11.1990;3.491789;
23.11.1990;3.491173;
24.11.1990;3.49058;
25.11.1990;3.49001;
26.11.1990;3.489463;
27.11.1990;3.488936;
28.11.1990;3.488429;
29.11.1990;3.487942;
30.11.1990;3.487474;
1.12.1990;3.423148;
2.12.1990;3.421831;
3.12.1990;3.420565;
4.12.1990;3.419347;
5.12.1990;3.418176;
6.12.1990;3.41705;
7.12.1990;3.415968;
8.12.1990;3.414927;
9.12.1990;3.413194;
10.12.1990;3.383218;
11.12.1990;3.363194;
12.12.1990;3.36228;
13.12.1990;3.361021;
14.12.1990;3.35981;
15.12.1990;3.359026;
16.12.1990;3.357892;
17.12.1990;3.353125;
18.12.1990;3.333218;
19.12.1990;3.323148;
20.12.1990;3.32187;
21.12.1990;3.32064;
22.12.1990;3.319458;
23.12.1990;3.318321;
24.12.1990;3.319896;
25.12.1990;3.327886;
26.12.1990;3.335185;
27.12.1990;3.341062;
28.12.1990;3.346333;
29.12.1990;3.351018;
30.12.1990;3.354764;
31.12.1990;3.357604;
1.01.1991;3.364875;
2.01.1991;3.370725;
3.01.1991;3.37597;
4.01.1991;3.38063;
5.01.1991;3.387778;
6.01.1991;3.394651;
7.01.1991;3.401259;
8.01.1991;3.408756;
9.01.1991;3.415963;
10.01.1991;3.422894;
11.01.1991;3.429557;
12.01.1991;3.435965;
13.01.1991;3.44403;
14.01.1991;3.449501;
15.01.1991;3.453237;
16.01.1991;3.455686;
17.01.1991;3.458042;
18.01.1991;3.459544;
19.01.1991;3.460989;
20.01.1991;3.461619;
21.01.1991;3.462604;
22.01.1991;3.464315;
23.01.1991;3.46748;
24.01.1991;3.473191;
25.01.1991;3.480207;
26.01.1991;3.488475;
27.01.1991;3.497571;
28.01.1991;3.506317;
29.01.1991;3.514726;
30.01.1991;3.522049;
31.01.1991;3.548515;
1.02.1991;3.604145;
2.02.1991;3.671346;
3.02.1991;3.735962;
4.02.1991;3.803042;
5.02.1991;3.869446;
6.02.1991;3.934441;
7.02.1991;3.99198;
8.02.1991;4.043879;
9.02.1991;4.091114;
10.02.1991;4.135006;
11.02.1991;4.176068;
12.02.1991;4.213645;
13.02.1991;4.249014;
14.02.1991;4.284547;
15.02.1991;4.319476;
16.02.1991;4.369439;
17.02.1991;4.419005;
18.02.1991;4.470473;
19.02.1991;4.525675;
20.02.1991;4.579895;
21.02.1991;4.631645;
22.02.1991;4.681403;
23.02.1991;4.728869;
24.02.1991;4.774507;
25.02.1991;4.818011;
26.02.1991;4.859457;
27.02.1991;4.899309;
28.02.1991;4.937248;
1.03.1991;4.976848;
2.03.1991;5.015;
3.03.1991;5.051305;
4.03.1991;5.086213;
5.03.1991;5.119778;
6.03.1991;5.152051;
7.03.1991;5.183083;
8.03.1991;5.21292;
9.03.1991;5.24161;
10.03.1991;5.26767;
11.03.1991;5.294253;
12.03.1991;5.319051;
13.03.1991;5.344036;
14.03.1991;5.371869;
15.03.1991;5.402061;
16.03.1991;5.434901;
17.03.1991;5.468381;
18.03.1991;5.524954;
19.03.1991;5.594203;
20.03.1991;5.666502;
21.03.1991;5.739448;
22.03.1991;5.793589;
23.03.1991;5.836503;
24.03.1991;5.885005;
25.03.1991;5.941542;
26.03.1991;6.001239;
27.03.1991;6.05826;
28.03.1991;6.114991;
29.03.1991;6.170681;
30.03.1991;6.225371;
31.03.1991;6.278719;
1.04.1991;6.324437;
2.04.1991;6.367255;
3.04.1991;6.408425;
4.04.1991;6.44801;
5.04.1991;6.486073;
6.04.1991;6.522671;
7.04.1991;6.557861;
8.04.1991;6.592077;
9.04.1991;6.626117;
10.04.1991;6.658848;
11.04.1991;6.691466;
12.04.1991;6.728921;
13.04.1991;6.77027;
14.04.1991;6.814596;
15.04.1991;6.860267;
16.04.1991;6.905702;
17.04.1991;6.949388;
18.04.1991;6.992536;
19.04.1991;7.032502;
20.04.1991;7.070931;
21.04.1991;7.109022;
22.04.1991;7.143744;
23.04.1991;7.169891;
24.04.1991;7.188559;
25.04.1991;7.206126;
26.04.1991;7.221874;
27.04.1991;7.237396;
28.04.1991;7.251942;
29.04.1991;7.265549;
30.04.1991;7.281295;
1.05.1991;7.309485;
2.05.1991;7.337733;
3.05.1991;7.36223;
4.05.1991;7.381214;
5.05.1991;7.399466;
6.05.1991;7.415112;
7.05.1991;7.429014;
8.05.1991;7.437426;
9.05.1991;7.442851;
10.05.1991;7.448068;
11.05.1991;7.453463;
12.05.1991;7.457887;
13.05.1991;7.462525;
14.05.1991;7.469648;
15.05.1991;7.477642;
16.05.1991;7.486471;
17.05.1991;7.49496;
18.05.1991;7.504644;
19.05.1991;7.514717;
20.05.1991;7.52212;
21.05.1991;7.527333;
22.05.1991;7.533866;
23.05.1991;7.53939;
24.05.1991;7.536699;
25.05.1991;7.424884;
26.05.1991;7.404977;
27.05.1991;7.40327;
28.05.1991;7.401628;
29.05.1991;7.400812;
30.05.1991;7.314931;
31.05.1991;7.104977;
1.06.1991;7.116144;
2.06.1991;7.125739;
3.06.1991;7.134587;
4.06.1991;7.141189;
5.06.1991;7.147153;
6.06.1991;7.15746;
7.06.1991;7.171943;
8.06.1991;7.185484;
9.06.1991;7.189744;
10.06.1991;7.210982;
11.06.1991;7.215024;
12.06.1991;7.217768;
13.06.1991;7.220407;
14.06.1991;7.225991;
15.06.1991;7.232502;
16.06.1991;7.239525;
17.06.1991;7.243231;
18.06.1991;7.284503;
19.06.1991;7.286479;
20.06.1991;7.179977;
21.06.1991;7.109954;
22.06.1991;7.107597;
23.06.1991;6.989931;
24.06.1991;6.989908;
25.06.1991;6.989503;
26.06.1991;6.988356;
27.06.1991;7.012012;
28.06.1991;7.014187;
29.06.1991;6.929977;
30.06.1991;6.92769;
1.07.1991;6.938324;
2.07.1991;6.94817;
3.07.1991;6.959542;
4.07.1991;6.965526;
5.07.1991;6.971658;
6.07.1991;6.976792;
7.07.1991;6.981349;
8.07.1991;7.00173;
9.07.1991;7.000377;
10.07.1991;6.986921;
11.07.1991;6.984996;
12.07.1991;6.956944;
13.07.1991;6.955789;
14.07.1991;6.936921;
15.07.1991;6.935773;
16.07.1991;6.933911;
17.07.1991;6.9325;
18.07.1991;6.926852;
19.07.1991;6.916898;
20.07.1991;6.915762;
21.07.1991;6.856944;
22.07.1991;6.854685;
23.07.1991;6.852134;
24.07.1991;6.85349;
25.07.1991;6.855173;
26.07.1991;6.855649;
27.07.1991;6.857249;
28.07.1991;6.857262;
29.07.1991;6.857274;
30.07.1991;6.856144;
31.07.1991;6.836921;
1.08.1991;6.789468;
2.08.1991;6.699537;
3.08.1991;6.689468;
4.08.1991;6.686894;
5.08.1991;6.649537;
6.08.1991;6.646979;
7.08.1991;6.599537;
8.08.1991;6.579514;
9.08.1991;6.577361;
10.08.1991;6.577197;
11.08.1991;6.575133;
12.08.1991;6.575437;
13.08.1991;6.577251;
14.08.1991;6.578232;
15.08.1991;6.577271;
16.08.1991;6.575588;
17.08.1991;6.573208;
18.08.1991;6.569444;
19.08.1991;6.529514;
20.08.1991;6.509491;
21.08.1991;6.479514;
22.08.1991;6.4774;
23.08.1991;6.399537;
24.08.1991;6.400121;
25.08.1991;6.379514;
26.08.1991;6.369444;
27.08.1991;6.36814;
28.08.1991;6.339468;
29.08.1991;6.249537;
30.08.1991;6.239468;
31.08.1991;6.238209;
1.09.1991;5.880324;
2.09.1991;5.878502;
3.09.1991;5.857176;
4.09.1991;5.799306;
5.09.1991;5.797074;
6.09.1991;5.741435;
7.09.1991;5.742312;
8.09.1991;5.740069;
9.09.1991;5.74144;
10.09.1991;5.742317;
11.09.1991;5.742719;
12.09.1991;5.743547;
13.09.1991;5.747428;
14.09.1991;5.753806;
15.09.1991;5.757293;
16.09.1991;5.76241;
17.09.1991;5.770416;
18.09.1991;5.778113;
19.09.1991;5.78287;
20.09.1991;5.785239;
21.09.1991;5.787957;
22.09.1991;5.787044;
23.09.1991;5.788812;
24.09.1991;5.787425;
25.09.1991;5.786973;
26.09.1991;5.785657;
27.09.1991;5.784833;
28.09.1991;5.785804;
29.09.1991;5.776157;
30.09.1991;5.774376;
1.10.1991;5.303009;
2.10.1991;5.305157;
3.10.1991;5.309127;
4.10.1991;5.311039;
5.10.1991;5.312878;
6.10.1991;5.312742;
7.10.1991;5.311848;
8.10.1991;5.262963;
9.10.1991;5.24294;
10.10.1991;5.232986;
11.10.1991;5.232114;
12.10.1991;5.232802;
13.10.1991;5.234605;
14.10.1991;5.24091;
15.10.1991;5.249256;
16.10.1991;5.255377;
17.10.1991;5.262788;
18.10.1991;5.26572;
19.10.1991;5.265115;
20.10.1991;5.264912;
21.10.1991;5.264337;
22.10.1991;5.262259;
23.10.1991;5.260261;
24.10.1991;5.258719;
25.10.1991;5.256858;
26.10.1991;5.25583;
27.10.1991;5.24294;
28.10.1991;5.241306;
29.10.1991;5.239352;
30.10.1991;5.238614;
31.10.1991;5.237526;
1.11.1991;4.731366;
2.11.1991;4.729924;
3.11.1991;4.73311;
4.11.1991;4.74303;
5.11.1991;4.754471;
6.11.1991;4.766999;
7.11.1991;4.778281;
8.11.1991;4.790271;
9.11.1991;4.799137;
10.11.1991;4.81185;
11.11.1991;4.824453;
12.11.1991;4.83543;
13.11.1991;4.844463;
14.11.1991;4.852765;
15.11.1991;4.859605;
16.11.1991;4.864657;
17.11.1991;4.871803;
18.11.1991;4.88172;
19.11.1991;4.892019;
20.11.1991;4.903063;
21.11.1991;4.912156;
22.11.1991;4.920142;
23.11.1991;4.925532;
24.11.1991;4.929952;
25.11.1991;4.930776;
26.11.1991;4.931185;
27.11.1991;4.932725;
28.11.1991;4.935726;
29.11.1991;4.947372;
30.11.1991;4.969239;
1.12.1991;4.135301;
2.12.1991;4.136377;
3.12.1991;4.143505;
4.12.1991;4.171692;
5.12.1991;4.212127;
6.12.1991;4.257478;
7.12.1991;4.304893;
8.12.1991;4.352389;
9.12.1991;4.401487;
10.12.1991;4.458219;
11.12.1991;4.526479;
12.12.1991;4.60354;
13.12.1991;4.684876;
14.12.1991;4.766891;
15.12.1991;4.849559;
16.12.1991;4.931331;
17.12.1991;5.010719;
18.12.1991;5.085531;
19.12.1991;5.157844;
20.12.1991;5.228138;
21.12.1991;5.293439;
22.12.1991;5.355848;
23.12.1991;5.414713;
24.12.1991;5.469789;
25.12.1991;5.520841;
26.12.1991;5.565356;
27.12.1991;5.606255;
28.12.1991;5.647867;
29.12.1991;5.690925;
30.12.1991;5.736515;
31.12.1991;5.789874;
1.01.1992;5.879077;
2.01.1992;5.967515;
3.01.1992;6.05255;
4.01.1992;6.134314;
5.01.1992;6.212931;
6.01.1992;6.288524;
7.01.1992;6.361208;
8.01.1992;6.430716;
9.01.1992;6.497167;
10.01.1992;6.56449;
11.01.1992;6.629986;
12.01.1992;6.692962;
13.01.1992;6.753515;
14.01.1992;6.811738;
15.01.1992;6.870767;
16.01.1992;6.932476;
17.01.1992;6.997524;
18.01.1992;7.061974;
19.01.1992;7.124324;
20.01.1992;7.185421;
21.01.1992;7.246071;
22.01.1992;7.304388;
23.01.1992;7.360461;
24.01.1992;7.415898;
25.01.1992;7.467681;
26.01.1992;7.516325;
27.01.1992;7.563097;
28.01.1992;7.609595;
29.01.1992;7.656209;
30.01.1992;7.702171;
31.01.1992;7.74789;
1.02.1992;7.830924;
2.02.1992;7.910764;
3.02.1992;7.989053;
4.02.1992;8.066997;
5.02.1992;8.145371;
6.02.1992;8.22111;
7.02.1992;8.295839;
8.02.1992;8.367692;
9.02.1992;8.436781;
10.02.1992;8.503212;
11.02.1992;8.567086;
12.02.1992;8.628503;
13.02.1992;8.687557;
14.02.1992;8.745101;
15.02.1992;8.801574;
16.02.1992;8.857015;
17.02.1992;8.909181;
18.02.1992;8.958198;
19.02.1992;9.003804;
20.02.1992;9.048417;
21.02.1992;9.096649;
22.02.1992;9.144546;
23.02.1992;9.190983;
24.02.1992;9.252013;
25.02.1992;9.3385;
26.02.1992;9.423947;
27.02.1992;9.506486;
28.02.1992;9.58204;
29.02.1992;9.654308;
1.03.1992;9.745575;
2.03.1992;9.831804;
3.03.1992;9.889577;
4.03.1992;9.924177;
5.03.1992;9.956682;
6.03.1992;9.987937;
7.03.1992;10.01799;
8.03.1992;10.046886;
9.03.1992;10.073145;
10.03.1992;10.098014;
11.03.1992;10.123448;
12.03.1992;10.148286;
13.03.1992;10.172169;
14.03.1992;10.195133;
15.03.1992;10.216071;
16.03.1992;10.238109;
17.03.1992;10.260819;
18.03.1992;10.283419;
19.03.1992;10.303623;
20.03.1992;10.323813;
21.03.1992;10.343609;
22.03.1992;10.363402;
23.03.1992;10.381292;
24.03.1992;10.400781;
25.03.1992;10.418375;
26.03.1992;10.433386;
27.03.1992;10.448204;
28.03.1992;10.463973;
29.03.1992;10.481039;
30.03.1992;10.495928;
31.03.1992;10.510244;
1.04.1992;10.511493;
2.04.1992;10.513073;
3.04.1992;10.516496;
4.04.1992;10.519025;
5.04.1992;10.520315;
6.04.1992;10.518888;
7.04.1992;10.517516;
8.04.1992;10.516197;
9.04.1992;10.514929;
10.04.1992;10.515234;
11.04.1992;10.517054;
12.04.1992;10.514994;
13.04.1992;10.369213;
14.04.1992;10.359144;
15.04.1992;10.356683;
16.04.1992;10.352792;
17.04.1992;10.350576;
18.04.1992;10.348824;
19.04.1992;10.349808;
20.04.1992;10.35342;
21.04.1992;10.358415;
22.04.1992;10.363217;
23.04.1992;10.368218;
24.04.1992;10.37379;
25.04.1992;10.378384;
26.04.1992;10.383181;
27.04.1992;10.384367;
28.04.1992;10.385508;
29.04.1992;10.39384;
30.04.1992;10.390424;
1.05.1992;10.402909;
2.05.1992;10.41606;
3.05.1992;10.423371;
4.05.1992;10.425449;
5.05.1992;10.425922;
6.05.1992;10.42676;
7.05.1992;10.427183;
8.05.1992;10.430256;
9.05.1992;10.433212;
10.05.1992;10.434911;
11.05.1992;10.435404;
12.05.1992;10.440444;
13.05.1992;10.373148;
14.05.1992;10.36992;
15.05.1992;10.36872;
16.05.1992;10.367566;
17.05.1992;10.366841;
18.05.1992;10.366522;
19.05.1992;10.366216;
20.05.1992;10.365159;
21.05.1992;10.362621;
22.05.1992;10.363228;
23.05.1992;10.360765;
24.05.1992;10.356871;
25.05.1992;10.313194;
26.05.1992;10.193171;
27.05.1992;10.103241;
28.05.1992;10.013194;
29.05.1992;9.893171;
30.05.1992;9.883218;
31.05.1992;9.879794;
1.06.1992;9.905494;
2.06.1992;9.927922;
3.06.1992;9.954816;
4.06.1992;9.97763;
5.06.1992;9.996519;
6.06.1992;10.020395;
7.06.1992;10.043353;
8.06.1992;10.058951;
9.06.1992;10.072427;
10.06.1992;10.085386;
11.06.1992;10.09632;
12.06.1992;10.110263;
13.06.1992;10.120619;
14.06.1992;10.126767;
15.06.1992;10.128112;
16.06.1992;10.131688;
17.06.1992;10.138174;
18.06.1992;10.145935;
19.06.1992;10.151109;
20.06.1992;10.155326;
21.06.1992;10.158234;
22.06.1992;10.160652;
23.06.1992;10.157262;
24.06.1992;10.154004;
25.06.1992;10.144329;
26.06.1992;10.014352;
27.06.1992;10.011641;
28.06.1992;10.007892;
29.06.1992;10.003904;
30.06.1992;9.954282;
1.07.1992;9.97172;
2.07.1992;9.988103;
3.07.1992;10.000431;
4.07.1992;10.014567;
5.07.1992;10.025114;
6.07.1992;10.037538;
7.07.1992;10.045675;
8.07.1992;10.053499;
9.07.1992;10.060259;
10.07.1992;10.066759;
11.07.1992;10.074156;
12.07.1992;10.077458;
13.07.1992;10.080634;
14.07.1992;10.082162;
15.07.1992;10.087819;
16.07.1992;10.090975;
17.07.1992;10.095535;
18.07.1992;10.103345;
19.07.1992;10.108571;
20.07.1992;10.112833;
21.07.1992;10.113885;
22.07.1992;10.115275;
23.07.1992;10.114329;
24.07.1992;10.115323;
25.07.1992;10.119325;
26.07.1992;10.120506;
27.07.1992;10.12393;
28.07.1992;10.125317;
29.07.1992;10.128172;
30.07.1992;10.130155;
31.07.1992;10.133587;
1.08.1992;10.13067;
2.08.1992;10.126724;
3.08.1992;10.069444;
4.08.1992;10.067091;
5.08.1992;10.066354;
6.08.1992;10.066408;
7.08.1992;10.068364;
8.08.1992;10.068719;
9.08.1992;10.067156;
10.08.1992;10.066038;
11.08.1992;10.06572;
12.08.1992;10.065798;
13.08.1992;10.063969;
14.08.1992;10.061447;
15.08.1992;10.060547;
16.08.1992;10.049421;
17.08.1992;10.009375;
18.08.1992;10.005907;
19.08.1992;9.999421;
20.08.1992;9.997478;
21.08.1992;9.997136;
22.08.1992;9.997565;
23.08.1992;9.994931;
24.08.1992;9.979398;
25.08.1992;9.939468;
26.08.1992;9.936785;
27.08.1992;9.934585;
28.08.1992;9.931328;
29.08.1992;9.928958;
30.08.1992;9.929348;
31.08.1992;9.929722;
1.09.1992;9.597338;
2.09.1992;9.594024;
3.09.1992;9.591985;
4.09.1992;9.567361;
5.09.1992;9.568252;
6.09.1992;9.564916;
7.09.1992;9.564375;
8.09.1992;9.56538;
9.09.1992;9.568631;
10.09.1992;9.57404;
11.09.1992;9.577721;
12.09.1992;9.58278;
13.09.1992;9.586887;
14.09.1992;9.593882;
15.09.1992;9.599466;
16.09.1992;9.606356;
17.09.1992;9.616411;
18.09.1992;9.624937;
19.09.1992;9.635798;
20.09.1992;9.643958;
21.09.1992;9.652183;
22.09.1992;9.662379;
23.09.1992;9.674088;
24.09.1992;9.687251;
25.09.1992;9.701811;
26.09.1992;9.717717;
27.09.1992;9.731868;
28.09.1992;9.748521;
29.09.1992;9.763392;
30.09.1992;9.77464;
1.10.1992;9.773423;
2.10.1992;9.775683;
3.10.1992;9.781287;
4.10.1992;9.780961;
5.10.1992;9.77798;
6.10.1992;9.761458;
7.10.1992;9.759228;
8.10.1992;9.757463;
9.10.1992;9.756148;
10.10.1992;9.754502;
11.10.1992;9.752155;
12.10.1992;9.74952;
13.10.1992;9.746223;
14.10.1992;9.742675;
15.10.1992;9.731481;
16.10.1992;9.721528;
17.10.1992;9.701505;
18.10.1992;9.691435;
19.10.1992;9.671528;
20.10.1992;9.651505;
21.10.1992;9.631481;
22.10.1992;9.601505;
23.10.1992;9.581481;
24.10.1992;9.551505;
25.10.1992;9.521528;
26.10.1992;9.501505;
27.10.1992;9.471528;
28.10.1992;9.451505;
29.10.1992;9.421528;
30.10.1992;9.391435;
31.10.1992;9.371528;
1.11.1992;9.170602;
2.11.1992;9.167073;
3.11.1992;9.163681;
4.11.1992;9.160798;
5.11.1992;9.158025;
6.11.1992;9.155744;
7.11.1992;9.153549;
8.11.1992;9.151819;
9.11.1992;9.150534;
10.11.1992;9.149299;
11.11.1992;9.148494;
12.11.1992;9.147721;
13.11.1992;9.147357;
14.11.1992;9.147006;
15.11.1992;9.147053;
16.11.1992;9.147098;
17.11.1992;9.14752;
18.11.1992;9.147926;
19.11.1992;9.148696;
20.11.1992;9.149436;
21.11.1992;9.150531;
22.11.1992;9.151584;
23.11.1992;9.152975;
24.11.1992;9.154697;
25.11.1992;9.156352;
26.11.1992;9.158323;
27.11.1992;9.160218;
28.11.1992;9.162419;
29.11.1992;9.164536;
30.11.1992;9.166954;
1.12.1992;9.003125;
2.12.1992;9.000424;
3.12.1992;8.998968;
4.12.1992;8.998331;
5.12.1992;8.998477;
6.12.1992;8.99938;
7.12.1992;9.001011;
8.12.1992;9.003342;
9.12.1992;9.006346;
10.12.1992;9.009993;
11.12.1992;9.014646;
12.12.1992;9.019878;
13.12.1992;9.028338;
14.12.1992;9.039904;
15.12.1992;9.058642;
16.12.1992;9.083894;
17.12.1992;9.111984;
18.12.1992;9.13823;
19.12.1992;9.162708;
20.12.1992;9.186245;
21.12.1992;9.21078;
22.12.1992;9.234371;
23.12.1992;9.257055;
24.12.1992;9.278866;
25.12.1992;9.299837;
26.12.1992;9.320002;
27.12.1992;9.338628;
28.12.1992;9.355012;
29.12.1992;9.369624;
30.12.1992;9.385199;
31.12.1992;9.401695;
1.01.1993;9.413012;
2.01.1993;9.423893;
3.01.1993;9.43283;
4.01.1993;9.441044;
5.01.1993;9.448942;
6.01.1993;9.458057;
7.01.1993;9.466822;
8.01.1993;9.475632;
9.01.1993;9.486009;
10.01.1993;9.501316;
11.01.1993;9.521748;
12.01.1993;9.540252;
13.01.1993;9.557665;
14.01.1993;9.574024;
15.01.1993;9.589754;
16.01.1993;9.60602;
17.01.1993;9.625091;
18.01.1993;9.641903;
19.01.1993;9.655783;
20.01.1993;9.668367;
21.01.1993;9.678563;
22.01.1993;9.686845;
23.01.1993;9.69252;
24.01.1993;9.696456;
25.01.1993;9.699478;
26.01.1993;9.70162;
27.01.1993;9.703301;
28.01.1993;9.70606;
29.01.1993;9.710233;
30.01.1993;9.718438;
31.01.1993;9.735088;
1.02.1993;9.745635;
2.02.1993;9.755776;
3.02.1993;9.765143;
4.02.1993;9.774912;
5.02.1993;9.785069;
6.02.1993;9.795597;
7.02.1993;9.80572;
8.02.1993;9.815454;
9.02.1993;9.824813;
10.02.1993;9.833812;
11.02.1993;9.841319;
12.02.1993;9.84892;
13.02.1993;9.855845;
14.02.1993;9.86022;
15.02.1993;9.864427;
16.02.1993;9.868472;
17.02.1993;9.872361;
18.02.1993;9.875338;
19.02.1993;9.8782;
20.02.1993;9.881715;
21.02.1993;9.884715;
22.02.1993;9.886454;
23.02.1993;9.886605;
24.02.1993;9.888655;
25.02.1993;9.890625;
26.02.1993;9.88909;
27.02.1993;9.886093;
28.02.1993;9.884733;
1.03.1993;9.889799;
2.03.1993;9.894909;
3.03.1993;9.899822;
4.03.1993;9.904163;
5.03.1993;9.910241;
6.03.1993;9.916848;
7.03.1993;9.922059;
8.03.1993;9.9324;
9.03.1993;9.946535;
10.03.1993;9.963173;
11.03.1993;9.978409;
12.03.1993;9.992295;
13.03.1993;10.007551;
14.03.1993;10.0207;
15.03.1993;10.033722;
16.03.1993;10.047384;
17.03.1993;10.060521;
18.03.1993;10.072394;
19.03.1993;10.083048;
20.03.1993;10.092529;
21.03.1993;10.100503;
22.03.1993;10.108171;
23.03.1993;10.115543;
24.03.1993;10.122632;
25.03.1993;10.129448;
26.03.1993;10.136002;
27.03.1993;10.142303;
28.03.1993;10.1476;
29.03.1993;10.152313;
30.03.1993;10.154178;
31.03.1993;10.158255;
1.04.1993;10.168828;
2.04.1993;10.17671;
3.04.1993;10.184289;
4.04.1993;10.191577;
5.04.1993;10.192486;
6.04.1993;10.192219;
7.04.1993;10.178472;
8.04.1993;10.128472;
9.04.1993;10.088426;
10.04.1993;10.018403;
11.04.1993;9.988426;
12.04.1993;9.958449;
13.04.1993;9.938426;
14.04.1993;9.84838;
15.04.1993;9.79838;
16.04.1993;9.795756;
17.04.1993;9.793991;
18.04.1993;9.791916;
19.04.1993;9.788394;
20.04.1993;9.728472;
21.04.1993;9.708449;
22.04.1993;9.706997;
23.04.1993;9.70789;
24.04.1993;9.709506;
25.04.1993;9.668403;
26.04.1993;9.664683;
27.04.1993;9.661489;
28.04.1993;9.65994;
29.04.1993;9.656929;
30.04.1993;9.654792;
1.05.1993;9.669055;
2.05.1993;9.680101;
3.05.1993;9.693389;
4.05.1993;9.706167;
5.05.1993;9.719594;
6.05.1993;9.732505;
7.05.1993;9.744919;
8.05.1993;9.754572;
9.05.1993;9.762706;
10.05.1993;9.769007;
11.05.1993;9.773924;
12.05.1993;9.779794;
13.05.1993;9.785816;
14.05.1993;9.788561;
15.05.1993;9.79082;
16.05.1993;9.791089;
17.05.1993;9.789058;
18.05.1993;9.785964;
19.05.1993;9.776736;
20.05.1993;9.746759;
21.05.1993;9.743009;
22.05.1993;9.742066;
23.05.1993;9.743447;
24.05.1993;9.748201;
25.05.1993;9.752393;
26.05.1993;9.755661;
27.05.1993;9.757282;
28.05.1993;9.757315;
29.05.1993;9.756968;
30.05.1993;9.68669;
31.05.1993;9.596759;
1.06.1993;9.610375;
2.06.1993;9.623468;
3.06.1993;9.635294;
4.06.1993;9.645523;
5.06.1993;9.655737;
6.06.1993;9.664034;
7.06.1993;9.674678;
8.06.1993;9.687201;
9.06.1993;9.697337;
10.06.1993;9.702511;
11.06.1993;9.70482;
12.06.1993;9.712753;
13.06.1993;9.719239;
14.06.1993;9.718999;
15.06.1993;9.718005;
16.06.1993;9.715529;
17.06.1993;9.701157;
18.06.1993;9.631134;
19.06.1993;9.629712;
20.06.1993;9.581134;
21.06.1993;9.551157;
22.06.1993;9.391088;
23.06.1993;9.371065;
24.06.1993;9.291088;
25.06.1993;9.201157;
26.06.1993;9.202185;
27.06.1993;9.203935;
28.06.1993;9.203334;
29.06.1993;9.205424;
30.06.1993;9.207812;
1.07.1993;9.231725;
2.07.1993;9.253192;
3.07.1993;9.273833;
4.07.1993;9.291776;
5.07.1993;9.309791;
6.07.1993;9.325587;
7.07.1993;9.34268;
8.07.1993;9.35721;
9.07.1993;9.373087;
10.07.1993;9.38721;
11.07.1993;9.40079;
12.07.1993;9.412322;
13.07.1993;9.424173;
14.07.1993;9.435189;
15.07.1993;9.443877;
16.07.1993;9.451468;
17.07.1993;9.460292;
18.07.1993;9.469534;
19.07.1993;9.514608;
20.07.1993;9.531284;
21.07.1993;9.54313;
22.07.1993;9.553378;
23.07.1993;9.560565;
24.07.1993;9.566333;
25.07.1993;9.571116;
26.07.1993;9.576095;
27.07.1993;9.586217;
28.07.1993;9.59557;
29.07.1993;9.604942;
30.07.1993;9.612428;
31.07.1993;9.621531;
1.08.1993;9.618349;
2.08.1993;9.730327;
3.08.1993;9.635185;
4.08.1993;9.632241;
5.08.1993;9.628647;
6.08.1993;9.626333;
7.08.1993;9.624492;
8.08.1993;9.585185;
9.08.1993;9.565162;
10.08.1993;9.562244;
11.08.1993;9.558676;
12.08.1993;9.556392;
13.08.1993;9.55267;
14.08.1993;9.550616;
15.08.1993;9.535185;
16.08.1993;9.525231;
17.08.1993;9.515162;
18.08.1993;9.495255;
19.08.1993;9.435185;
20.08.1993;9.415162;
21.08.1993;9.412686;
22.08.1993;9.385185;
23.08.1993;9.375231;
24.08.1993;9.377338;
25.08.1993;9.407169;
26.08.1993;9.443092;
27.08.1993;9.440683;
28.08.1993;9.437225;
29.08.1993;9.355208;
30.08.1993;9.353513;
31.08.1993;9.315162;
1.09.1993;9.063426;
2.09.1993;9.013426;
3.09.1993;9.012242;
4.09.1993;9.01377;
5.09.1993;9.011431;
6.09.1993;9.009561;
7.09.1993;9.007762;
8.09.1993;9.005275;
9.09.1993;8.963426;
10.09.1993;8.960356;
11.09.1993;8.95893;
12.09.1993;8.956796;
13.09.1993;8.95627;
14.09.1993;8.960331;
15.09.1993;8.966903;
16.09.1993;8.971318;
17.09.1993;8.975184;
18.09.1993;8.977759;
19.09.1993;8.977185;
20.09.1993;8.979299;
21.09.1993;8.983237;
22.09.1993;8.988166;
23.09.1993;8.993667;
24.09.1993;8.99934;
25.09.1993;9.007079;
26.09.1993;9.010711;
27.09.1993;9.01344;
28.09.1993;9.015685;
29.09.1993;9.018223;
30.09.1993;9.021805;
1.10.1993;8.64294;
2.10.1993;8.640377;
3.10.1993;8.622917;
4.10.1993;8.62265;
5.10.1993;8.622009;
6.10.1993;8.621778;
7.10.1993;8.621171;
8.10.1993;8.620971;
9.10.1993;8.619254;
10.10.1993;8.617981;
11.10.1993;8.617142;
12.10.1993;8.615571;
13.10.1993;8.61292;
14.10.1993;8.611891;
15.10.1993;8.60976;
16.10.1993;8.54294;
17.10.1993;8.540795;
18.10.1993;8.522917;
19.10.1993;8.523067;
20.10.1993;8.524738;
21.10.1993;8.503009;
22.10.1993;8.362963;
23.10.1993;8.360124;
24.10.1993;8.357016;
25.10.1993;8.29294;
26.10.1993;8.292037;
27.10.1993;8.293453;
28.10.1993;8.294814;
29.10.1993;8.29536;
30.10.1993;8.295886;
31.10.1993;8.29487;
1.11.1993;8.17963;
2.11.1993;8.149653;
3.11.1993;8.099653;
4.11.1993;8.096536;
5.11.1993;8.039583;
6.11.1993;8.01956;
7.11.1993;8.009606;
8.11.1993;8.007667;
9.11.1993;8.005039;
10.11.1993;8.003274;
11.11.1993;8.000815;
12.11.1993;7.989583;
13.11.1993;7.97963;
14.11.1993;7.979606;
15.11.1993;7.981108;
16.11.1993;7.982553;
17.11.1993;7.983942;
18.11.1993;7.983373;
19.11.1993;7.983584;
20.11.1993;7.983788;
21.11.1993;7.982841;
22.11.1993;7.981552;
23.11.1993;7.96956;
24.11.1993;7.949653;
25.11.1993;7.946594;
26.11.1993;7.91956;
27.11.1993;7.909606;
28.11.1993;7.87963;
29.11.1993;7.81956;
30.11.1993;7.816552;
1.12.1993;7.604282;
2.12.1993;7.564236;
3.12.1993;7.504282;
4.12.1993;7.454282;
5.12.1993;7.452556;
6.12.1993;7.45128;
7.12.1993;7.450053;
8.12.1993;7.447726;
9.12.1993;7.44549;
10.12.1993;7.414236;
11.12.1993;7.411383;
12.12.1993;7.374306;
13.12.1993;7.334259;
14.12.1993;7.3322;
15.12.1993;7.329841;
16.12.1993;7.284259;
17.12.1993;7.184259;
18.12.1993;7.144329;
19.12.1993;7.143101;
20.12.1993;7.144588;
21.12.1993;7.142587;
22.12.1993;7.139905;
23.12.1993;7.138468;
24.12.1993;7.137466;
25.12.1993;7.136502;
26.12.1993;7.134054;
27.12.1993;7.004282;
28.12.1993;6.804282;
29.12.1993;6.794329;
30.12.1993;6.794761;
31.12.1993;6.79746;
1.01.1994;6.803301;
2.01.1994;6.812346;
3.01.1994;6.825232;
4.01.1994;6.840289;
5.01.1994;6.861244;
6.01.1994;6.885964;
7.01.1994;6.907828;
8.01.1994;6.926563;
9.01.1994;6.941914;
10.01.1994;6.954008;
11.01.1994;6.965252;
12.01.1994;6.974159;
13.01.1994;6.981966;
14.01.1994;6.988325;
15.01.1994;6.994823;
16.01.1994;7.001451;
17.01.1994;7.012016;
18.01.1994;7.029793;
19.01.1994;7.049549;
20.01.1994;7.070833;
21.01.1994;7.090536;
22.01.1994;7.10948;
23.01.1994;7.125028;
24.01.1994;7.138073;
25.01.1994;7.148333;
26.01.1994;7.157814;
27.01.1994;7.165409;
28.01.1994;7.17157;
29.01.1994;7.177495;
30.01.1994;7.183191;
31.01.1994;7.190573;
1.02.1994;7.20509;
2.02.1994;7.224;
3.02.1994;7.247513;
4.02.1994;7.27393;
5.02.1994;7.302761;
6.02.1994;7.33315;
7.02.1994;7.358939;
8.02.1994;7.381452;
9.02.1994;7.40462;
10.02.1994;7.430327;
11.02.1994;7.457712;
12.02.1994;7.485185;
13.02.1994;7.514648;
14.02.1994;7.553262;
15.02.1994;7.595342;
16.02.1994;7.638849;
17.02.1994;7.682971;
18.02.1994;7.726916;
19.02.1994;7.770695;
20.02.1994;7.814315;
21.02.1994;7.857778;
22.02.1994;7.901094;
23.02.1994;7.944264;
24.02.1994;7.987299;
25.02.1994;8.030204;
26.02.1994;8.072978;
27.02.1994;8.115633;
28.02.1994;8.158167;
1.03.1994;8.211739;
2.03.1994;8.263167;
3.03.1994;8.312616;
4.03.1994;8.360162;
5.03.1994;8.405879;
6.03.1994;8.449837;
7.03.1994;8.492103;
8.03.1994;8.532744;
9.03.1994;8.57182;
10.03.1994;8.609777;
11.03.1994;8.648557;
12.03.1994;8.68737;
13.03.1994;8.727736;
14.03.1994;8.767691;
15.03.1994;8.808393;
16.03.1994;8.850579;
17.03.1994;8.893426;
18.03.1994;8.934624;
19.03.1994;8.974237;
20.03.1994;9.010421;
21.03.1994;9.043309;
22.03.1994;9.074168;
23.03.1994;9.103077;
24.03.1994;9.130116;
25.03.1994;9.15954;
26.03.1994;9.188974;
27.03.1994;9.215754;
28.03.1994;9.240362;
29.03.1994;9.262118;
30.03.1994;9.281133;
31.03.1994;9.297128;
1.04.1994;9.320095;
2.04.1994;9.34142;
3.04.1994;9.361541;
4.04.1994;9.378221;
5.04.1994;9.391212;
6.04.1994;9.403324;
7.04.1994;9.415733;
8.04.1994;9.428044;
9.04.1994;9.440644;
10.04.1994;9.45047;
11.04.1994;9.456493;
12.04.1994;9.459238;
13.04.1994;9.458827;
14.04.1994;9.461482;
15.04.1994;9.460984;
16.04.1994;9.443981;
17.04.1994;9.434028;
18.04.1994;9.414005;
19.04.1994;9.404051;
20.04.1994;9.384028;
21.04.1994;9.374074;
22.04.1994;9.354051;
23.04.1994;9.343981;
24.04.1994;9.324074;
25.04.1994;9.314005;
26.04.1994;9.293981;
27.04.1994;9.284028;
28.04.1994;9.264005;
29.04.1994;9.254051;
30.04.1994;9.234028;
1.05.1994;8.911921;
2.05.1994;8.910397;
3.05.1994;8.907785;
4.05.1994;8.90642;
5.05.1994;8.905486;
6.05.1994;8.904209;
7.05.1994;8.902982;
8.05.1994;8.900655;
9.05.1994;8.897276;
10.05.1994;8.871875;
11.05.1994;8.801852;
12.05.1994;8.761921;
13.05.1994;8.758929;
14.05.1994;8.751852;
15.05.1994;8.681829;
16.05.1994;8.561921;
17.05.1994;8.521875;
18.05.1994;8.511921;
19.05.1994;8.508646;
20.05.1994;8.507402;
21.05.1994;8.507726;
22.05.1994;8.509943;
23.05.1994;8.491898;
24.05.1994;8.488631;
25.05.1994;8.361921;
26.05.1994;8.221875;
27.05.1994;8.219091;
28.05.1994;8.21756;
29.05.1994;8.201852;
30.05.1994;8.198696;
31.05.1994;8.195662;
1.06.1994;8.221013;
2.06.1994;8.241201;
3.06.1994;8.261753;
4.06.1994;8.281515;
5.06.1994;8.300896;
6.06.1994;8.316863;
7.06.1994;8.334121;
8.06.1994;8.353003;
9.06.1994;8.369254;
10.06.1994;8.387926;
11.06.1994;8.407405;
12.06.1994;8.425752;
13.06.1994;8.438441;
14.06.1994;8.4495;
15.06.1994;8.460133;
16.06.1994;8.468453;
17.06.1994;8.477594;
18.06.1994;8.491719;
19.06.1994;8.506442;
20.06.1994;8.530121;
21.06.1994;8.531176;
22.06.1994;8.529523;
23.06.1994;8.493981;
24.06.1994;8.492618;
25.06.1994;8.493591;
26.06.1994;8.443981;
27.06.1994;8.446067;
28.06.1994;8.44731;
29.06.1994;8.449647;
30.06.1994;8.434028;
1.07.1994;8.434856;
2.07.1994;8.431844;
3.07.1994;8.433136;
4.07.1994;8.420949;
5.07.1994;8.418088;
6.07.1994;8.417242;
7.07.1994;8.414907;
8.07.1994;8.413804;
9.07.1994;8.413123;
10.07.1994;8.410947;
11.07.1994;8.390972;
12.07.1994;8.388123;
13.07.1994;8.36088;
14.07.1994;8.358046;
15.07.1994;8.350926;
16.07.1994;8.349997;
17.07.1994;8.347582;
18.07.1994;8.31088;
19.07.1994;8.250926;
20.07.1994;8.230903;
21.07.1994;8.220949;
22.07.1994;8.217786;
23.07.1994;8.200926;
24.07.1994;8.16088;
25.07.1994;8.140972;
26.07.1994;8.138219;
27.07.1994;8.120949;
28.07.1994;8.118204;
29.07.1994;8.100926;
30.07.1994;8.098188;
31.07.1994;8.080903;
1.08.1994;8.059491;
2.08.1994;8.057915;
3.08.1994;8.054875;
4.08.1994;8.039468;
5.08.1994;8.01956;
6.08.1994;7.939468;
7.08.1994;7.839468;
8.08.1994;7.799537;
9.08.1994;7.789468;
10.08.1994;7.786854;
11.08.1994;7.783958;
12.08.1994;7.779514;
13.08.1994;7.777283;
14.08.1994;7.689468;
15.08.1994;7.679514;
16.08.1994;7.639468;
17.08.1994;7.636912;
18.08.1994;7.629514;
19.08.1994;7.62772;
20.08.1994;7.626758;
21.08.1994;7.609491;
22.08.1994;7.559491;
23.08.1994;7.556966;
24.08.1994;7.556822;
25.08.1994;7.558967;
26.08.1994;7.559125;
27.08.1994;7.562327;
28.08.1994;7.563881;
29.08.1994;7.564997;
30.08.1994;7.563781;
31.08.1994;7.565279;
1.09.1994;7.475926;
2.09.1994;7.475712;
3.09.1994;7.478174;
4.09.1994;7.478637;
5.09.1994;7.478703;
6.09.1994;7.479908;
7.09.1994;7.480687;
8.09.1994;7.481053;
9.09.1994;7.481788;
10.09.1994;7.481733;
11.09.1994;7.483584;
12.09.1994;7.488031;
13.09.1994;7.490019;
14.09.1994;7.491931;
15.09.1994;7.495673;
16.09.1994;7.498509;
17.09.1994;7.501236;
18.09.1994;7.501574;
19.09.1994;7.514852;
20.09.1994;7.536379;
21.09.1994;7.554031;
22.09.1994;7.576718;
23.09.1994;7.555903;
24.09.1994;7.556042;
25.09.1994;7.525926;
26.09.1994;7.526077;
27.09.1994;7.528505;
28.09.1994;7.528173;
29.09.1994;7.529379;
30.09.1994;7.531681;
1.10.1994;7.308449;
2.10.1994;7.278472;
3.10.1994;7.248495;
4.10.1994;7.218519;
5.10.1994;7.168519;
6.10.1994;7.088426;
7.10.1994;7.086845;
8.10.1994;7.084941;
9.10.1994;7.08311;
10.10.1994;7.048495;
11.10.1994;7.045783;
12.10.1994;7.045843;
13.10.1994;7.047805;
14.10.1994;7.049691;
15.10.1994;7.050742;
16.10.1994;7.052132;
17.10.1994;7.055757;
18.10.1994;7.055812;
19.10.1994;7.055102;
20.10.1994;7.052899;
21.10.1994;7.050396;
22.10.1994;7.028472;
23.10.1994;6.958449;
24.10.1994;6.956914;
25.10.1994;6.948495;
26.10.1994;6.928472;
27.10.1994;6.926569;
28.10.1994;6.924356;
29.10.1994;6.922611;
30.10.1994;6.898495;
31.10.1994;6.888426;
1.11.1994;6.440162;
2.11.1994;6.410185;
3.11.1994;6.408102;
4.11.1994;6.405716;
5.11.1994;6.403422;
6.11.1994;6.401216;
7.11.1994;6.399094;
8.11.1994;6.398196;
9.11.1994;6.398096;
10.11.1994;6.370255;
11.11.1994;6.340162;
12.11.1994;6.337723;
13.11.1994;6.337282;
14.11.1994;6.339908;
15.11.1994;6.343955;
16.11.1994;6.347467;
17.11.1994;6.350081;
18.11.1994;6.352595;
19.11.1994;6.355011;
20.11.1994;6.35581;
21.11.1994;6.355435;
22.11.1994;6.355076;
23.11.1994;6.356255;
24.11.1994;6.358152;
25.11.1994;6.357687;
26.11.1994;6.357241;
27.11.1994;6.357953;
28.11.1994;6.363211;
29.11.1994;6.371695;
30.11.1994;6.384805;
1.12.1994;6.404256;
2.12.1994;6.439722;
3.12.1994;6.490584;
4.12.1994;6.547488;
5.12.1994;6.604485;
6.12.1994;6.660436;
7.12.1994;6.714992;
8.12.1994;6.765928;
9.12.1994;6.813379;
10.12.1994;6.859005;
11.12.1994;6.901353;
12.12.1994;6.940547;
13.12.1994;6.978233;
14.12.1994;7.013706;
15.12.1994;7.039054;
16.12.1994;7.064189;
17.12.1994;7.090641;
18.12.1994;7.118743;
19.12.1994;7.148047;
20.12.1994;7.178891;
21.12.1994;7.210836;
22.12.1994;7.243835;
23.12.1994;7.278233;
24.12.1994;7.31359;
25.12.1994;7.349876;
26.12.1994;7.387428;
27.12.1994;7.425823;
28.12.1994;7.465025;
29.12.1994;7.505386;
30.12.1994;7.546477;
31.12.1994;7.588655;
1.01.1995;7.638415;
2.01.1995;7.69007;
3.01.1995;7.74088;
4.01.1995;7.787829;
5.01.1995;7.832594;
6.01.1995;7.876014;
7.01.1995;7.918527;
8.01.1995;7.960167;
9.01.1995;7.99868;
10.01.1995;8.034569;
11.01.1995;8.069076;
12.01.1995;8.102256;
13.01.1995;8.13416;
14.01.1995;8.164836;
15.01.1995;8.191664;
16.01.1995;8.215935;
17.01.1995;8.240034;
18.01.1995;8.26359;
19.01.1995;8.287381;
20.01.1995;8.312162;
21.01.1995;8.337894;
22.01.1995;8.364156;
23.01.1995;8.390555;
24.01.1995;8.417079;
25.01.1995;8.442962;
26.01.1995;8.469375;
27.01.1995;8.498197;
28.01.1995;8.527435;
29.01.1995;8.557833;
30.01.1995;8.588206;
31.01.1995;8.617412;
1.02.1995;8.651502;
2.02.1995;8.683519;
3.02.1995;8.713161;
4.02.1995;8.740521;
5.02.1995;8.765687;
6.02.1995;8.788358;
7.02.1995;8.814351;
8.02.1995;8.844294;
9.02.1995;8.873085;
10.02.1995;8.900768;
11.02.1995;8.925861;
12.02.1995;8.951513;
13.02.1995;8.975795;
14.02.1995;8.999527;
15.02.1995;9.022345;
16.02.1995;9.046953;
17.02.1995;9.070992;
18.02.1995;9.094108;
19.02.1995;9.116333;
20.02.1995;9.137703;
21.02.1995;9.159394;
22.02.1995;9.183295;
23.02.1995;9.206661;
24.02.1995;9.227223;
25.02.1995;9.245469;
26.02.1995;9.26568;
27.02.1995;9.282067;
28.02.1995;9.297823;
1.03.1995;9.323669;
2.03.1995;9.348471;
3.03.1995;9.370799;
4.03.1995;9.388458;
5.03.1995;9.403912;
6.03.1995;9.419914;
7.03.1995;9.4353;
8.03.1995;9.448572;
9.03.1995;9.463239;
10.03.1995;9.476958;
11.03.1995;9.491674;
12.03.1995;9.504683;
13.03.1995;9.517191;
14.03.1995;9.533789;
15.03.1995;9.550128;
16.03.1995;9.555553;
17.03.1995;9.566103;
18.03.1995;9.576248;
19.03.1995;9.581051;
20.03.1995;9.581097;
21.03.1995;9.581142;
22.03.1995;9.568981;
23.03.1995;9.56873;
24.03.1995;9.571155;
25.03.1995;9.571582;
26.03.1995;9.571993;
27.03.1995;9.574293;
28.03.1995;9.578025;
29.03.1995;9.581234;
30.03.1995;9.58432;
31.03.1995;9.587287;
1.04.1995;9.592711;
2.04.1995;9.597925;
3.04.1995;9.602939;
4.04.1995;9.60776;
5.04.1995;9.612396;
6.04.1995;9.616853;
7.04.1995;9.621139;
8.04.1995;9.623734;
9.04.1995;9.62623;
10.04.1995;9.630155;
11.04.1995;9.630882;
12.04.1995;9.631582;
13.04.1995;9.634159;
14.04.1995;9.640063;
15.04.1995;9.644597;
16.04.1995;9.647053;
17.04.1995;9.616551;
18.04.1995;9.614372;
19.04.1995;9.611897;
20.04.1995;9.586458;
21.04.1995;9.583153;
22.04.1995;9.581117;
23.04.1995;9.566551;
24.04.1995;9.536458;
25.04.1995;9.526505;
26.04.1995;9.456481;
27.04.1995;9.316551;
28.04.1995;9.313345;
29.04.1995;9.312931;
30.04.1995;9.311006;
1.05.1995;9.324564;
2.05.1995;9.336838;
3.05.1995;9.350165;
4.05.1995;9.359929;
5.05.1995;9.367033;
6.05.1995;9.37691;
7.05.1995;9.38717;
8.05.1995;9.394751;
9.05.1995;9.401278;
10.05.1995;9.409838;
11.05.1995;9.419593;
12.05.1995;9.426306;
13.05.1995;9.431235;
14.05.1995;9.433691;
15.05.1995;9.436052;
16.05.1995;9.439086;
17.05.1995;9.443523;
18.05.1995;9.450078;
19.05.1995;9.457902;
20.05.1995;9.465045;
21.05.1995;9.470389;
22.05.1995;9.47248;
23.05.1995;9.468777;
24.05.1995;9.465216;
25.05.1995;9.440972;
26.05.1995;9.439244;
27.05.1995;9.439867;
28.05.1995;9.437802;
29.05.1995;9.434291;
30.05.1995;9.231019;
31.05.1995;9.131019;
1.06.1995;9.145731;
2.06.1995;9.159115;
3.06.1995;9.172363;
4.06.1995;9.182438;
5.06.1995;9.189458;
6.06.1995;9.193541;
7.06.1995;9.197467;
8.06.1995;9.202004;
9.06.1995;9.20713;
10.06.1995;9.214342;
11.06.1995;9.216326;
12.06.1995;9.216328;
13.06.1995;9.216331;
14.06.1995;9.213287;
15.06.1995;9.109491;
16.06.1995;9.108269;
17.06.1995;9.108237;
18.06.1995;9.105543;
19.06.1995;9.069444;
20.06.1995;9.065955;
21.06.1995;9.059491;
22.06.1995;9.039468;
23.06.1995;9.009491;
24.06.1995;8.999421;
25.06.1995;8.959491;
26.06.1995;8.929514;
27.06.1995;8.926836;
28.06.1995;8.899421;
29.06.1995;8.897523;
30.06.1995;8.859491;
1.07.1995;8.757523;
2.07.1995;8.727546;
3.07.1995;8.727235;
4.07.1995;8.728461;
5.07.1995;8.731544;
6.07.1995;8.731841;
7.07.1995;8.734031;
8.07.1995;8.732712;
9.07.1995;8.677546;
10.07.1995;8.675733;
11.07.1995;8.677798;
12.07.1995;8.680164;
13.07.1995;8.682059;
14.07.1995;8.684644;
15.07.1995;8.687129;
16.07.1995;8.688373;
17.07.1995;8.693761;
18.07.1995;8.705035;
19.07.1995;8.715112;
20.07.1995;8.724802;
21.07.1995;8.735265;
22.07.1995;8.746084;
23.07.1995;8.75344;
24.07.1995;8.759751;
25.07.1995;8.896855;
26.07.1995;8.912505;
27.07.1995;8.737616;
28.07.1995;8.687616;
29.07.1995;8.685794;
30.07.1995;8.68328;
31.07.1995;8.681246;
1.08.1995;8.435764;
2.08.1995;8.315741;
3.08.1995;8.215741;
4.08.1995;8.212959;
5.08.1995;8.211426;
6.08.1995;8.209952;
7.08.1995;8.185764;
8.08.1995;8.184519;
9.08.1995;8.182175;
10.08.1995;8.175694;
11.08.1995;8.135764;
12.08.1995;8.135296;
13.08.1995;8.115741;
14.08.1995;7.835764;
15.08.1995;7.851411;
16.08.1995;7.867219;
17.08.1995;7.882798;
18.08.1995;7.894352;
19.08.1995;7.906603;
20.08.1995;7.918004;
21.08.1995;7.929345;
22.08.1995;7.941013;
23.08.1995;7.952231;
24.08.1995;7.96416;
25.08.1995;7.976392;
26.08.1995;7.987012;
27.08.1995;7.994556;
28.08.1995;8.002573;
29.08.1995;8.009135;
30.08.1995;8.012398;
31.08.1995;8.016677;
1.09.1995;8.015395;
2.09.1995;8.015688;
3.09.1995;8.014828;
4.09.1995;8.015906;
5.09.1995;8.016942;
6.09.1995;8.018701;
7.09.1995;8.022296;
8.09.1995;8.023466;
9.09.1995;8.024974;
10.09.1995;8.028328;
11.09.1995;8.032695;
12.09.1995;8.037274;
13.09.1995;8.04206;
14.09.1995;8.045898;
15.09.1995;8.04959;
16.09.1995;8.052376;
17.09.1995;8.05353;
18.09.1995;8.056165;
19.09.1995;8.056794;
20.09.1995;8.055494;
21.09.1995;7.984028;
22.09.1995;7.982481;
23.09.1995;7.980231;
24.09.1995;7.978068;
25.09.1995;7.980177;
26.09.1995;7.98335;
27.09.1995;7.985639;
28.09.1995;7.982889;
29.09.1995;7.980623;
30.09.1995;7.978445;
1.10.1995;7.171412;
2.10.1995;7.170174;
3.10.1995;7.170129;
4.10.1995;7.171608;
5.10.1995;7.173029;
6.10.1995;7.174017;
7.10.1995;7.174204;
8.10.1995;7.172858;
9.10.1995;7.171564;
10.10.1995;7.169941;
11.10.1995;7.161343;
12.10.1995;7.15935;
13.10.1995;7.157817;
14.10.1995;7.141435;
15.10.1995;7.138687;
16.10.1995;7.091435;
17.10.1995;7.041435;
18.10.1995;6.911343;
19.10.1995;6.851389;
20.10.1995;6.849895;
21.10.1995;6.848841;
22.10.1995;6.791435;
23.10.1995;6.794152;
24.10.1995;6.79829;
25.10.1995;6.800744;
26.10.1995;6.798914;
27.10.1995;6.781366;
28.10.1995;6.780282;
29.10.1995;6.780003;
30.10.1995;6.780492;
31.10.1995;6.781726;
1.11.1995;6.680787;
2.11.1995;6.678596;
3.11.1995;6.640741;
4.11.1995;6.600694;
5.11.1995;6.580787;
6.11.1995;6.490741;
7.11.1995;6.470718;
8.11.1995;6.469753;
9.11.1995;6.47111;
10.11.1995;6.474702;
11.11.1995;6.479678;
12.11.1995;6.484845;
13.11.1995;6.489814;
14.11.1995;6.493828;
15.11.1995;6.496163;
16.11.1995;6.496125;
17.11.1995;6.498371;
18.11.1995;6.502819;
19.11.1995;6.504429;
20.11.1995;6.510549;
21.11.1995;6.513003;
22.11.1995;6.516888;
23.11.1995;6.520624;
24.11.1995;6.524595;
25.11.1995;6.529176;
26.11.1995;6.535102;
27.11.1995;6.5408;
28.11.1995;6.545899;
29.11.1995;6.54966;
30.11.1995;6.553277;
1.12.1995;6.550794;
2.12.1995;6.544329;
3.12.1995;6.534375;
4.12.1995;6.474306;
5.12.1995;6.471814;
6.12.1995;6.469419;
7.12.1995;6.467116;
8.12.1995;6.464902;
9.12.1995;6.462393;
10.12.1995;6.444329;
11.12.1995;6.424306;
12.12.1995;6.404282;
13.12.1995;6.402202;
14.12.1995;6.400964;
15.12.1995;6.400916;
16.12.1995;6.403916;
17.12.1995;6.408705;
18.12.1995;6.414452;
19.12.1995;6.422644;
20.12.1995;6.426713;
21.12.1995;6.42872;
22.12.1995;6.429125;
23.12.1995;6.427993;
24.12.1995;6.394329;
25.12.1995;6.391868;
26.12.1995;6.389503;
27.12.1995;6.387228;
28.12.1995;6.334375;
29.12.1995;6.274306;
30.12.1995;6.276084;
31.12.1995;6.244329;
1.01.1996;6.156944;
2.01.1996;6.154575;
3.01.1996;6.164109;
4.01.1996;6.146991;
5.01.1996;6.153765;
6.01.1996;6.174757;
7.01.1996;6.207127;
8.01.1996;6.247016;
9.01.1996;6.289938;
10.01.1996;6.33578;
11.01.1996;6.383667;
12.01.1996;6.430475;
13.01.1996;6.475481;
14.01.1996;6.517615;
15.01.1996;6.558127;
16.01.1996;6.595554;
17.01.1996;6.631542;
18.01.1996;6.665003;
19.01.1996;6.695272;
20.01.1996;6.724377;
21.01.1996;6.752362;
22.01.1996;6.779269;
23.01.1996;6.805905;
24.01.1996;6.833799;
25.01.1996;6.862524;
26.01.1996;6.890907;
27.01.1996;6.91934;
28.01.1996;6.949346;
29.01.1996;6.980481;
30.01.1996;7.013086;
31.01.1996;7.045199;
1.02.1996;7.084748;
2.02.1996;7.122776;
3.02.1996;7.15934;
4.02.1996;7.194498;
5.02.1996;7.228302;
6.02.1996;7.260806;
7.02.1996;7.29206;
8.02.1996;7.322111;
9.02.1996;7.350626;
10.02.1996;7.37614;
11.02.1996;7.403335;
12.02.1996;7.436723;
13.02.1996;7.475302;
14.02.1996;7.514302;
15.02.1996;7.554848;
16.02.1996;7.595738;
17.02.1996;7.635434;
18.02.1996;7.673603;
19.02.1996;7.710303;
20.02.1996;7.745591;
21.02.1996;7.779521;
22.02.1996;7.812146;
23.02.1996;7.841231;
24.02.1996;7.868056;
25.02.1996;7.893849;
26.02.1996;7.916361;
27.02.1996;7.936865;
28.02.1996;7.954675;
29.02.1996;7.971038;
1.03.1996;7.988878;
2.03.1996;8.006032;
3.03.1996;8.024051;
4.03.1996;8.045949;
5.03.1996;8.066621;
6.03.1996;8.089548;
7.03.1996;8.113877;
8.03.1996;8.142604;
9.03.1996;8.175177;
10.03.1996;8.211069;
11.03.1996;8.245959;
12.03.1996;8.28179;
13.03.1996;8.317389;
14.03.1996;8.353901;
15.03.1996;8.388246;
16.03.1996;8.423937;
17.03.1996;8.454825;
18.03.1996;8.48262;
19.03.1996;8.51125;
20.03.1996;8.537257;
21.03.1996;8.56188;
22.03.1996;8.586702;
23.03.1996;8.612473;
24.03.1996;8.637253;
25.03.1996;8.661079;
26.03.1996;8.686272;
27.03.1996;8.711259;
28.03.1996;8.736426;
29.03.1996;8.762909;
30.03.1996;8.790661;
31.03.1996;8.818107;
1.04.1996;8.841496;
2.04.1996;8.866651;
3.04.1996;8.886646;
4.04.1996;8.905872;
5.04.1996;8.927405;
6.04.1996;8.944299;
7.04.1996;8.96207;
8.04.1996;8.980298;
9.04.1996;8.997062;
10.04.1996;9.013565;
11.04.1996;9.030195;
12.04.1996;9.04123;
13.04.1996;9.048032;
14.04.1996;9.054572;
15.04.1996;9.062006;
16.04.1996;9.069154;
17.04.1996;9.076028;
18.04.1996;9.082637;
19.04.1996;9.086324;
20.04.1996;9.089486;
21.04.1996;9.093672;
22.04.1996;9.099602;
23.04.1996;9.105304;
24.04.1996;9.110786;
25.04.1996;9.116058;
26.04.1996;9.121126;
27.04.1996;9.124475;
28.04.1996;9.081134;
29.04.1996;8.861111;
30.04.1996;8.85999;
1.05.1996;8.896721;
2.05.1996;8.932802;
3.05.1996;8.968257;
4.05.1996;9.003111;
5.05.1996;9.03624;
6.05.1996;9.066189;
7.05.1996;9.09537;
8.05.1996;9.123808;
9.05.1996;9.150009;
10.05.1996;9.177107;
11.05.1996;9.201637;
12.05.1996;9.222176;
13.05.1996;9.239642;
14.05.1996;9.257194;
15.05.1996;9.277121;
16.05.1996;9.316086;
17.05.1996;9.332984;
18.05.1996;9.350754;
19.05.1996;9.369744;
20.05.1996;9.385341;
21.05.1996;9.403763;
22.05.1996;9.405477;
23.05.1996;9.404079;
24.05.1996;9.403876;
25.05.1996;9.404444;
26.05.1996;9.40499;
27.05.1996;9.405899;
28.05.1996;9.406772;
29.05.1996;9.406087;
30.05.1996;9.405428;
31.05.1996;9.39375;
1.06.1996;9.407753;
2.06.1996;9.420838;
3.06.1996;9.427706;
4.06.1996;9.42707;
5.06.1996;9.427222;
6.06.1996;9.427368;
7.06.1996;9.426745;
8.06.1996;9.426909;
9.06.1996;9.424021;
10.06.1996;9.420859;
11.06.1996;9.41782;
12.06.1996;9.416802;
13.06.1996;9.413919;
14.06.1996;9.376273;
15.06.1996;9.366319;
16.06.1996;9.35625;
17.06.1996;9.353413;
18.06.1996;9.346296;
19.06.1996;9.336227;
20.06.1996;9.316319;
21.06.1996;9.313877;
22.06.1996;9.311907;
23.06.1996;9.276273;
24.06.1996;9.236227;
25.06.1996;9.233057;
26.06.1996;9.196296;
27.06.1996;9.186227;
28.06.1996;9.183076;
29.06.1996;9.184234;
30.06.1996;9.066319;
1.07.1996;9.071009;
2.07.1996;9.070947;
3.07.1996;9.069745;
4.07.1996;9.066685;
5.07.1996;9.063363;
6.07.1996;9.062453;
7.07.1996;9.051042;
8.07.1996;9.021065;
9.07.1996;9.018736;
10.07.1996;8.951042;
11.07.1996;8.940972;
12.07.1996;8.939437;
13.07.1996;8.938723;
14.07.1996;8.937274;
15.07.1996;8.936264;
16.07.1996;8.937198;
17.07.1996;8.938858;
18.07.1996;8.936646;
19.07.1996;8.910995;
20.07.1996;8.851042;
21.07.1996;8.851445;
22.07.1996;8.852213;
23.07.1996;8.85295;
24.07.1996;8.857469;
25.07.1996;8.860292;
26.07.1996;8.861482;
27.07.1996;8.865672;
28.07.1996;8.865513;
29.07.1996;8.851042;
30.07.1996;8.848015;
31.07.1996;8.831019;
1.08.1996;8.620833;
2.08.1996;8.590741;
3.08.1996;8.588961;
4.08.1996;8.570833;
5.08.1996;8.530787;
6.08.1996;8.520833;
7.08.1996;8.517555;
8.08.1996;8.510764;
9.08.1996;8.508252;
10.08.1996;8.50812;
11.08.1996;8.505331;
12.08.1996;8.470833;
13.08.1996;8.469858;
14.08.1996;8.468541;
15.08.1996;8.468795;
16.08.1996;8.470565;
17.08.1996;8.477598;
18.08.1996;8.482076;
19.08.1996;8.486002;
20.08.1996;8.486727;
21.08.1996;8.486281;
22.08.1996;8.484711;
23.08.1996;8.480787;
24.08.1996;8.478666;
25.08.1996;8.475863;
26.08.1996;8.474694;
27.08.1996;8.473949;
28.08.1996;8.474759;
29.08.1996;8.477441;
30.08.1996;8.478116;
31.08.1996;8.483337;
1.09.1996;8.046759;
2.09.1996;7.966782;
3.09.1996;7.964475;
4.09.1996;7.964545;
5.09.1996;7.965375;
6.09.1996;7.963885;
7.09.1996;7.966645;
8.09.1996;7.966248;
9.09.1996;7.964724;
10.09.1996;7.96288;
11.09.1996;7.96339;
12.09.1996;7.961597;
13.09.1996;7.960636;
14.09.1996;7.959712;
15.09.1996;7.906713;
16.09.1996;7.856713;
17.09.1996;7.854453;
18.09.1996;7.854184;
19.09.1996;7.853926;
20.09.1996;7.854056;
21.09.1996;7.854566;
22.09.1996;7.856576;
23.09.1996;7.86156;
24.09.1996;7.864448;
25.09.1996;7.867604;
26.09.1996;7.875589;
27.09.1996;7.890507;
28.09.1996;7.893802;
29.09.1996;7.892019;
30.09.1996;7.890305;
1.10.1996;7.552894;
2.10.1996;7.53287;
3.10.1996;7.502894;
4.10.1996;7.462847;
5.10.1996;7.461122;
6.10.1996;7.458317;
7.10.1996;7.456383;
8.10.1996;7.454144;
9.10.1996;7.45237;
10.10.1996;7.43287;
11.10.1996;7.430394;
12.10.1996;7.428392;
13.10.1996;7.428372;
14.10.1996;7.430257;
15.10.1996;7.432069;
16.10.1996;7.434954;
17.10.1996;7.434681;
18.10.1996;7.432135;
19.10.1996;7.429687;
20.10.1996;7.352894;
21.10.1996;7.350064;
22.10.1996;7.351532;
23.10.1996;7.356753;
24.10.1996;7.359489;
25.10.1996;7.365929;
26.10.1996;7.372501;
27.10.1996;7.376535;
28.10.1996;7.377748;
29.10.1996;7.380055;
30.10.1996;7.384941;
31.10.1996;7.391927;
1.11.1996;7.393442;
2.11.1996;7.392611;
3.11.1996;7.326273;
4.11.1996;7.216319;
5.11.1996;7.196296;
6.11.1996;7.194669;
7.11.1996;7.136343;
8.11.1996;7.096296;
9.11.1996;7.066319;
10.11.1996;7.036343;
11.11.1996;7.034014;
12.11.1996;7.032159;
13.11.1996;6.956366;
14.11.1996;6.954831;
15.11.1996;6.956781;
16.11.1996;6.958277;
17.11.1996;6.957431;
18.11.1996;6.958523;
19.11.1996;6.958047;
20.11.1996;6.958352;
21.11.1996;6.959408;
22.11.1996;6.958898;
23.11.1996;6.958787;
24.11.1996;6.946296;
25.11.1996;6.916319;
26.11.1996;6.906366;
27.11.1996;6.836343;
28.11.1996;6.766319;
29.11.1996;6.696296;
30.11.1996;6.694862;
1.12.1996;6.696053;
2.12.1996;6.695293;
3.12.1996;6.673727;
4.12.1996;6.672301;
5.12.1996;6.672455;
6.12.1996;6.674125;
7.12.1996;6.673825;
8.12.1996;6.671633;
9.12.1996;6.663657;
10.12.1996;6.661094;
11.12.1996;6.658628;
12.12.1996;6.656258;
13.12.1996;6.653979;
14.12.1996;6.651787;
15.12.1996;6.64968;
16.12.1996;6.64375;
17.12.1996;6.641952;
18.12.1996;6.640223;
19.12.1996;6.613657;
20.12.1996;6.583681;
21.12.1996;6.581147;
22.12.1996;6.573727;
23.12.1996;6.54375;
24.12.1996;6.473727;
25.12.1996;6.423727;
26.12.1996;6.413657;
27.12.1996;6.383681;
28.12.1996;6.382366;
29.12.1996;6.384153;
30.12.1996;6.395395;
31.12.1996;6.40925;
1.01.1997;6.415139;
2.01.1997;6.420038;
3.01.1997;6.424749;
4.01.1997;6.4289;
5.01.1997;6.430607;
6.01.1997;6.432249;
7.01.1997;6.433827;
8.01.1997;6.435345;
9.01.1997;6.436804;
10.01.1997;6.436303;
11.01.1997;6.434295;
12.01.1997;6.432365;
13.01.1997;6.430129;
14.01.1997;6.427597;
15.01.1997;6.425161;
16.01.1997;6.418634;
17.01.1997;6.408565;
18.01.1997;6.406099;
19.01.1997;6.398611;
20.01.1997;6.388657;
21.01.1997;6.386578;
22.01.1997;6.384959;
23.01.1997;6.383785;
24.01.1997;6.383035;
25.01.1997;6.382698;
26.01.1997;6.382753;
27.01.1997;6.387377;
28.01.1997;6.398301;
29.01.1997;6.412229;
30.01.1997;6.426005;
31.01.1997;6.439251;
1.02.1997;6.449902;
2.02.1997;6.458618;
3.02.1997;6.470429;
4.02.1997;6.490166;
5.02.1997;6.515999;
6.02.1997;6.540459;
7.02.1997;6.562832;
8.02.1997;6.584344;
9.02.1997;6.603507;
10.02.1997;6.620408;
11.02.1997;6.636658;
12.02.1997;6.649999;
13.02.1997;6.662443;
14.02.1997;6.674409;
15.02.1997;6.685914;
16.02.1997;6.696976;
17.02.1997;6.709139;
18.02.1997;6.724263;
19.02.1997;6.741089;
20.02.1997;6.757268;
21.02.1997;6.774349;
22.02.1997;6.796867;
23.02.1997;6.82461;
24.02.1997;6.860809;
25.02.1997;6.903234;
26.02.1997;6.946315;
27.02.1997;6.989642;
28.02.1997;7.03054;
1.03.1997;7.07992;
2.03.1997;7.127687;
3.03.1997;7.175142;
4.03.1997;7.222296;
5.03.1997;7.270299;
6.03.1997;7.318742;
7.03.1997;7.368369;
8.03.1997;7.417228;
9.03.1997;7.464206;
10.03.1997;7.511666;
11.03.1997;7.560725;
12.03.1997;7.606754;
13.03.1997;7.652155;
14.03.1997;7.695808;
15.03.1997;7.737782;
16.03.1997;7.781571;
17.03.1997;7.825579;
18.03.1997;7.869037;
19.03.1997;7.915394;
20.03.1997;7.96263;
21.03.1997;8.01262;
22.03.1997;8.061071;
23.03.1997;8.107658;
24.03.1997;8.153593;
25.03.1997;8.19662;
26.03.1997;8.237991;
27.03.1997;8.278912;
28.03.1997;8.322068;
29.03.1997;8.363184;
30.03.1997;8.399288;
31.03.1997;8.434766;
1.04.1997;8.473711;
2.04.1997;8.511541;
3.04.1997;8.549819;
4.04.1997;8.588146;
5.04.1997;8.621573;
6.04.1997;8.670471;
7.04.1997;8.724727;
8.04.1997;8.776895;
9.04.1997;8.817534;
10.04.1997;8.838704;
11.04.1997;8.861728;
12.04.1997;8.885391;
13.04.1997;8.908523;
14.04.1997;8.931143;
15.04.1997;8.953656;
16.04.1997;8.975687;
17.04.1997;8.997628;
18.04.1997;9.022155;
19.04.1997;9.046501;
20.04.1997;9.071431;
21.04.1997;9.091593;
22.04.1997;9.10717;
23.04.1997;9.119864;
24.04.1997;9.13169;
25.04.1997;9.147629;
26.04.1997;9.164101;
27.04.1997;9.182985;
28.04.1997;9.199238;
29.04.1997;9.21182;
30.04.1997;9.223154;
1.05.1997;9.251741;
2.05.1997;9.278464;
3.05.1997;9.303018;
4.05.1997;9.325485;
5.05.1997;9.347851;
6.05.1997;9.372023;
7.05.1997;9.393739;
8.05.1997;9.41462;
9.05.1997;9.428222;
10.05.1997;9.436727;
11.05.1997;9.444148;
12.05.1997;9.452425;
13.05.1997;9.458857;
14.05.1997;9.461617;
15.05.1997;9.46122;
16.05.1997;9.458933;
17.05.1997;9.458639;
18.05.1997;9.458357;
19.05.1997;9.45961;
20.05.1997;9.460816;
21.05.1997;9.461975;
22.05.1997;9.463468;
23.05.1997;9.463;
24.05.1997;9.462549;
25.05.1997;9.460211;
26.05.1997;9.458726;
27.05.1997;9.456156;
28.05.1997;9.455211;
29.05.1997;9.453539;
30.05.1997;9.45079;
31.05.1997;9.449667;
1.06.1997;9.473123;
2.06.1997;9.495296;
3.06.1997;9.516996;
4.06.1997;9.532147;
5.06.1997;9.539097;
6.06.1997;9.541212;
7.06.1997;9.547813;
8.06.1997;9.550734;
9.06.1997;9.550876;
10.06.1997;9.550249;
11.06.1997;9.552314;
12.06.1997;9.5543;
13.06.1997;9.55583;
14.06.1997;9.55768;
15.06.1997;9.557175;
16.06.1997;9.570401;
17.06.1997;9.571311;
18.06.1997;9.567994;
19.06.1997;9.550926;
20.06.1997;9.46088;
21.06.1997;9.458002;
22.06.1997;9.400926;
23.06.1997;9.390972;
24.06.1997;9.387738;
25.06.1997;9.330903;
26.06.1997;9.290972;
27.06.1997;9.280903;
28.06.1997;9.279236;
29.06.1997;9.270949;
30.06.1997;9.267761;
1.07.1997;9.178009;
2.07.1997;9.176003;
3.07.1997;9.174454;
4.07.1997;9.171443;
5.07.1997;9.173499;
6.07.1997;9.171287;
7.07.1997;9.138079;
8.07.1997;8.988079;
9.07.1997;9.034519;
10.07.1997;9.065461;
11.07.1997;8.968056;
12.07.1997;8.96994;
13.07.1997;8.9687;
14.07.1997;8.967892;
15.07.1997;8.968257;
16.07.1997;8.970892;
17.07.1997;8.971904;
18.07.1997;8.974398;
19.07.1997;8.981752;
20.07.1997;8.985392;
21.07.1997;8.988893;
22.07.1997;8.991496;
23.07.1997;8.995141;
24.07.1997;8.997125;
25.07.1997;8.997891;
26.07.1997;8.999769;
27.07.1997;8.998144;
28.07.1997;8.996582;
29.07.1997;8.995843;
30.07.1997;8.996658;
31.07.1997;8.994391;
1.08.1997;8.818519;
2.08.1997;8.818935;
3.08.1997;8.798611;
4.08.1997;8.828362;
5.08.1997;8.768519;
6.08.1997;8.767812;
7.08.1997;8.764465;
8.08.1997;8.761631;
9.08.1997;8.760048;
10.08.1997;8.718519;
11.08.1997;8.715164;
12.08.1997;8.712701;
13.08.1997;8.70957;
14.08.1997;8.706181;
15.08.1997;8.688542;
16.08.1997;8.687866;
17.08.1997;8.658565;
18.08.1997;8.628588;
19.08.1997;8.568519;
20.08.1997;8.565984;
21.08.1997;8.565836;
22.08.1997;8.566835;
23.08.1997;8.570079;
24.08.1997;8.57282;
25.08.1997;8.574692;
26.08.1997;8.57573;
27.08.1997;8.575206;
28.08.1997;8.577366;
29.08.1997;8.580967;
30.08.1997;8.585194;
31.08.1997;8.587352;
1.09.1997;8.099653;
2.09.1997;8.09882;
3.09.1997;8.095736;
4.09.1997;8.095054;
5.09.1997;8.095161;
6.09.1997;8.096026;
7.09.1997;8.095712;
8.09.1997;8.094652;
9.09.1997;8.093632;
10.09.1997;8.095315;
11.09.1997;8.096933;
12.09.1997;8.101539;
13.09.1997;8.109394;
14.09.1997;8.113901;
15.09.1997;8.115187;
16.09.1997;8.117187;
17.09.1997;8.119867;
18.09.1997;8.123971;
19.09.1997;8.131346;
20.09.1997;8.140342;
21.09.1997;8.146704;
22.09.1997;8.152821;
23.09.1997;8.15794;
24.09.1997;8.162104;
25.09.1997;8.165345;
26.09.1997;8.166936;
27.09.1997;8.168086;
28.09.1997;8.169955;
29.09.1997;8.173656;
30.09.1997;8.177594;
1.10.1997;7.910995;
2.10.1997;7.909477;
3.10.1997;7.907638;
4.10.1997;7.904723;
5.10.1997;7.871065;
6.10.1997;7.851042;
7.10.1997;7.841088;
8.10.1997;7.831019;
9.10.1997;7.781019;
10.10.1997;7.771065;
11.10.1997;7.768838;
12.10.1997;7.760995;
13.10.1997;7.710995;
14.10.1997;7.691088;
15.10.1997;7.631019;
16.10.1997;7.629608;
17.10.1997;7.621065;
18.10.1997;7.621558;
19.10.1997;7.619749;
20.10.1997;7.618772;
21.10.1997;7.617832;
22.10.1997;7.617691;
23.10.1997;7.617556;
24.10.1997;7.615138;
25.10.1997;7.591088;
26.10.1997;7.588167;
27.10.1997;7.585738;
28.10.1997;7.583402;
29.10.1997;7.580394;
30.10.1997;7.541088;
31.10.1997;7.431019;
1.11.1997;7.214005;
2.11.1997;7.211992;
3.11.1997;7.174074;
4.11.1997;7.171693;
5.11.1997;7.169024;
6.11.1997;7.166458;
7.11.1997;7.165133;
8.11.1997;7.164621;
9.11.1997;7.161841;
10.11.1997;7.094097;
11.11.1997;7.091368;
12.11.1997;7.044097;
13.11.1997;7.024074;
14.11.1997;7.023276;
15.11.1997;7.025176;
16.11.1997;7.029287;
17.11.1997;7.051143;
18.11.1997;7.060731;
19.11.1997;7.059664;
20.11.1997;7.024074;
21.11.1997;6.954051;
22.11.1997;6.952901;
23.11.1997;6.951411;
24.11.1997;6.924074;
25.11.1997;6.925598;
26.11.1997;6.926685;
27.11.1997;6.930013;
28.11.1997;6.931692;
29.11.1997;6.933686;
30.11.1997;6.935224;
1.12.1997;6.920255;
2.12.1997;6.910301;
3.12.1997;6.890278;
4.12.1997;6.888006;
5.12.1997;6.886205;
6.12.1997;6.885236;
7.12.1997;6.885062;
8.12.1997;6.885279;
9.12.1997;6.888913;
10.12.1997;6.90574;
11.12.1997;6.928779;
12.12.1997;6.950931;
13.12.1997;6.971085;
14.12.1997;6.987417;
15.12.1997;7.002741;
16.12.1997;7.015188;
17.12.1997;7.027539;
18.12.1997;7.040936;
19.12.1997;7.055343;
20.12.1997;7.069575;
21.12.1997;7.083259;
22.12.1997;7.096801;
23.12.1997;7.109058;
24.12.1997;7.11856;
25.12.1997;7.128076;
26.12.1997;7.136084;
27.12.1997;7.1434;
28.12.1997;7.149676;
29.12.1997;7.154948;
30.12.1997;7.158113;
31.12.1997;7.163061;
1.01.1998;7.174709;
2.01.1998;7.186287;
3.01.1998;7.197421;
4.01.1998;7.208126;
5.01.1998;7.219945;
6.01.1998;7.23245;
7.01.1998;7.245996;
8.01.1998;7.266639;
9.01.1998;7.292964;
10.01.1998;7.324752;
11.01.1998;7.360652;
12.01.1998;7.399738;
13.01.1998;7.437704;
14.01.1998;7.474209;
15.01.1998;7.507784;
16.01.1998;7.54083;
17.01.1998;7.571079;
18.01.1998;7.600927;
19.01.1998;7.633056;
20.01.1998;7.662807;
21.01.1998;7.689509;
22.01.1998;7.713279;
23.01.1998;7.734609;
24.01.1998;7.756644;
25.01.1998;7.78164;
26.01.1998;7.810242;
27.01.1998;7.843457;
28.01.1998;7.879203;
29.01.1998;7.913957;
30.01.1998;7.947374;
31.01.1998;7.979506;
1.02.1998;8.006839;
2.02.1998;8.034645;
3.02.1998;8.062903;
4.02.1998;8.091599;
5.02.1998;8.121095;
6.02.1998;8.152124;
7.02.1998;8.181959;
8.02.1998;8.210645;
9.02.1998;8.23975;
10.02.1998;8.26888;
11.02.1998;8.297269;
12.02.1998;8.324945;
13.02.1998;8.351556;
14.02.1998;8.377143;
15.02.1998;8.402508;
16.02.1998;8.429186;
17.02.1998;8.454836;
18.02.1998;8.479117;
19.02.1998;8.50513;
20.02.1998;8.530522;
21.02.1998;8.5557;
22.02.1998;8.579908;
23.02.1998;8.602044;
24.02.1998;8.621802;
25.02.1998;8.640042;
26.02.1998;8.65758;
27.02.1998;8.674443;
28.02.1998;8.690658;
1.03.1998;8.728852;
2.03.1998;8.765479;
3.03.1998;8.799556;
4.03.1998;8.830033;
5.03.1998;8.860863;
6.03.1998;8.890127;
7.03.1998;8.918645;
8.03.1998;8.943782;
9.03.1998;8.966805;
10.03.1998;8.988942;
11.03.1998;9.010991;
12.03.1998;9.032191;
13.03.1998;9.050291;
14.03.1998;9.06617;
15.03.1998;9.079533;
16.03.1998;9.09124;
17.03.1998;9.102876;
18.03.1998;9.115211;
19.03.1998;9.12745;
20.03.1998;9.143027;
21.03.1998;9.160672;
22.03.1998;9.179543;
23.03.1998;9.201113;
24.03.1998;9.223379;
25.03.1998;9.248977;
26.03.1998;9.277782;
27.03.1998;9.308146;
28.03.1998;9.337342;
29.03.1998;9.367698;
30.03.1998;9.400316;
31.03.1998;9.434726;
1.04.1998;9.456865;
2.04.1998;9.481198;
3.04.1998;9.504217;
4.04.1998;9.528253;
5.04.1998;9.550603;
6.04.1998;9.569809;
7.04.1998;9.586371;
8.04.1998;9.603438;
9.04.1998;9.620227;
10.04.1998;9.63637;
11.04.1998;9.651513;
12.04.1998;9.664548;
13.04.1998;9.673273;
14.04.1998;9.68014;
15.04.1998;9.686743;
16.04.1998;9.693093;
17.04.1998;9.698814;
18.04.1998;9.704699;
19.04.1998;9.709974;
20.04.1998;9.710474;
21.04.1998;9.661227;
22.04.1998;9.651273;
23.04.1998;9.63125;
24.04.1998;9.627544;
25.04.1998;9.62436;
26.04.1998;9.621682;
27.04.1998;9.620628;
28.04.1998;9.624566;
29.04.1998;9.626831;
30.04.1998;9.629009;
1.05.1998;9.643267;
2.05.1998;9.655072;
3.05.1998;9.66566;
4.05.1998;9.673173;
5.05.1998;9.673158;
6.05.1998;9.670097;
7.05.1998;9.669442;
8.05.1998;9.670717;
9.05.1998;9.666987;
10.05.1998;9.664926;
11.05.1998;9.650579;
12.05.1998;9.648387;
13.05.1998;9.645516;
14.05.1998;9.646186;
15.05.1998;9.647593;
16.05.1998;9.648562;
17.05.1998;9.647973;
18.05.1998;9.645502;
19.05.1998;9.640509;
20.05.1998;9.610532;
21.05.1998;9.606835;
22.05.1998;9.604042;
23.05.1998;9.601356;
24.05.1998;9.590509;
25.05.1998;9.586819;
26.05.1998;9.520486;
27.05.1998;9.517586;
28.05.1998;9.450579;
29.05.1998;9.420486;
30.05.1998;9.419529;
31.05.1998;9.416704;
1.06.1998;9.442022;
2.06.1998;9.464083;
3.06.1998;9.479582;
4.06.1998;9.492579;
5.06.1998;9.505456;
6.06.1998;9.519741;
7.06.1998;9.532335;
8.06.1998;9.546729;
9.06.1998;9.556759;
10.06.1998;9.561073;
11.06.1998;9.562175;
12.06.1998;9.556481;
13.06.1998;9.552805;
14.06.1998;9.550415;
15.06.1998;9.54926;
16.06.1998;9.547007;
17.06.1998;9.545599;
18.06.1998;9.545008;
19.06.1998;9.54444;
20.06.1998;9.543894;
21.06.1998;9.542226;
22.06.1998;9.540623;
23.06.1998;9.506481;
24.06.1998;9.486574;
25.06.1998;9.483303;
26.06.1998;9.476505;
27.06.1998;9.473621;
28.06.1998;9.471611;
29.06.1998;9.470058;
30.06.1998;9.46666;
1.07.1998;9.474286;
2.07.1998;9.479331;
3.07.1998;9.48304;
4.07.1998;9.485844;
5.07.1998;9.488161;
6.07.1998;9.490388;
7.07.1998;9.490242;
8.07.1998;9.482407;
9.07.1998;9.472454;
10.07.1998;9.4625;
11.07.1998;9.432407;
12.07.1998;9.422454;
13.07.1998;9.372454;
14.07.1998;9.282407;
15.07.1998;9.278836;
16.07.1998;9.27769;
17.07.1998;9.277351;
18.07.1998;9.277025;
19.07.1998;9.275565;
20.07.1998;9.274924;
21.07.1998;9.275833;
22.07.1998;9.277086;
23.07.1998;9.279433;
24.07.1998;9.281311;
25.07.1998;9.282353;
26.07.1998;9.282214;
27.07.1998;9.283605;
28.07.1998;9.283417;
29.07.1998;9.282858;
30.07.1998;9.279269;
31.07.1998;9.275818;
1.08.1998;9.18669;
2.08.1998;9.106713;
3.08.1998;9.066667;
4.08.1998;9.026736;
5.08.1998;8.976736;
6.08.1998;8.956713;
7.08.1998;8.916667;
8.08.1998;8.88669;
9.08.1998;8.826736;
10.08.1998;8.824103;
11.08.1998;8.822329;
12.08.1998;8.819102;
13.08.1998;8.817142;
14.08.1998;8.815256;
15.08.1998;8.813444;
16.08.1998;8.81208;
17.08.1998;8.811915;
18.08.1998;8.812515;
19.08.1998;8.813854;
20.08.1998;8.815904;
21.08.1998;8.822448;
22.08.1998;8.831023;
23.08.1998;8.836601;
24.08.1998;8.841965;
25.08.1998;8.847122;
26.08.1998;8.855511;
27.08.1998;8.868149;
28.08.1998;8.881821;
29.08.1998;8.893826;
30.08.1998;8.905369;
31.08.1998;8.917993;
1.09.1998;8.380556;
2.09.1998;8.360532;
3.09.1998;8.358841;
4.09.1998;8.358357;
5.09.1998;8.357128;
6.09.1998;8.357851;
7.09.1998;8.359309;
8.09.1998;8.35957;
9.09.1998;8.35982;
10.09.1998;8.361202;
11.09.1998;8.361769;
12.09.1998;8.361935;
13.09.1998;8.362473;
14.09.1998;8.363753;
15.09.1998;8.364222;
16.09.1998;8.364293;
17.09.1998;8.364741;
18.09.1998;8.367455;
19.09.1998;8.369685;
20.09.1998;8.375639;
21.09.1998;8.384794;
22.09.1998;8.393213;
23.09.1998;8.399783;
24.09.1998;8.405341;
25.09.1998;8.409923;
26.09.1998;8.41395;
27.09.1998;8.416296;
28.09.1998;8.417789;
29.09.1998;8.419225;
30.09.1998;8.422131;
1.10.1998;8.311458;
2.10.1998;8.241435;
3.10.1998;8.221528;
4.10.1998;8.211458;
5.10.1998;8.208299;
6.10.1998;8.201505;
7.10.1998;8.198728;
8.10.1998;8.201772;
9.10.1998;8.206987;
10.10.1998;8.204383;
11.10.1998;8.191435;
12.10.1998;8.161458;
13.10.1998;8.081481;
14.10.1998;8.051505;
15.10.1998;8.021528;
16.10.1998;8.019962;
17.10.1998;8.019983;
18.10.1998;8.017714;
19.10.1998;8.016295;
20.10.1998;8.016073;
21.10.1998;8.016622;
22.10.1998;8.015629;
23.10.1998;8.014291;
24.10.1998;8.013388;
25.10.1998;7.981481;
26.10.1998;7.941435;
27.10.1998;7.93838;
28.10.1998;7.935442;
29.10.1998;7.932617;
30.10.1998;7.929521;
31.10.1998;7.901505;
1.11.1998;7.808449;
2.11.1998;7.768519;
3.11.1998;7.758449;
4.11.1998;7.658449;
5.11.1998;7.648495;
6.11.1998;7.645553;
7.11.1998;7.638426;
8.11.1998;7.628472;
9.11.1998;7.618519;
10.11.1998;7.616729;
11.11.1998;7.608449;
12.11.1998;7.538426;
13.11.1998;7.468519;
14.11.1998;7.465645;
15.11.1998;7.458449;
16.11.1998;7.457484;
17.11.1998;7.455035;
18.11.1998;7.418519;
19.11.1998;7.417569;
20.11.1998;7.41856;
21.11.1998;7.288426;
22.11.1998;7.287526;
23.11.1998;7.285903;
24.11.1998;7.283958;
25.11.1998;7.284756;
26.11.1998;7.28476;
27.11.1998;7.278472;
28.11.1998;7.276051;
29.11.1998;7.228472;
30.11.1998;7.158449;
1.12.1998;7.043981;
2.12.1998;7.041271;
3.12.1998;6.984028;
4.12.1998;6.982862;
5.12.1998;6.980982;
6.12.1998;6.914005;
7.12.1998;6.914391;
8.12.1998;6.915904;
9.12.1998;6.915075;
10.12.1998;6.916183;
11.12.1998;6.864005;
12.12.1998;6.773958;
13.12.1998;6.774403;
14.12.1998;6.773305;
15.12.1998;6.754051;
16.12.1998;6.756782;
17.12.1998;6.759409;
18.12.1998;6.761934;
19.12.1998;6.767409;
20.12.1998;6.773435;
21.12.1998;6.783039;
22.12.1998;6.799129;
23.12.1998;6.815363;
24.12.1998;6.83326;
25.12.1998;6.848943;
26.12.1998;6.867069;
27.12.1998;6.88907;
28.12.1998;6.910224;
29.12.1998;6.92485;
30.12.1998;6.935484;
31.12.1998;6.943046;
1.01.1999;6.943703;
2.01.1999;6.943956;
3.01.1999;6.946104;
4.01.1999;6.946265;
5.01.1999;6.945273;
6.01.1999;6.940394;
7.01.1999;6.890394;
8.01.1999;6.887742;
9.01.1999;6.885193;
10.01.1999;6.883126;
11.01.1999;6.83044;
12.01.1999;6.828191;
13.01.1999;6.820486;
14.01.1999;6.810417;
15.01.1999;6.750463;
16.01.1999;6.740394;
17.01.1999;6.720486;
18.01.1999;6.690394;
19.01.1999;6.688582;
20.01.1999;6.697505;
21.01.1999;6.707989;
22.01.1999;6.715023;
23.01.1999;6.721025;
24.01.1999;6.728699;
25.01.1999;6.73532;
26.01.1999;6.741687;
27.01.1999;6.747808;
28.01.1999;6.752931;
29.01.1999;6.761283;
30.01.1999;6.772364;
31.01.1999;6.784161;
1.02.1999;6.788216;
2.02.1999;6.792115;
3.02.1999;6.79548;
4.02.1999;6.798337;
5.02.1999;6.797654;
6.02.1999;6.797381;
7.02.1999;6.799402;
8.02.1999;6.805533;
9.02.1999;6.817142;
10.02.1999;6.833261;
11.02.1999;6.8499;
12.02.1999;6.8659;
13.02.1999;6.879759;
14.02.1999;6.891563;
15.02.1999;6.902913;
16.02.1999;6.913443;
17.02.1999;6.922426;
18.02.1999;6.929921;
19.02.1999;6.937128;
20.02.1999;6.947104;
21.02.1999;6.961647;
22.02.1999;6.976394;
23.02.1999;6.992098;
24.02.1999;7.007957;
25.02.1999;7.022063;
26.02.1999;7.037152;
27.02.1999;7.047468;
28.02.1999;7.057387;
1.03.1999;7.088734;
2.03.1999;7.127724;
3.03.1999;7.160641;
4.03.1999;7.192292;
5.03.1999;7.220821;
6.03.1999;7.249777;
7.03.1999;7.275715;
8.03.1999;7.29875;
9.03.1999;7.324324;
10.03.1999;7.343963;
11.03.1999;7.357896;
12.03.1999;7.367484;
13.03.1999;7.375939;
14.03.1999;7.382928;
15.03.1999;7.388885;
16.03.1999;7.394613;
17.03.1999;7.39669;
18.03.1999;7.398308;
19.03.1999;7.40139;
20.03.1999;7.406257;
21.03.1999;7.410175;
22.03.1999;7.424227;
23.03.1999;7.448783;
24.03.1999;7.480395;
25.03.1999;7.516506;
26.03.1999;7.555414;
27.03.1999;7.593968;
28.03.1999;7.633327;
29.03.1999;7.673075;
30.03.1999;7.711295;
31.03.1999;7.748044;
1.04.1999;7.761414;
2.04.1999;7.773128;
3.04.1999;7.784392;
4.04.1999;7.795222;
5.04.1999;7.805635;
6.04.1999;7.818315;
7.04.1999;7.830886;
8.04.1999;7.842974;
9.04.1999;7.854596;
10.04.1999;7.865772;
11.04.1999;7.876138;
12.04.1999;7.887247;
13.04.1999;7.897545;
14.04.1999;7.909735;
15.04.1999;7.918789;
16.04.1999;7.927873;
17.04.1999;7.937755;
18.04.1999;7.944967;
19.04.1999;7.95114;
20.04.1999;7.960126;
21.04.1999;7.967241;
22.04.1999;7.97332;
23.04.1999;7.977643;
24.04.1999;7.980275;
25.04.1999;7.979375;
26.04.1999;7.937269;
27.04.1999;7.757292;
28.04.1999;7.707292;
29.04.1999;7.667361;
30.04.1999;7.637269;
1.05.1999;7.650911;
2.05.1999;7.660983;
3.05.1999;7.665711;
4.05.1999;7.667595;
5.05.1999;7.66788;
6.05.1999;7.665488;
7.05.1999;7.66395;
8.05.1999;7.664755;
9.05.1999;7.665913;
10.05.1999;7.665501;
11.05.1999;7.663583;
12.05.1999;7.664402;
13.05.1999;7.66519;
14.05.1999;7.666331;
15.05.1999;7.669712;
16.05.1999;7.670295;
17.05.1999;7.670477;
18.05.1999;7.694649;
19.05.1999;7.696561;
20.05.1999;7.5625;
21.05.1999;7.472569;
22.05.1999;7.470073;
23.05.1999;7.3625;
24.05.1999;7.292593;
25.05.1999;7.289787;
26.05.1999;7.287089;
27.05.1999;7.286016;
28.05.1999;7.284605;
29.05.1999;7.285915;
30.05.1999;7.284887;
31.05.1999;7.281994;
1.06.1999;7.289891;
2.06.1999;7.29672;
3.06.1999;7.300999;
4.06.1999;7.303971;
5.06.1999;7.308355;
6.06.1999;7.309523;
7.06.1999;7.308358;
8.06.1999;7.308001;
9.06.1999;7.308799;
10.06.1999;7.307662;
11.06.1999;7.307711;
12.06.1999;7.308141;
13.06.1999;7.308172;
14.06.1999;7.302778;
15.06.1999;7.299968;
16.06.1999;7.298792;
17.06.1999;7.296135;
18.06.1999;7.294723;
19.06.1999;7.293365;
20.06.1999;7.29168;
21.06.1999;7.289681;
22.06.1999;7.282755;
23.06.1999;7.172801;
24.06.1999;7.032755;
25.06.1999;7.030049;
26.06.1999;7.012847;
27.06.1999;6.992824;
28.06.1999;6.990133;
29.06.1999;6.952778;
30.06.1999;6.950103;
1.07.1999;6.862269;
2.07.1999;6.822338;
3.07.1999;6.782292;
4.07.1999;6.732292;
5.07.1999;6.730464;
6.07.1999;6.728328;
7.07.1999;6.702315;
8.07.1999;6.692361;
9.07.1999;6.672338;
10.07.1999;6.670913;
11.07.1999;6.652315;
12.07.1999;6.650134;
13.07.1999;6.642361;
14.07.1999;6.640564;
15.07.1999;6.612269;
16.07.1999;6.612775;
17.07.1999;6.615925;
18.07.1999;6.61667;
19.07.1999;6.616624;
20.07.1999;6.572338;
21.07.1999;6.570572;
22.07.1999;6.452315;
23.07.1999;6.392361;
24.07.1999;6.391806;
25.07.1999;6.391273;
26.07.1999;6.391139;
27.07.1999;6.389105;
28.07.1999;6.389055;
29.07.1999;6.387481;
30.07.1999;6.386351;
31.07.1999;6.382292;
1.08.1999;6.194213;
2.08.1999;6.144213;
3.08.1999;6.142228;
4.08.1999;6.12419;
5.08.1999;6.121833;
6.08.1999;6.044213;
7.08.1999;6.04265;
8.08.1999;6.040385;
9.08.1999;6.059536;
10.08.1999;6.057383;
11.08.1999;5.994213;
12.08.1999;5.984144;
13.08.1999;5.954167;
14.08.1999;5.951876;
15.08.1999;5.950056;
16.08.1999;5.944213;
17.08.1999;5.94383;
18.08.1999;5.943463;
19.08.1999;5.945393;
20.08.1999;5.944965;
21.08.1999;5.914236;
22.08.1999;5.911961;
23.08.1999;5.91434;
24.08.1999;5.918153;
25.08.1999;5.922962;
26.08.1999;5.924539;
27.08.1999;5.884144;
28.08.1999;5.883026;
29.08.1999;5.814236;
30.08.1999;5.714236;
31.08.1999;5.713558;
1.09.1999;5.340046;
2.09.1999;5.330093;
3.09.1999;5.300116;
4.09.1999;5.270023;
5.09.1999;5.240046;
6.09.1999;5.210069;
7.09.1999;5.208065;
8.09.1999;5.216423;
9.09.1999;5.249982;
10.09.1999;5.252155;
11.09.1999;5.25234;
12.09.1999;5.252139;
13.09.1999;5.250041;
14.09.1999;5.220023;
15.09.1999;5.218015;
16.09.1999;5.216467;
17.09.1999;5.215742;
18.09.1999;5.215423;
19.09.1999;5.210069;
20.09.1999;5.208444;
21.09.1999;5.180093;
22.09.1999;5.170023;
23.09.1999;5.168797;
24.09.1999;5.167617;
25.09.1999;5.166483;
26.09.1999;5.140046;
27.09.1999;5.138069;
28.09.1999;5.110069;
29.09.1999;5.080093;
30.09.1999;5.060069;
