Region;Alps
Country;Germany
#;50
Spring Name/Station Name;Bergmannsquellen
Literature;
Lat;47.539
Lon;10.772
Elev (m);1220
Recharge Area (km2);
Start Date;22.11.2014
End Date;31.12.2025
Resolution;Daily
Data Source;https://www.gkd.bayern.de/en/groundwater/flow-of-springs/tables
Data License;CC BY NC
Contact For License;
Spring ID;ALP_50_DE
Date;Discharge m^3/s
22.11.2014;0.057
23.11.2014;0.057
24.11.2014;0.057
25.11.2014;0.057
26.11.2014;0.057
27.11.2014;0.057
28.11.2014;0.057
29.11.2014;0.056
30.11.2014;0.057
1.12.2014;0.057
2.12.2014;0.057
3.12.2014;0.057
4.12.2014;0.057
5.12.2014;0.057
6.12.2014;0.057
7.12.2014;0.057
8.12.2014;0.057
9.12.2014;0.057
10.12.2014;0.057
11.12.2014;0.059
12.12.2014;0.062
13.12.2014;0.062
14.12.2014;0.061
15.12.2014;0.061
16.12.2014;0.062
17.12.2014;0.061
18.12.2014;0.06
19.12.2014;0.06
20.12.2014;
21.12.2014;0.061
22.12.2014;0.061
23.12.2014;0.06
24.12.2014;0.059
25.12.2014;0.059
26.12.2014;0.059
27.12.2014;0.06
28.12.2014;0.059
29.12.2014;0.059
30.12.2014;0.059
31.12.2014;0.059
1.01.2015;0.059
2.01.2015;0.059
3.01.2015;0.06
4.01.2015;0.06
5.01.2015;0.06
6.01.2015;0.06
7.01.2015;0.06
8.01.2015;0.06
9.01.2015;0.062
10.01.2015;0.065
11.01.2015;0.067
12.01.2015;0.067
13.01.2015;0.068
14.01.2015;0.069
15.01.2015;0.067
16.01.2015;0.065
17.01.2015;0.065
18.01.2015;0.064
19.01.2015;0.064
20.01.2015;0.064
21.01.2015;0.064
22.01.2015;0.063
23.01.2015;0.063
24.01.2015;0.063
25.01.2015;0.062
26.01.2015;0.063
27.01.2015;0.063
28.01.2015;0.063
29.01.2015;0.064
30.01.2015;0.064
31.01.2015;0.063
1.02.2015;0.063
2.02.2015;0.062
3.02.2015;0.062
4.02.2015;0.061
5.02.2015;0.061
6.02.2015;0.061
7.02.2015;0.061
8.02.2015;0.061
9.02.2015;0.061
10.02.2015;0.061
11.02.2015;0.061
12.02.2015;0.061
13.02.2015;0.061
14.02.2015;0.061
15.02.2015;0.061
16.02.2015;0.061
17.02.2015;0.06
18.02.2015;0.06
19.02.2015;0.06
20.02.2015;0.061
21.02.2015;0.061
22.02.2015;0.061
23.02.2015;0.061
24.02.2015;0.061
25.02.2015;0.06
26.02.2015;0.06
27.02.2015;0.06
28.02.2015;0.06
1.03.2015;0.061
2.03.2015;0.063
3.03.2015;0.063
4.03.2015;0.062
5.03.2015;0.062
6.03.2015;0.062
7.03.2015;0.062
8.03.2015;0.062
9.03.2015;0.062
10.03.2015;0.062
11.03.2015;0.062
12.03.2015;0.061
13.03.2015;0.062
14.03.2015;0.061
15.03.2015;0.061
16.03.2015;0.061
17.03.2015;0.061
18.03.2015;0.061
19.03.2015;0.061
20.03.2015;0.061
21.03.2015;0.061
22.03.2015;0.06
23.03.2015;0.06
24.03.2015;0.06
25.03.2015;0.06
26.03.2015;0.06
27.03.2015;0.06
28.03.2015;0.059
29.03.2015;0.061
30.03.2015;0.062
31.03.2015;0.064
1.04.2015;0.064
2.04.2015;0.063
3.04.2015;0.063
4.04.2015;0.063
5.04.2015;0.062
6.04.2015;0.062
7.04.2015;0.062
8.04.2015;0.062
9.04.2015;0.062
10.04.2015;0.062
11.04.2015;0.061
12.04.2015;0.061
13.04.2015;0.061
14.04.2015;0.061
15.04.2015;0.063
16.04.2015;0.063
17.04.2015;0.063
18.04.2015;0.062
19.04.2015;0.062
20.04.2015;0.062
21.04.2015;0.062
22.04.2015;0.064
23.04.2015;0.065
24.04.2015;0.065
25.04.2015;0.065
26.04.2015;0.065
27.04.2015;0.065
28.04.2015;0.065
29.04.2015;0.064
30.04.2015;0.066
1.05.2015;0.068
2.05.2015;0.068
3.05.2015;0.068
4.05.2015;0.066
5.05.2015;0.067
6.05.2015;0.067
7.05.2015;0.066
8.05.2015;0.065
9.05.2015;0.064
10.05.2015;0.064
11.05.2015;0.065
12.05.2015;0.064
13.05.2015;0.065
14.05.2015;0.064
15.05.2015;0.064
16.05.2015;0.064
17.05.2015;0.063
18.05.2015;0.064
19.05.2015;0.064
20.05.2015;0.064
21.05.2015;0.063
22.05.2015;0.062
23.05.2015;0.063
24.05.2015;0.063
25.05.2015;0.063
26.05.2015;0.063
27.05.2015;0.062
28.05.2015;0.063
29.05.2015;0.063
30.05.2015;0.063
31.05.2015;0.062
1.06.2015;0.062
2.06.2015;0.062
3.06.2015;0.062
4.06.2015;0.062
5.06.2015;0.062
6.06.2015;0.062
7.06.2015;0.062
8.06.2015;0.062
9.06.2015;0.062
10.06.2015;0.062
11.06.2015;0.062
12.06.2015;0.062
13.06.2015;0.062
14.06.2015;0.062
15.06.2015;0.061
16.06.2015;0.061
17.06.2015;0.061
18.06.2015;0.061
19.06.2015;0.061
20.06.2015;0.061
21.06.2015;0.061
22.06.2015;0.062
23.06.2015;0.062
24.06.2015;0.062
25.06.2015;0.061
26.06.2015;0.062
27.06.2015;0.062
28.06.2015;0.061
29.06.2015;0.061
30.06.2015;0.061
1.07.2015;0.061
2.07.2015;0.061
3.07.2015;0.061
4.07.2015;0.061
5.07.2015;0.061
6.07.2015;0.061
7.07.2015;0.062
8.07.2015;0.062
9.07.2015;0.062
10.07.2015;0.062
11.07.2015;
12.07.2015;
13.07.2015;
14.07.2015;
15.07.2015;
16.07.2015;
17.07.2015;
18.07.2015;
19.07.2015;
20.07.2015;0.061
21.07.2015;0.061
22.07.2015;0.061
23.07.2015;0.061
24.07.2015;0.062
25.07.2015;0.062
26.07.2015;0.062
27.07.2015;0.062
28.07.2015;
29.07.2015;
30.07.2015;
31.07.2015;
1.08.2015;
2.08.2015;
3.08.2015;
4.08.2015;0.061
5.08.2015;
6.08.2015;
7.08.2015;0.061
8.08.2015;0.062
9.08.2015;0.063
10.08.2015;0.063
11.08.2015;0.06
12.08.2015;0.06
13.08.2015;0.061
14.08.2015;0.061
15.08.2015;0.061
16.08.2015;0.061
17.08.2015;0.061
18.08.2015;0.061
19.08.2015;0.06
20.08.2015;
21.08.2015;0.061
22.08.2015;0.061
23.08.2015;0.061
24.08.2015;0.06
25.08.2015;
26.08.2015;
27.08.2015;
28.08.2015;
29.08.2015;
30.08.2015;
31.08.2015;
1.09.2015;
2.09.2015;0.06
3.09.2015;0.06
4.09.2015;0.06
5.09.2015;0.06
6.09.2015;0.059
7.09.2015;0.059
8.09.2015;0.06
9.09.2015;0.059
10.09.2015;0.059
11.09.2015;0.059
12.09.2015;0.059
13.09.2015;0.06
14.09.2015;0.059
15.09.2015;0.06
16.09.2015;0.06
17.09.2015;0.059
18.09.2015;0.059
19.09.2015;0.059
20.09.2015;0.059
21.09.2015;0.06
22.09.2015;0.06
23.09.2015;0.06
24.09.2015;0.059
25.09.2015;0.059
26.09.2015;0.058
27.09.2015;0.058
28.09.2015;0.058
29.09.2015;0.058
30.09.2015;0.058
1.10.2015;0.058
2.10.2015;0.059
3.10.2015;0.059
4.10.2015;0.059
5.10.2015;0.059
6.10.2015;0.06
7.10.2015;0.06
8.10.2015;0.06
9.10.2015;0.06
10.10.2015;0.06
11.10.2015;0.06
12.10.2015;0.059
13.10.2015;0.059
14.10.2015;0.059
15.10.2015;0.06
16.10.2015;0.06
17.10.2015;0.06
18.10.2015;0.06
19.10.2015;0.06
20.10.2015;0.059
21.10.2015;0.059
22.10.2015;0.059
23.10.2015;0.059
24.10.2015;0.059
25.10.2015;0.059
26.10.2015;0.059
27.10.2015;0.059
28.10.2015;0.06
29.10.2015;0.059
30.10.2015;0.059
31.10.2015;0.059
1.11.2015;0.058
2.11.2015;0.059
3.11.2015;0.059
4.11.2015;0.059
5.11.2015;0.058
6.11.2015;0.057
7.11.2015;0.057
8.11.2015;0.057
9.11.2015;0.057
10.11.2015;0.057
11.11.2015;0.056
12.11.2015;0.053
13.11.2015;0.052
14.11.2015;0.052
15.11.2015;0.052
16.11.2015;0.051
17.11.2015;0.052
18.11.2015;0.052
19.11.2015;0.052
20.11.2015;0.053
21.11.2015;0.057
22.11.2015;0.058
23.11.2015;0.057
24.11.2015;
25.11.2015;0.057
26.11.2015;0.057
27.11.2015;0.057
28.11.2015;0.056
29.11.2015;0.056
30.11.2015;0.057
1.12.2015;0.06
2.12.2015;0.062
3.12.2015;0.063
4.12.2015;0.063
5.12.2015;0.063
6.12.2015;0.063
7.12.2015;0.063
8.12.2015;0.063
9.12.2015;0.063
10.12.2015;0.063
11.12.2015;0.063
12.12.2015;0.064
13.12.2015;0.064
14.12.2015;0.064
15.12.2015;0.063
16.12.2015;0.061
17.12.2015;0.059
18.12.2015;0.058
19.12.2015;0.057
20.12.2015;0.057
21.12.2015;0.057
22.12.2015;0.057
23.12.2015;0.056
24.12.2015;0.055
25.12.2015;0.055
26.12.2015;0.055
27.12.2015;0.054
28.12.2015;0.054
29.12.2015;0.053
30.12.2015;0.053
31.12.2015;0.053
1.01.2016;0.053
2.01.2016;0.053
3.01.2016;0.053
4.01.2016;0.054
5.01.2016;0.053
6.01.2016;0.053
7.01.2016;0.053
8.01.2016;0.053
9.01.2016;0.053
10.01.2016;0.053
11.01.2016;0.054
12.01.2016;0.055
13.01.2016;0.056
14.01.2016;0.057
15.01.2016;0.057
16.01.2016;0.057
17.01.2016;0.057
18.01.2016;0.058
19.01.2016;0.058
20.01.2016;0.058
21.01.2016;0.058
22.01.2016;0.058
23.01.2016;0.058
24.01.2016;0.058
25.01.2016;0.058
26.01.2016;0.06
27.01.2016;0.06
28.01.2016;0.061
29.01.2016;0.06
30.01.2016;0.06
31.01.2016;0.06
1.02.2016;0.061
2.02.2016;0.062
3.02.2016;0.063
4.02.2016;0.063
5.02.2016;0.063
6.02.2016;0.063
7.02.2016;0.063
8.02.2016;0.063
9.02.2016;0.064
10.02.2016;0.065
11.02.2016;0.067
12.02.2016;0.066
13.02.2016;0.066
14.02.2016;0.068
15.02.2016;0.067
16.02.2016;0.065
17.02.2016;0.065
18.02.2016;0.065
19.02.2016;0.064
20.02.2016;0.065
21.02.2016;0.067
22.02.2016;0.068
23.02.2016;0.068
24.02.2016;0.068
25.02.2016;0.068
26.02.2016;0.068
27.02.2016;0.068
28.02.2016;0.067
29.02.2016;0.067
1.03.2016;0.067
2.03.2016;0.068
3.03.2016;0.068
4.03.2016;0.068
5.03.2016;0.068
6.03.2016;0.068
7.03.2016;0.068
8.03.2016;0.067
9.03.2016;0.068
10.03.2016;0.067
11.03.2016;0.067
12.03.2016;0.066
13.03.2016;0.066
14.03.2016;0.067
15.03.2016;0.066
16.03.2016;0.066
17.03.2016;0.065
18.03.2016;0.066
19.03.2016;0.065
20.03.2016;0.065
21.03.2016;0.065
22.03.2016;0.065
23.03.2016;0.065
24.03.2016;0.064
25.03.2016;0.065
26.03.2016;0.064
27.03.2016;0.064
28.03.2016;0.065
29.03.2016;0.064
30.03.2016;0.064
31.03.2016;0.064
1.04.2016;0.064
2.04.2016;0.064
3.04.2016;0.065
4.04.2016;0.064
5.04.2016;0.064
6.04.2016;0.064
7.04.2016;0.064
8.04.2016;0.064
9.04.2016;0.063
10.04.2016;0.063
11.04.2016;0.063
12.04.2016;0.063
13.04.2016;0.063
14.04.2016;0.063
15.04.2016;0.063
16.04.2016;0.063
17.04.2016;0.064
18.04.2016;0.063
19.04.2016;0.063
20.04.2016;0.062
21.04.2016;0.063
22.04.2016;0.063
23.04.2016;0.063
24.04.2016;0.063
25.04.2016;0.062
26.04.2016;0.064
27.04.2016;0.063
28.04.2016;0.062
29.04.2016;0.062
30.04.2016;0.062
1.05.2016;0.062
2.05.2016;0.061
3.05.2016;0.061
4.05.2016;0.061
5.05.2016;0.061
6.05.2016;0.061
7.05.2016;0.061
8.05.2016;0.061
9.05.2016;0.061
10.05.2016;0.061
11.05.2016;0.061
12.05.2016;0.061
13.05.2016;0.061
14.05.2016;0.06
15.05.2016;0.06
16.05.2016;0.06
17.05.2016;0.06
18.05.2016;0.06
19.05.2016;0.06
20.05.2016;0.06
21.05.2016;0.059
22.05.2016;0.06
23.05.2016;0.06
24.05.2016;0.062
25.05.2016;0.061
26.05.2016;0.061
27.05.2016;0.06
28.05.2016;0.06
29.05.2016;0.06
30.05.2016;0.061
31.05.2016;0.06
1.06.2016;0.06
2.06.2016;0.06
3.06.2016;0.061
4.06.2016;0.061
5.06.2016;0.06
6.06.2016;0.059
7.06.2016;0.059
8.06.2016;0.059
9.06.2016;0.059
10.06.2016;
11.06.2016;
12.06.2016;0.059
13.06.2016;0.06
14.06.2016;0.06
15.06.2016;0.06
16.06.2016;0.06
17.06.2016;0.061
18.06.2016;
19.06.2016;
20.06.2016;0.06
21.06.2016;0.06
22.06.2016;0.06
23.06.2016;0.06
24.06.2016;0.06
25.06.2016;0.059
26.06.2016;0.059
27.06.2016;
28.06.2016;0.059
29.06.2016;0.059
30.06.2016;0.059
1.07.2016;0.059
2.07.2016;0.059
3.07.2016;0.058
4.07.2016;0.058
5.07.2016;0.058
6.07.2016;0.058
7.07.2016;0.058
8.07.2016;0.058
9.07.2016;0.057
10.07.2016;0.058
11.07.2016;0.057
12.07.2016;0.057
13.07.2016;0.057
14.07.2016;0.058
15.07.2016;0.057
16.07.2016;0.057
17.07.2016;0.057
18.07.2016;0.057
19.07.2016;0.057
20.07.2016;0.057
21.07.2016;0.057
22.07.2016;0.057
23.07.2016;0.057
24.07.2016;0.057
25.07.2016;0.057
26.07.2016;0.057
27.07.2016;0.057
28.07.2016;0.057
29.07.2016;0.057
30.07.2016;0.057
31.07.2016;0.057
1.08.2016;0.056
2.08.2016;0.057
3.08.2016;0.057
4.08.2016;0.057
5.08.2016;0.057
6.08.2016;0.057
7.08.2016;0.056
8.08.2016;0.056
9.08.2016;0.056
10.08.2016;0.056
11.08.2016;0.056
12.08.2016;0.056
13.08.2016;0.056
14.08.2016;0.056
15.08.2016;0.056
16.08.2016;0.056
17.08.2016;0.056
18.08.2016;0.056
19.08.2016;0.055
20.08.2016;0.055
21.08.2016;0.055
22.08.2016;0.055
23.08.2016;0.055
24.08.2016;0.055
25.08.2016;0.055
26.08.2016;0.054
27.08.2016;0.054
28.08.2016;0.054
29.08.2016;0.054
30.08.2016;0.054
31.08.2016;0.056
1.09.2016;0.055
2.09.2016;0.055
3.09.2016;0.055
4.09.2016;0.055
5.09.2016;0.055
6.09.2016;0.054
7.09.2016;0.056
8.09.2016;0.056
9.09.2016;0.056
10.09.2016;0.056
11.09.2016;0.056
12.09.2016;0.056
13.09.2016;0.056
14.09.2016;0.056
15.09.2016;0.055
16.09.2016;0.055
17.09.2016;0.056
18.09.2016;0.058
19.09.2016;0.057
20.09.2016;0.056
21.09.2016;0.055
22.09.2016;0.054
23.09.2016;0.054
24.09.2016;0.054
25.09.2016;0.054
26.09.2016;0.054
27.09.2016;0.054
28.09.2016;0.054
29.09.2016;0.054
30.09.2016;0.055
1.10.2016;
2.10.2016;
3.10.2016;0.055
4.10.2016;0.055
5.10.2016;0.055
6.10.2016;0.056
7.10.2016;0.056
8.10.2016;0.055
9.10.2016;0.055
10.10.2016;0.054
11.10.2016;0.055
12.10.2016;0.055
13.10.2016;0.055
14.10.2016;0.055
15.10.2016;0.056
16.10.2016;0.056
17.10.2016;0.056
18.10.2016;0.056
19.10.2016;0.059
20.10.2016;
21.10.2016;
22.10.2016;
23.10.2016;
24.10.2016;
25.10.2016;
26.10.2016;0.054
27.10.2016;0.055
28.10.2016;0.054
29.10.2016;0.054
30.10.2016;0.054
31.10.2016;0.054
1.11.2016;0.054
2.11.2016;0.054
3.11.2016;0.054
4.11.2016;0.054
5.11.2016;0.054
6.11.2016;0.054
7.11.2016;0.054
8.11.2016;0.053
9.11.2016;0.053
10.11.2016;
11.11.2016;0.054
12.11.2016;0.054
13.11.2016;0.054
14.11.2016;0.054
15.11.2016;0.054
16.11.2016;0.055
17.11.2016;0.056
18.11.2016;0.056
19.11.2016;0.056
20.11.2016;0.056
21.11.2016;0.055
22.11.2016;0.055
23.11.2016;0.054
24.11.2016;0.054
25.11.2016;0.054
26.11.2016;0.054
27.11.2016;0.053
28.11.2016;0.053
29.11.2016;0.052
30.11.2016;0.053
1.12.2016;0.053
2.12.2016;0.053
3.12.2016;0.053
4.12.2016;0.053
5.12.2016;0.053
6.12.2016;0.053
7.12.2016;0.053
8.12.2016;0.053
9.12.2016;0.053
10.12.2016;0.054
11.12.2016;0.054
12.12.2016;0.053
13.12.2016;0.053
14.12.2016;0.053
15.12.2016;0.053
16.12.2016;0.053
17.12.2016;0.052
18.12.2016;0.053
19.12.2016;0.053
20.12.2016;0.053
21.12.2016;0.052
22.12.2016;0.052
23.12.2016;0.052
24.12.2016;0.053
25.12.2016;0.053
26.12.2016;0.053
27.12.2016;0.053
28.12.2016;0.052
29.12.2016;0.052
30.12.2016;0.053
31.12.2016;0.053
1.01.2017;0.053
2.01.2017;0.053
3.01.2017;0.052
4.01.2017;0.053
5.01.2017;0.052
6.01.2017;0.052
7.01.2017;0.052
8.01.2017;0.052
9.01.2017;0.052
10.01.2017;0.053
11.01.2017;0.053
12.01.2017;0.053
13.01.2017;0.054
14.01.2017;0.055
15.01.2017;0.053
16.01.2017;0.053
17.01.2017;0.052
18.01.2017;0.052
19.01.2017;0.052
20.01.2017;0.053
21.01.2017;0.054
22.01.2017;0.054
23.01.2017;0.053
24.01.2017;
25.01.2017;0.052
26.01.2017;0.052
27.01.2017;0.052
28.01.2017;0.052
29.01.2017;0.052
30.01.2017;0.052
31.01.2017;0.052
1.02.2017;0.052
2.02.2017;0.053
3.02.2017;0.053
4.02.2017;0.053
5.02.2017;0.053
6.02.2017;0.052
7.02.2017;0.052
8.02.2017;0.052
9.02.2017;0.052
10.02.2017;0.052
11.02.2017;0.052
12.02.2017;0.052
13.02.2017;0.052
14.02.2017;0.051
15.02.2017;0.051
16.02.2017;0.051
17.02.2017;0.052
18.02.2017;0.052
19.02.2017;0.052
20.02.2017;0.053
21.02.2017;0.055
22.02.2017;0.057
23.02.2017;0.057
24.02.2017;0.055
25.02.2017;0.055
26.02.2017;0.056
27.02.2017;0.055
28.02.2017;0.056
1.03.2017;0.054
2.03.2017;0.054
3.03.2017;0.054
4.03.2017;0.055
5.03.2017;0.054
6.03.2017;0.054
7.03.2017;0.054
8.03.2017;0.054
9.03.2017;0.055
10.03.2017;0.054
11.03.2017;0.054
12.03.2017;0.053
13.03.2017;0.053
14.03.2017;0.053
15.03.2017;0.053
16.03.2017;0.053
17.03.2017;0.054
18.03.2017;0.055
19.03.2017;0.057
20.03.2017;0.059
21.03.2017;0.057
22.03.2017;0.056
23.03.2017;0.056
24.03.2017;0.055
25.03.2017;0.055
26.03.2017;0.055
27.03.2017;0.055
28.03.2017;0.055
29.03.2017;0.055
30.03.2017;0.055
31.03.2017;0.055
1.04.2017;0.055
2.04.2017;0.054
3.04.2017;0.054
4.04.2017;0.054
5.04.2017;0.054
6.04.2017;0.054
7.04.2017;0.054
8.04.2017;0.054
9.04.2017;0.054
10.04.2017;0.055
11.04.2017;0.054
12.04.2017;0.054
13.04.2017;0.054
14.04.2017;0.054
15.04.2017;0.054
16.04.2017;0.053
17.04.2017;0.054
18.04.2017;0.054
19.04.2017;0.054
20.04.2017;0.054
21.04.2017;0.053
22.04.2017;0.053
23.04.2017;0.053
24.04.2017;0.053
25.04.2017;0.054
26.04.2017;0.054
27.04.2017;0.053
28.04.2017;0.053
29.04.2017;0.053
30.04.2017;0.053
1.05.2017;0.053
2.05.2017;0.054
3.05.2017;0.054
4.05.2017;0.054
5.05.2017;0.054
6.05.2017;0.054
7.05.2017;0.054
8.05.2017;0.054
9.05.2017;0.053
10.05.2017;0.054
11.05.2017;0.054
12.05.2017;0.054
13.05.2017;0.052
14.05.2017;0.052
15.05.2017;0.053
16.05.2017;0.054
17.05.2017;0.055
18.05.2017;0.053
19.05.2017;0.054
20.05.2017;0.054
21.05.2017;0.055
22.05.2017;0.055
23.05.2017;0.055
24.05.2017;0.055
25.05.2017;0.055
26.05.2017;0.055
27.05.2017;0.055
28.05.2017;0.055
29.05.2017;0.057
30.05.2017;0.058
31.05.2017;0.06
1.06.2017;0.056
2.06.2017;0.051
3.06.2017;0.051
4.06.2017;0.053
5.06.2017;0.053
6.06.2017;0.053
7.06.2017;0.052
8.06.2017;0.051
9.06.2017;0.051
10.06.2017;0.051
11.06.2017;0.05
12.06.2017;0.051
13.06.2017;0.05
14.06.2017;0.049
15.06.2017;0.05
16.06.2017;0.049
17.06.2017;0.048
18.06.2017;0.05
19.06.2017;0.049
20.06.2017;0.048
21.06.2017;0.048
22.06.2017;0.048
23.06.2017;0.048
24.06.2017;0.048
25.06.2017;0.048
26.06.2017;0.048
27.06.2017;0.048
28.06.2017;0.051
29.06.2017;0.053
30.06.2017;0.051
1.07.2017;0.05
2.07.2017;0.049
3.07.2017;0.049
4.07.2017;0.049
5.07.2017;0.048
6.07.2017;0.048
7.07.2017;0.048
8.07.2017;0.048
9.07.2017;0.048
10.07.2017;0.049
11.07.2017;0.049
12.07.2017;0.049
13.07.2017;0.049
14.07.2017;0.049
15.07.2017;0.049
16.07.2017;0.048
17.07.2017;0.048
18.07.2017;0.048
19.07.2017;0.049
20.07.2017;0.052
21.07.2017;0.051
22.07.2017;0.052
23.07.2017;0.053
24.07.2017;0.053
25.07.2017;0.053
26.07.2017;0.055
27.07.2017;0.056
28.07.2017;0.053
29.07.2017;0.052
30.07.2017;0.052
31.07.2017;0.052
1.08.2017;0.052
2.08.2017;0.053
3.08.2017;0.054
4.08.2017;0.053
5.08.2017;0.054
6.08.2017;0.053
7.08.2017;0.053
8.08.2017;0.053
9.08.2017;0.054
10.08.2017;0.056
11.08.2017;0.058
12.08.2017;0.056
13.08.2017;0.055
14.08.2017;0.054
15.08.2017;0.053
16.08.2017;0.051
17.08.2017;0.051
18.08.2017;0.052
19.08.2017;0.053
20.08.2017;0.052
21.08.2017;0.052
22.08.2017;0.057
23.08.2017;0.064
24.08.2017;0.065
25.08.2017;0.066
26.08.2017;0.067
27.08.2017;0.065
28.08.2017;0.066
29.08.2017;0.065
30.08.2017;0.066
31.08.2017;0.066
1.09.2017;0.067
2.09.2017;0.068
3.09.2017;0.068
4.09.2017;0.067
5.09.2017;0.066
6.09.2017;0.065
7.09.2017;0.064
8.09.2017;0.065
9.09.2017;0.065
10.09.2017;0.065
11.09.2017;0.065
12.09.2017;0.064
13.09.2017;0.063
14.09.2017;0.064
15.09.2017;0.063
16.09.2017;0.061
17.09.2017;0.061
18.09.2017;0.06
19.09.2017;0.06
20.09.2017;0.059
21.09.2017;0.058
22.09.2017;0.058
23.09.2017;0.057
24.09.2017;0.056
25.09.2017;0.055
26.09.2017;0.054
27.09.2017;0.053
28.09.2017;0.059
29.09.2017;0.058
30.09.2017;0.057
1.10.2017;0.056
2.10.2017;0.057
3.10.2017;0.057
4.10.2017;0.058
5.10.2017;0.057
6.10.2017;0.056
7.10.2017;0.054
8.10.2017;0.055
9.10.2017;0.055
10.10.2017;0.054
11.10.2017;0.053
12.10.2017;0.053
13.10.2017;0.052
14.10.2017;0.051
15.10.2017;0.05
16.10.2017;0.05
17.10.2017;0.05
18.10.2017;0.051
19.10.2017;0.05
20.10.2017;0.05
21.10.2017;0.05
22.10.2017;0.051
23.10.2017;0.05
24.10.2017;0.05
25.10.2017;0.049
26.10.2017;0.05
27.10.2017;0.051
28.10.2017;0.052
29.10.2017;0.052
30.10.2017;0.05
31.10.2017;0.049
1.11.2017;0.049
2.11.2017;0.05
3.11.2017;0.049
4.11.2017;0.048
5.11.2017;0.049
6.11.2017;0.049
7.11.2017;0.049
8.11.2017;0.048
9.11.2017;0.048
10.11.2017;0.048
11.11.2017;0.048
12.11.2017;0.048
13.11.2017;0.048
14.11.2017;0.048
15.11.2017;0.048
16.11.2017;0.048
17.11.2017;0.048
18.11.2017;0.048
19.11.2017;0.048
20.11.2017;0.048
21.11.2017;0.048
22.11.2017;0.048
23.11.2017;0.048
24.11.2017;0.048
25.11.2017;0.048
26.11.2017;0.049
27.11.2017;0.049
28.11.2017;0.05
29.11.2017;0.051
30.11.2017;0.051
1.12.2017;0.051
2.12.2017;0.051
3.12.2017;0.051
4.12.2017;0.051
5.12.2017;0.051
6.12.2017;0.052
7.12.2017;0.052
8.12.2017;0.053
9.12.2017;0.052
10.12.2017;0.053
11.12.2017;0.053
12.12.2017;0.053
13.12.2017;0.053
14.12.2017;0.054
15.12.2017;0.055
16.12.2017;0.055
17.12.2017;0.054
18.12.2017;0.053
19.12.2017;0.053
20.12.2017;0.053
21.12.2017;0.054
22.12.2017;0.055
23.12.2017;0.055
24.12.2017;0.055
25.12.2017;0.055
26.12.2017;0.055
27.12.2017;0.055
28.12.2017;0.055
29.12.2017;0.054
30.12.2017;0.055
31.12.2017;0.055
1.01.2018;0.056
2.01.2018;0.056
3.01.2018;0.057
4.01.2018;0.058
5.01.2018;0.058
6.01.2018;0.058
7.01.2018;0.059
8.01.2018;0.06
9.01.2018;0.061
10.01.2018;0.061
11.01.2018;0.062
12.01.2018;0.063
13.01.2018;0.064
14.01.2018;0.064
15.01.2018;0.064
16.01.2018;0.064
17.01.2018;0.063
18.01.2018;0.063
19.01.2018;0.063
20.01.2018;0.062
21.01.2018;0.062
22.01.2018;0.062
23.01.2018;0.062
24.01.2018;0.063
25.01.2018;0.063
26.01.2018;0.063
27.01.2018;0.063
28.01.2018;0.062
29.01.2018;0.062
30.01.2018;0.062
31.01.2018;0.063
1.02.2018;0.064
2.02.2018;0.064
3.02.2018;0.064
4.02.2018;0.063
5.02.2018;0.063
6.02.2018;0.063
7.02.2018;0.063
8.02.2018;0.063
9.02.2018;0.063
10.02.2018;0.062
11.02.2018;0.063
12.02.2018;0.062
13.02.2018;0.062
14.02.2018;0.062
15.02.2018;0.062
16.02.2018;0.061
17.02.2018;0.061
18.02.2018;0.061
19.02.2018;0.061
20.02.2018;0.061
21.02.2018;0.06
22.02.2018;0.06
23.02.2018;0.06
24.02.2018;0.06
25.02.2018;0.06
26.02.2018;0.059
27.02.2018;0.059
28.02.2018;0.058
1.03.2018;0.058
2.03.2018;0.058
3.03.2018;0.058
4.03.2018;0.058
5.03.2018;0.059
6.03.2018;0.059
7.03.2018;0.059
8.03.2018;0.059
9.03.2018;0.059
10.03.2018;0.06
11.03.2018;0.06
12.03.2018;0.06
13.03.2018;0.06
14.03.2018;0.06
15.03.2018;0.06
16.03.2018;0.06
17.03.2018;0.06
18.03.2018;0.06
19.03.2018;0.059
20.03.2018;0.059
21.03.2018;0.059
22.03.2018;0.059
23.03.2018;0.06
24.03.2018;0.06
25.03.2018;0.06
26.03.2018;0.06
27.03.2018;0.06
28.03.2018;0.061
29.03.2018;0.06
30.03.2018;0.06
31.03.2018;0.06
1.04.2018;0.06
2.04.2018;0.06
3.04.2018;0.06
4.04.2018;0.059
5.04.2018;0.058
6.04.2018;0.058
7.04.2018;0.058
8.04.2018;0.058
9.04.2018;0.059
10.04.2018;0.058
11.04.2018;0.059
12.04.2018;0.059
13.04.2018;0.058
14.04.2018;0.058
15.04.2018;0.058
16.04.2018;0.058
17.04.2018;0.057
18.04.2018;0.057
19.04.2018;0.058
20.04.2018;0.059
21.04.2018;0.061
22.04.2018;0.06
23.04.2018;0.06
24.04.2018;0.06
25.04.2018;0.06
26.04.2018;0.06
27.04.2018;0.06
28.04.2018;0.059
29.04.2018;0.059
30.04.2018;0.06
1.05.2018;0.059
2.05.2018;0.059
3.05.2018;0.059
4.05.2018;0.059
5.05.2018;0.058
6.05.2018;0.058
7.05.2018;0.059
8.05.2018;0.06
9.05.2018;0.059
10.05.2018;0.059
11.05.2018;0.059
12.05.2018;0.058
13.05.2018;0.059
14.05.2018;0.058
15.05.2018;0.058
16.05.2018;0.059
17.05.2018;0.058
18.05.2018;0.058
19.05.2018;0.058
20.05.2018;0.058
21.05.2018;0.057
22.05.2018;0.057
23.05.2018;0.056
24.05.2018;0.056
25.05.2018;0.058
26.05.2018;0.058
27.05.2018;0.057
28.05.2018;0.058
29.05.2018;0.058
30.05.2018;0.058
31.05.2018;0.058
1.06.2018;0.058
2.06.2018;0.058
3.06.2018;0.058
4.06.2018;0.058
5.06.2018;0.058
6.06.2018;0.058
7.06.2018;0.058
8.06.2018;0.058
9.06.2018;0.058
10.06.2018;0.058
11.06.2018;0.058
12.06.2018;0.058
13.06.2018;0.057
14.06.2018;0.057
15.06.2018;0.056
16.06.2018;0.057
17.06.2018;0.058
18.06.2018;0.058
19.06.2018;0.058
20.06.2018;0.058
21.06.2018;0.058
22.06.2018;0.057
23.06.2018;0.056
24.06.2018;0.057
25.06.2018;0.056
26.06.2018;0.055
27.06.2018;0.056
28.06.2018;0.056
29.06.2018;0.056
30.06.2018;0.055
1.07.2018;0.055
2.07.2018;0.055
3.07.2018;0.055
4.07.2018;0.055
5.07.2018;0.055
6.07.2018;0.055
7.07.2018;0.055
8.07.2018;0.055
9.07.2018;0.055
10.07.2018;0.055
11.07.2018;0.055
12.07.2018;0.055
13.07.2018;0.055
14.07.2018;0.055
15.07.2018;0.055
16.07.2018;0.055
17.07.2018;0.055
18.07.2018;0.054
19.07.2018;0.054
20.07.2018;0.054
21.07.2018;0.054
22.07.2018;0.054
23.07.2018;0.054
24.07.2018;0.054
25.07.2018;0.053
26.07.2018;0.053
27.07.2018;0.053
28.07.2018;0.053
29.07.2018;0.052
30.07.2018;0.052
31.07.2018;0.052
1.08.2018;0.052
2.08.2018;0.052
3.08.2018;0.052
4.08.2018;0.052
5.08.2018;0.052
6.08.2018;0.051
7.08.2018;0.052
8.08.2018;0.052
9.08.2018;0.052
10.08.2018;0.051
11.08.2018;0.052
12.08.2018;0.051
13.08.2018;0.051
14.08.2018;0.052
15.08.2018;0.052
16.08.2018;0.052
17.08.2018;0.051
18.08.2018;0.051
19.08.2018;0.051
20.08.2018;0.051
21.08.2018;0.051
22.08.2018;0.051
23.08.2018;0.051
24.08.2018;0.051
25.08.2018;0.051
26.08.2018;0.051
27.08.2018;0.05
28.08.2018;0.05
29.08.2018;0.051
30.08.2018;0.051
31.08.2018;0.051
1.09.2018;0.051
2.09.2018;0.051
3.09.2018;0.052
4.09.2018;0.053
5.09.2018;0.052
6.09.2018;0.052
7.09.2018;0.051
8.09.2018;0.05
9.09.2018;0.05
10.09.2018;0.05
11.09.2018;0.05
12.09.2018;0.05
13.09.2018;0.05
14.09.2018;0.05
15.09.2018;0.049
16.09.2018;0.049
17.09.2018;0.049
18.09.2018;0.049
19.09.2018;0.049
20.09.2018;0.049
21.09.2018;0.049
22.09.2018;0.049
23.09.2018;0.051
24.09.2018;0.05
25.09.2018;0.05
26.09.2018;0.05
27.09.2018;0.05
28.09.2018;0.05
29.09.2018;0.05
30.09.2018;0.049
1.10.2018;0.049
2.10.2018;0.049
3.10.2018;0.049
4.10.2018;0.049
5.10.2018;0.049
6.10.2018;0.049
7.10.2018;0.049
8.10.2018;0.048
9.10.2018;0.049
10.10.2018;0.049
11.10.2018;0.049
12.10.2018;0.049
13.10.2018;0.049
14.10.2018;0.05
15.10.2018;0.05
16.10.2018;0.049
17.10.2018;0.049
18.10.2018;0.049
19.10.2018;0.048
20.10.2018;0.048
21.10.2018;0.048
22.10.2018;0.048
23.10.2018;0.048
24.10.2018;0.049
25.10.2018;0.049
26.10.2018;0.049
27.10.2018;0.049
28.10.2018;0.049
29.10.2018;0.05
30.10.2018;0.049
31.10.2018;0.048
1.11.2018;0.048
2.11.2018;0.047
3.11.2018;0.047
4.11.2018;0.047
5.11.2018;0.047
6.11.2018;0.047
7.11.2018;0.047
8.11.2018;0.046
9.11.2018;0.047
10.11.2018;0.047
11.11.2018;0.047
12.11.2018;0.046
13.11.2018;0.046
14.11.2018;0.046
15.11.2018;0.046
16.11.2018;0.045
17.11.2018;0.046
18.11.2018;0.046
19.11.2018;0.046
20.11.2018;0.046
21.11.2018;0.046
22.11.2018;0.046
23.11.2018;0.046
24.11.2018;0.046
25.11.2018;0.046
26.11.2018;0.046
27.11.2018;0.044
28.11.2018;0.044
29.11.2018;0.044
30.11.2018;0.044
1.12.2018;0.045
2.12.2018;0.046
3.12.2018;0.049
4.12.2018;0.05
5.12.2018;0.048
6.12.2018;0.048
7.12.2018;0.049
8.12.2018;0.049
9.12.2018;0.05
10.12.2018;0.049
11.12.2018;0.047
12.12.2018;0.047
13.12.2018;0.047
14.12.2018;0.046
15.12.2018;0.046
16.12.2018;0.046
17.12.2018;0.049
18.12.2018;0.05
19.12.2018;0.051
20.12.2018;0.051
21.12.2018;0.054
22.12.2018;0.055
23.12.2018;0.054
24.12.2018;0.055
25.12.2018;0.053
26.12.2018;0.052
27.12.2018;0.051
28.12.2018;0.051
29.12.2018;0.051
30.12.2018;0.05
31.12.2018;0.05
1.01.2019;0.05
2.01.2019;0.05
3.01.2019;0.049
4.01.2019;0.049
5.01.2019;0.049
6.01.2019;0.049
7.01.2019;0.05
8.01.2019;0.052
9.01.2019;0.053
10.01.2019;0.052
11.01.2019;0.051
12.01.2019;0.051
13.01.2019;0.052
14.01.2019;0.054
15.01.2019;0.055
16.01.2019;0.054
17.01.2019;0.054
18.01.2019;0.053
19.01.2019;0.054
20.01.2019;0.053
21.01.2019;0.053
22.01.2019;0.053
23.01.2019;0.053
24.01.2019;0.052
25.01.2019;0.052
26.01.2019;0.052
27.01.2019;0.053
28.01.2019;0.053
29.01.2019;0.053
30.01.2019;0.053
31.01.2019;0.053
1.02.2019;0.053
2.02.2019;0.053
3.02.2019;0.052
4.02.2019;0.052
5.02.2019;0.052
6.02.2019;0.052
7.02.2019;0.052
8.02.2019;0.052
9.02.2019;0.052
10.02.2019;0.053
11.02.2019;0.053
12.02.2019;0.054
13.02.2019;0.054
14.02.2019;0.053
15.02.2019;0.053
16.02.2019;0.053
17.02.2019;0.053
18.02.2019;0.052
19.02.2019;0.052
20.02.2019;0.052
21.02.2019;0.052
22.02.2019;0.053
23.02.2019;0.053
24.02.2019;0.053
25.02.2019;0.053
26.02.2019;0.053
27.02.2019;0.053
28.02.2019;0.053
1.03.2019;0.053
2.03.2019;0.053
3.03.2019;0.053
4.03.2019;0.053
5.03.2019;0.053
6.03.2019;0.053
7.03.2019;0.054
8.03.2019;0.053
9.03.2019;0.053
10.03.2019;0.055
11.03.2019;0.055
12.03.2019;0.055
13.03.2019;0.055
14.03.2019;0.055
15.03.2019;0.057
16.03.2019;0.057
17.03.2019;0.058
18.03.2019;0.056
19.03.2019;0.055
20.03.2019;0.055
21.03.2019;0.055
22.03.2019;0.055
23.03.2019;0.055
24.03.2019;0.055
25.03.2019;0.055
26.03.2019;0.054
27.03.2019;0.054
28.03.2019;0.055
29.03.2019;0.055
30.03.2019;0.054
31.03.2019;0.055
1.04.2019;0.055
2.04.2019;0.055
3.04.2019;0.055
4.04.2019;0.055
5.04.2019;0.054
6.04.2019;0.054
7.04.2019;0.054
8.04.2019;0.054
9.04.2019;0.054
10.04.2019;0.054
11.04.2019;0.055
12.04.2019;0.054
13.04.2019;0.054
14.04.2019;0.054
15.04.2019;0.054
16.04.2019;0.054
17.04.2019;0.054
18.04.2019;0.055
19.04.2019;0.055
20.04.2019;0.056
21.04.2019;0.057
22.04.2019;0.058
23.04.2019;0.058
24.04.2019;0.058
25.04.2019;0.058
26.04.2019;0.058
27.04.2019;0.058
28.04.2019;0.06
29.04.2019;0.06
30.04.2019;0.06
1.05.2019;0.059
2.05.2019;0.058
3.05.2019;0.057
4.05.2019;0.057
5.05.2019;0.057
6.05.2019;0.057
7.05.2019;0.056
8.05.2019;0.058
9.05.2019;0.058
10.05.2019;0.059
11.05.2019;0.058
12.05.2019;0.057
13.05.2019;0.055
14.05.2019;0.055
15.05.2019;0.054
16.05.2019;0.054
17.05.2019;0.056
18.05.2019;0.056
19.05.2019;0.056
20.05.2019;0.055
21.05.2019;0.056
22.05.2019;0.056
23.05.2019;0.055
24.05.2019;0.055
25.05.2019;0.054
26.05.2019;0.054
27.05.2019;0.054
28.05.2019;0.055
29.05.2019;0.053
30.05.2019;0.053
31.05.2019;0.053
1.06.2019;0.052
2.06.2019;0.053
3.06.2019;0.053
4.06.2019;0.053
5.06.2019;0.053
6.06.2019;0.051
7.06.2019;0.051
8.06.2019;0.051
9.06.2019;0.051
10.06.2019;0.052
11.06.2019;0.051
12.06.2019;0.051
13.06.2019;0.051
14.06.2019;0.051
15.06.2019;0.05
16.06.2019;0.05
17.06.2019;0.05
18.06.2019;0.05
19.06.2019;0.051
20.06.2019;0.05
21.06.2019;0.05
22.06.2019;0.049
23.06.2019;0.049
24.06.2019;0.049
25.06.2019;0.049
26.06.2019;0.049
27.06.2019;0.049
28.06.2019;0.049
29.06.2019;0.048
30.06.2019;0.049
1.07.2019;0.049
2.07.2019;0.048
3.07.2019;0.048
4.07.2019;0.048
5.07.2019;0.048
6.07.2019;0.048
7.07.2019;0.048
8.07.2019;0.048
9.07.2019;0.048
10.07.2019;0.048
11.07.2019;0.049
12.07.2019;0.049
13.07.2019;0.049
14.07.2019;0.049
15.07.2019;0.048
16.07.2019;0.047
17.07.2019;0.047
18.07.2019;0.048
19.07.2019;0.048
20.07.2019;0.048
21.07.2019;0.048
22.07.2019;0.047
23.07.2019;0.047
24.07.2019;0.047
25.07.2019;0.046
26.07.2019;0.047
27.07.2019;0.047
28.07.2019;0.047
29.07.2019;0.046
30.07.2019;0.046
31.07.2019;0.046
1.08.2019;0.046
2.08.2019;0.046
3.08.2019;0.046
4.08.2019;0.046
5.08.2019;0.045
6.08.2019;0.045
7.08.2019;0.046
8.08.2019;0.046
9.08.2019;0.045
10.08.2019;0.046
11.08.2019;0.045
12.08.2019;0.045
13.08.2019;0.046
14.08.2019;0.045
15.08.2019;0.044
16.08.2019;0.045
17.08.2019;0.044
18.08.2019;0.043
19.08.2019;0.043
20.08.2019;0.043
21.08.2019;0.043
22.08.2019;0.043
23.08.2019;0.043
24.08.2019;0.043
25.08.2019;0.043
26.08.2019;0.042
27.08.2019;0.043
28.08.2019;0.042
29.08.2019;0.042
30.08.2019;0.042
31.08.2019;0.042
1.09.2019;0.042
2.09.2019;0.041
3.09.2019;0.041
4.09.2019;0.041
5.09.2019;0.041
6.09.2019;0.041
7.09.2019;0.041
8.09.2019;0.041
9.09.2019;0.041
10.09.2019;0.04
11.09.2019;0.04
12.09.2019;0.04
13.09.2019;0.041
14.09.2019;0.041
15.09.2019;0.04
16.09.2019;0.04
17.09.2019;0.039
18.09.2019;0.039
19.09.2019;0.039
20.09.2019;0.039
21.09.2019;0.038
22.09.2019;0.038
23.09.2019;0.037
24.09.2019;0.038
25.09.2019;0.038
26.09.2019;0.038
27.09.2019;0.038
28.09.2019;0.039
29.09.2019;0.039
30.09.2019;0.039
1.10.2019;0.039
2.10.2019;0.04
3.10.2019;0.039
4.10.2019;0.04
5.10.2019;0.04
6.10.2019;0.04
7.10.2019;0.04
8.10.2019;0.04
9.10.2019;0.039
10.10.2019;0.039
11.10.2019;0.039
12.10.2019;0.039
13.10.2019;0.039
14.10.2019;0.038
15.10.2019;0.038
16.10.2019;0.038
17.10.2019;0.038
18.10.2019;0.038
19.10.2019;0.038
20.10.2019;0.038
21.10.2019;0.037
22.10.2019;0.037
23.10.2019;0.037
24.10.2019;0.038
25.10.2019;0.037
26.10.2019;0.037
27.10.2019;0.037
28.10.2019;0.036
29.10.2019;0.036
30.10.2019;0.036
31.10.2019;0.036
1.11.2019;0.037
2.11.2019;0.038
3.11.2019;0.04
4.11.2019;0.039
5.11.2019;0.039
6.11.2019;0.038
7.11.2019;0.038
8.11.2019;0.038
9.11.2019;0.038
10.11.2019;0.037
11.11.2019;0.038
12.11.2019;0.038
13.11.2019;0.038
14.11.2019;0.037
15.11.2019;0.037
16.11.2019;0.038
17.11.2019;0.038
18.11.2019;0.037
19.11.2019;0.037
20.11.2019;0.037
21.11.2019;0.037
22.11.2019;0.036
23.11.2019;0.035
24.11.2019;0.035
25.11.2019;0.035
26.11.2019;0.036
27.11.2019;0.036
28.11.2019;0.036
29.11.2019;0.035
30.11.2019;0.035
1.12.2019;0.035
2.12.2019;0.035
3.12.2019;0.035
4.12.2019;0.035
5.12.2019;0.035
6.12.2019;0.035
7.12.2019;0.034
8.12.2019;0.035
9.12.2019;0.035
10.12.2019;0.034
11.12.2019;0.035
12.12.2019;0.036
13.12.2019;0.037
14.12.2019;0.037
15.12.2019;0.038
16.12.2019;0.039
17.12.2019;0.038
18.12.2019;0.037
19.12.2019;0.037
20.12.2019;0.038
21.12.2019;0.038
22.12.2019;0.038
23.12.2019;0.037
24.12.2019;0.036
25.12.2019;0.037
26.12.2019;0.037
27.12.2019;0.036
28.12.2019;0.035
29.12.2019;0.035
30.12.2019;0.035
31.12.2019;0.035
1.01.2020;0.034
2.01.2020;0.035
3.01.2020;0.034
4.01.2020;0.034
5.01.2020;0.034
6.01.2020;0.035
7.01.2020;0.035
8.01.2020;0.035
9.01.2020;0.035
10.01.2020;0.035
11.01.2020;0.034
12.01.2020;0.034
13.01.2020;0.034
14.01.2020;0.034
15.01.2020;0.033
16.01.2020;0.033
17.01.2020;0.033
18.01.2020;0.032
19.01.2020;0.032
20.01.2020;0.032
21.01.2020;0.033
22.01.2020;0.033
23.01.2020;0.033
24.01.2020;0.033
25.01.2020;0.032
26.01.2020;0.032
27.01.2020;0.032
28.01.2020;0.034
29.01.2020;0.034
30.01.2020;0.035
31.01.2020;0.036
1.02.2020;0.036
2.02.2020;0.037
3.02.2020;0.038
4.02.2020;0.039
5.02.2020;0.04
6.02.2020;0.041
7.02.2020;0.043
8.02.2020;0.043
9.02.2020;0.042
10.02.2020;0.044
11.02.2020;0.044
12.02.2020;0.044
13.02.2020;0.046
14.02.2020;0.047
15.02.2020;0.048
16.02.2020;0.048
17.02.2020;0.049
18.02.2020;0.049
19.02.2020;0.049
20.02.2020;0.049
21.02.2020;0.048
22.02.2020;0.048
23.02.2020;0.049
24.02.2020;0.049
25.02.2020;0.05
26.02.2020;0.05
27.02.2020;0.051
28.02.2020;0.051
29.02.2020;0.052
1.03.2020;0.052
2.03.2020;0.053
3.03.2020;0.053
4.03.2020;0.053
5.03.2020;0.053
6.03.2020;0.054
7.03.2020;0.053
8.03.2020;0.052
9.03.2020;0.053
10.03.2020;0.053
11.03.2020;0.054
12.03.2020;0.055
13.03.2020;0.055
14.03.2020;0.055
15.03.2020;0.055
16.03.2020;0.054
17.03.2020;0.054
18.03.2020;0.054
19.03.2020;0.054
20.03.2020;0.054
21.03.2020;0.054
22.03.2020;0.054
23.03.2020;0.054
24.03.2020;0.053
25.03.2020;
26.03.2020;
27.03.2020;
28.03.2020;
29.03.2020;
30.03.2020;
31.03.2020;
1.04.2020;
2.04.2020;
3.04.2020;
4.04.2020;
5.04.2020;
6.04.2020;
7.04.2020;
8.04.2020;
9.04.2020;
10.04.2020;
11.04.2020;
12.04.2020;
13.04.2020;0.051
14.04.2020;0.05
15.04.2020;0.05
16.04.2020;0.051
17.04.2020;0.051
18.04.2020;0.05
19.04.2020;0.05
20.04.2020;0.049
21.04.2020;0.048
22.04.2020;0.048
23.04.2020;0.048
24.04.2020;0.048
25.04.2020;0.048
26.04.2020;0.048
27.04.2020;0.048
28.04.2020;0.048
29.04.2020;0.048
30.04.2020;0.047
1.05.2020;0.047
2.05.2020;0.047
3.05.2020;0.048
4.05.2020;0.048
5.05.2020;0.048
6.05.2020;0.048
7.05.2020;0.048
8.05.2020;0.047
9.05.2020;0.047
10.05.2020;0.046
11.05.2020;0.045
12.05.2020;0.045
13.05.2020;0.044
14.05.2020;0.045
15.05.2020;0.046
16.05.2020;0.046
17.05.2020;0.046
18.05.2020;0.047
19.05.2020;0.047
20.05.2020;0.048
21.05.2020;0.048
22.05.2020;0.048
23.05.2020;0.048
24.05.2020;0.048
25.05.2020;0.048
26.05.2020;0.049
27.05.2020;0.049
28.05.2020;0.049
29.05.2020;0.049
30.05.2020;0.049
31.05.2020;0.049
1.06.2020;0.048
2.06.2020;0.048
3.06.2020;0.048
4.06.2020;0.048
5.06.2020;0.048
6.06.2020;0.048
7.06.2020;0.048
8.06.2020;0.049
9.06.2020;0.049
10.06.2020;0.048
11.06.2020;0.047
12.06.2020;0.047
13.06.2020;0.048
14.06.2020;0.048
15.06.2020;0.048
16.06.2020;0.05
17.06.2020;0.05
18.06.2020;0.05
19.06.2020;0.051
20.06.2020;0.05
21.06.2020;0.049
22.06.2020;0.05
23.06.2020;0.05
24.06.2020;0.05
25.06.2020;0.05
26.06.2020;0.05
27.06.2020;0.05
28.06.2020;0.049
29.06.2020;0.049
30.06.2020;0.048
1.07.2020;0.047
2.07.2020;0.047
3.07.2020;0.046
4.07.2020;0.046
5.07.2020;0.045
6.07.2020;0.045
7.07.2020;0.045
8.07.2020;0.044
9.07.2020;0.043
10.07.2020;0.043
11.07.2020;0.043
12.07.2020;0.042
13.07.2020;0.041
14.07.2020;0.041
15.07.2020;0.04
16.07.2020;0.039
17.07.2020;0.038
18.07.2020;0.038
19.07.2020;0.038
20.07.2020;0.04
21.07.2020;0.038
22.07.2020;0.04
23.07.2020;0.039
24.07.2020;0.039
25.07.2020;0.039
26.07.2020;0.039
27.07.2020;0.039
28.07.2020;0.039
29.07.2020;0.039
30.07.2020;0.039
31.07.2020;0.039
1.08.2020;0.039
2.08.2020;0.039
3.08.2020;0.038
4.08.2020;0.039
5.08.2020;0.039
6.08.2020;0.039
7.08.2020;0.038
8.08.2020;0.038
9.08.2020;0.038
10.08.2020;0.037
11.08.2020;0.037
12.08.2020;0.037
13.08.2020;0.036
14.08.2020;0.036
15.08.2020;0.036
16.08.2020;0.036
17.08.2020;0.036
18.08.2020;0.036
19.08.2020;0.037
20.08.2020;0.037
21.08.2020;0.038
22.08.2020;0.039
23.08.2020;0.039
24.08.2020;0.038
25.08.2020;0.038
26.08.2020;0.039
27.08.2020;0.039
28.08.2020;0.038
29.08.2020;0.037
30.08.2020;0.038
31.08.2020;0.037
1.09.2020;0.037
2.09.2020;0.04
3.09.2020;0.04
4.09.2020;0.039
5.09.2020;0.039
6.09.2020;0.039
7.09.2020;0.04
8.09.2020;0.039
9.09.2020;0.039
10.09.2020;0.038
11.09.2020;0.037
12.09.2020;0.036
13.09.2020;0.035
14.09.2020;0.034
15.09.2020;0.033
16.09.2020;0.034
17.09.2020;0.033
18.09.2020;0.032
19.09.2020;0.033
20.09.2020;0.034
21.09.2020;0.034
22.09.2020;0.034
23.09.2020;0.034
24.09.2020;0.036
25.09.2020;0.033
26.09.2020;0.033
27.09.2020;0.033
28.09.2020;0.034
29.09.2020;0.034
30.09.2020;0.034
1.10.2020;0.034
2.10.2020;0.034
3.10.2020;0.034
4.10.2020;0.035
5.10.2020;0.035
6.10.2020;0.035
7.10.2020;0.035
8.10.2020;0.035
9.10.2020;0.035
10.10.2020;0.035
11.10.2020;0.034
12.10.2020;0.034
13.10.2020;0.033
14.10.2020;0.035
15.10.2020;0.035
16.10.2020;0.035
17.10.2020;0.036
18.10.2020;0.036
19.10.2020;0.037
20.10.2020;0.037
21.10.2020;0.037
22.10.2020;0.038
23.10.2020;0.038
24.10.2020;0.038
25.10.2020;0.037
26.10.2020;0.037
27.10.2020;0.037
28.10.2020;0.037
29.10.2020;0.037
30.10.2020;0.037
31.10.2020;0.036
1.11.2020;0.036
2.11.2020;0.036
3.11.2020;0.037
4.11.2020;0.037
5.11.2020;0.037
6.11.2020;0.038
7.11.2020;0.037
8.11.2020;0.037
9.11.2020;0.038
10.11.2020;0.037
11.11.2020;0.037
12.11.2020;0.036
13.11.2020;0.036
14.11.2020;0.036
15.11.2020;0.036
16.11.2020;0.036
17.11.2020;0.035
18.11.2020;0.035
19.11.2020;0.036
20.11.2020;0.036
21.11.2020;0.036
22.11.2020;0.036
23.11.2020;0.036
24.11.2020;0.035
25.11.2020;0.034
26.11.2020;0.032
27.11.2020;0.032
28.11.2020;0.031
29.11.2020;0.031
30.11.2020;0.03
1.12.2020;0.029
2.12.2020;0.029
3.12.2020;0.029
4.12.2020;0.029
5.12.2020;0.03
6.12.2020;0.03
7.12.2020;0.031
8.12.2020;0.032
9.12.2020;0.032
10.12.2020;0.032
11.12.2020;0.031
12.12.2020;0.03
13.12.2020;0.031
14.12.2020;0.031
15.12.2020;0.031
16.12.2020;0.031
17.12.2020;0.031
18.12.2020;0.031
19.12.2020;0.031
20.12.2020;0.032
21.12.2020;0.032
22.12.2020;0.031
23.12.2020;0.03
24.12.2020;0.029
25.12.2020;0.029
26.12.2020;0.029
27.12.2020;0.027
28.12.2020;0.027
29.12.2020;0.028
30.12.2020;0.028
31.12.2020;0.028
1.01.2021;0.028
2.01.2021;0.028
3.01.2021;0.028
4.01.2021;0.028
5.01.2021;0.027
6.01.2021;0.027
7.01.2021;0.027
8.01.2021;0.028
9.01.2021;0.027
10.01.2021;0.028
11.01.2021;0.027
12.01.2021;0.025
13.01.2021;0.025
14.01.2021;0.025
15.01.2021;0.026
16.01.2021;0.026
17.01.2021;0.025
18.01.2021;0.026
19.01.2021;0.026
20.01.2021;0.026
21.01.2021;0.026
22.01.2021;0.027
23.01.2021;0.027
24.01.2021;0.026
25.01.2021;0.027
26.01.2021;0.027
27.01.2021;0.027
28.01.2021;0.026
29.01.2021;0.026
30.01.2021;0.03
31.01.2021;0.033
1.02.2021;0.03
2.02.2021;0.029
3.02.2021;0.029
4.02.2021;0.028
5.02.2021;0.029
6.02.2021;0.03
7.02.2021;0.031
8.02.2021;0.033
9.02.2021;0.033
10.02.2021;0.033
11.02.2021;0.032
12.02.2021;0.032
13.02.2021;0.033
14.02.2021;0.033
15.02.2021;0.034
16.02.2021;0.035
17.02.2021;0.035
18.02.2021;0.036
19.02.2021;0.037
20.02.2021;0.037
21.02.2021;0.037
22.02.2021;0.038
23.02.2021;0.039
24.02.2021;0.039
25.02.2021;0.039
26.02.2021;0.04
27.02.2021;0.042
28.02.2021;0.04
1.03.2021;0.039
2.03.2021;0.04
3.03.2021;0.041
4.03.2021;0.041
5.03.2021;0.041
6.03.2021;0.042
7.03.2021;0.041
8.03.2021;0.04
9.03.2021;0.038
10.03.2021;0.038
11.03.2021;0.039
12.03.2021;0.039
13.03.2021;0.04
14.03.2021;0.04
15.03.2021;0.041
16.03.2021;0.041
17.03.2021;0.041
18.03.2021;0.042
19.03.2021;0.041
20.03.2021;0.041
21.03.2021;0.041
22.03.2021;0.042
23.03.2021;0.042
24.03.2021;0.041
25.03.2021;0.044
26.03.2021;0.044
27.03.2021;0.046
28.03.2021;0.046
29.03.2021;0.047
30.03.2021;0.047
31.03.2021;0.045
1.04.2021;0.043
2.04.2021;0.044
3.04.2021;0.044
4.04.2021;0.042
5.04.2021;0.04
6.04.2021;0.042
7.04.2021;0.04
8.04.2021;0.04
9.04.2021;0.046
10.04.2021;0.044
11.04.2021;0.043
12.04.2021;0.042
13.04.2021;0.041
14.04.2021;0.04
15.04.2021;0.043
16.04.2021;0.042
17.04.2021;0.041
18.04.2021;0.039
19.04.2021;0.04
20.04.2021;0.041
21.04.2021;0.041
22.04.2021;0.04
23.04.2021;0.041
24.04.2021;0.042
25.04.2021;0.043
26.04.2021;0.044
27.04.2021;0.045
28.04.2021;0.046
29.04.2021;0.047
30.04.2021;0.048
1.05.2021;0.048
2.05.2021;0.048
3.05.2021;0.049
4.05.2021;0.05
5.05.2021;0.05
6.05.2021;0.051
7.05.2021;0.05
8.05.2021;0.05
9.05.2021;0.049
10.05.2021;0.049
11.05.2021;0.05
12.05.2021;0.052
13.05.2021;0.052
14.05.2021;0.053
15.05.2021;0.054
16.05.2021;0.055
17.05.2021;0.056
18.05.2021;0.057
19.05.2021;0.058
20.05.2021;0.059
21.05.2021;0.057
22.05.2021;0.057
23.05.2021;0.056
24.05.2021;0.055
25.05.2021;0.056
26.05.2021;0.058
27.05.2021;0.058
28.05.2021;0.059
29.05.2021;0.058
30.05.2021;0.058
31.05.2021;0.048
1.06.2021;0.047
2.06.2021;0.048
3.06.2021;0.049
4.06.2021;0.048
5.06.2021;0.048
6.06.2021;0.048
7.06.2021;0.048
8.06.2021;0.051
9.06.2021;0.052
10.06.2021;0.053
11.06.2021;0.053
12.06.2021;0.054
13.06.2021;0.054
14.06.2021;0.053
15.06.2021;0.055
16.06.2021;0.055
17.06.2021;0.055
18.06.2021;0.053
19.06.2021;0.051
20.06.2021;0.052
21.06.2021;0.053
22.06.2021;0.054
23.06.2021;0.056
24.06.2021;0.056
25.06.2021;0.055
26.06.2021;0.054
27.06.2021;0.054
28.06.2021;0.054
29.06.2021;0.052
30.06.2021;0.048
1.07.2021;0.05
2.07.2021;0.048
3.07.2021;0.049
4.07.2021;0.048
5.07.2021;0.048
6.07.2021;0.048
7.07.2021;0.047
8.07.2021;0.046
9.07.2021;0.045
10.07.2021;0.043
11.07.2021;0.044
12.07.2021;0.045
13.07.2021;0.045
14.07.2021;0.045
15.07.2021;0.044
16.07.2021;0.045
17.07.2021;0.043
18.07.2021;0.042
19.07.2021;0.042
20.07.2021;0.042
21.07.2021;0.041
22.07.2021;0.041
23.07.2021;0.04
24.07.2021;0.039
25.07.2021;0.039
26.07.2021;0.038
27.07.2021;0.037
28.07.2021;0.036
29.07.2021;0.035
30.07.2021;0.034
31.07.2021;0.034
1.08.2021;0.033
2.08.2021;0.032
3.08.2021;0.031
4.08.2021;0.03
5.08.2021;0.029
6.08.2021;0.029
7.08.2021;0.027
8.08.2021;0.027
9.08.2021;0.026
10.08.2021;0.026
11.08.2021;0.026
12.08.2021;0.026
13.08.2021;0.027
14.08.2021;0.027
15.08.2021;0.027
16.08.2021;0.026
17.08.2021;0.027
18.08.2021;0.027
19.08.2021;0.027
20.08.2021;0.027
21.08.2021;0.027
22.08.2021;0.027
23.08.2021;0.026
24.08.2021;0.026
25.08.2021;0.025
26.08.2021;0.026
27.08.2021;0.025
28.08.2021;0.026
29.08.2021;0.026
30.08.2021;0.025
31.08.2021;0.025
1.09.2021;0.026
2.09.2021;0.026
3.09.2021;0.026
4.09.2021;0.026
5.09.2021;0.027
6.09.2021;0.027
7.09.2021;0.027
8.09.2021;0.027
9.09.2021;0.028
10.09.2021;0.028
11.09.2021;0.028
12.09.2021;0.028
13.09.2021;0.028
14.09.2021;0.03
15.09.2021;0.03
16.09.2021;0.029
17.09.2021;0.029
18.09.2021;0.03
19.09.2021;0.029
20.09.2021;0.03
21.09.2021;0.03
22.09.2021;0.031
23.09.2021;0.03
24.09.2021;0.03
25.09.2021;0.031
26.09.2021;0.029
27.09.2021;0.027
28.09.2021;0.026
29.09.2021;0.027
30.09.2021;0.028
1.10.2021;0.028
2.10.2021;0.028
3.10.2021;0.028
4.10.2021;0.027
5.10.2021;0.025
6.10.2021;0.025
7.10.2021;0.025
8.10.2021;0.027
9.10.2021;0.027
10.10.2021;0.027
11.10.2021;0.026
12.10.2021;0.025
13.10.2021;0.025
14.10.2021;0.025
15.10.2021;0.024
16.10.2021;0.024
17.10.2021;0.024
18.10.2021;0.024
19.10.2021;0.024
20.10.2021;0.022
21.10.2021;0.021
22.10.2021;0.021
25.10.2021;0.022
26.10.2021;0.023
2.11.2021;0.023
11.11.2021;0.023
24.11.2021;0.022
6.12.2021;0.023
13.12.2021;0.023
27.12.2021;0.023
28.12.2021;0.024
30.12.2021;0.026
2.01.2022;0.032
3.01.2022;0.033
4.01.2022;0.035
6.01.2022;0.035
8.01.2022;0.035
10.01.2022;0.035
12.01.2022;0.035
13.01.2022;0.034
18.01.2022;0.035
21.01.2022;0.035
24.01.2022;0.036
25.01.2022;0.035
26.01.2022;0.035
27.01.2022;0.034
28.01.2022;0.034
29.01.2022;0.034
30.01.2022;0.034
31.01.2022;0.033
1.02.2022;0.035
2.02.2022;0.038
3.02.2022;0.041
4.02.2022;0.042
5.02.2022;0.042
6.02.2022;0.041
7.02.2022;0.041
8.02.2022;0.041
9.02.2022;0.04
10.02.2022;0.041
11.02.2022;0.042
12.02.2022;0.044
13.02.2022;0.045
14.02.2022;0.046
15.02.2022;0.046
16.02.2022;0.046
17.02.2022;0.048
18.02.2022;0.051
19.02.2022;0.056
20.02.2022;0.06
21.02.2022;0.062
22.02.2022;0.061
23.02.2022;0.061
24.02.2022;0.061
25.02.2022;0.062
26.02.2022;0.063
27.02.2022;0.063
28.02.2022;0.063
1.03.2022;0.063
2.03.2022;0.062
3.03.2022;0.061
4.03.2022;0.063
5.03.2022;0.062
6.03.2022;0.06
7.03.2022;0.06
8.03.2022;0.059
9.03.2022;0.059
10.03.2022;0.06
11.03.2022;0.06
12.03.2022;0.059
13.03.2022;0.057
14.03.2022;0.056
15.03.2022;0.055
16.03.2022;0.054
17.03.2022;0.053
18.03.2022;0.052
19.03.2022;0.051
20.03.2022;0.049
21.03.2022;0.048
22.03.2022;0.048
23.03.2022;0.049
24.03.2022;0.048
25.03.2022;0.049
26.03.2022;0.05
27.03.2022;0.054
28.03.2022;0.056
29.03.2022;0.055
30.03.2022;0.05
31.03.2022;0.046
1.04.2022;0.042
2.04.2022;0.041
3.04.2022;0.042
4.04.2022;0.044
5.04.2022;0.044
6.04.2022;0.045
7.04.2022;0.047
8.04.2022;0.047
9.04.2022;0.045
10.04.2022;0.045
11.04.2022;0.044
12.04.2022;0.044
13.04.2022;0.045
14.04.2022;0.046
15.04.2022;0.047
16.04.2022;0.047
17.04.2022;0.047
18.04.2022;0.047
19.04.2022;0.047
20.04.2022;0.047
21.04.2022;0.047
22.04.2022;0.047
23.04.2022;0.047
24.04.2022;0.047
25.04.2022;0.047
26.04.2022;0.047
27.04.2022;0.047
28.04.2022;0.047
29.04.2022;0.047
30.04.2022;0.047
1.05.2022;0.048
2.05.2022;0.05
3.05.2022;0.052
4.05.2022;0.055
5.05.2022;0.056
6.05.2022;0.057
7.05.2022;0.059
8.05.2022;0.06
9.05.2022;0.06
10.05.2022;0.061
11.05.2022;0.06
12.05.2022;0.06
13.05.2022;0.06
14.05.2022;0.06
15.05.2022;0.061
16.05.2022;0.06
17.05.2022;0.059
18.05.2022;0.06
19.05.2022;0.061
20.05.2022;0.06
21.05.2022;0.061
22.05.2022;0.061
23.05.2022;0.062
24.05.2022;0.064
25.05.2022;0.064
26.05.2022;0.063
27.05.2022;0.062
28.05.2022;0.058
29.05.2022;0.053
30.05.2022;0.048
31.05.2022;0.044
1.06.2022;0.044
2.06.2022;0.044
3.06.2022;0.044
4.06.2022;0.043
5.06.2022;0.044
6.06.2022;0.044
7.06.2022;0.043
8.06.2022;0.043
9.06.2022;0.043
10.06.2022;0.043
11.06.2022;0.042
12.06.2022;0.041
13.06.2022;0.041
14.06.2022;0.041
15.06.2022;0.041
16.06.2022;0.041
17.06.2022;0.041
18.06.2022;0.04
19.06.2022;0.04
20.06.2022;0.04
21.06.2022;0.039
22.06.2022;0.039
23.06.2022;0.04
24.06.2022;0.039
25.06.2022;0.04
26.06.2022;0.039
27.06.2022;0.039
28.06.2022;0.039
29.06.2022;0.037
30.06.2022;0.036
1.07.2022;0.037
2.07.2022;0.036
3.07.2022;0.036
4.07.2022;0.036
5.07.2022;0.036
6.07.2022;0.036
7.07.2022;0.037
8.07.2022;0.037
9.07.2022;0.037
10.07.2022;0.037
11.07.2022;0.037
12.07.2022;0.038
13.07.2022;0.038
14.07.2022;0.038
15.07.2022;0.038
16.07.2022;0.038
17.07.2022;0.038
18.07.2022;0.037
19.07.2022;0.035
20.07.2022;0.034
21.07.2022;0.034
22.07.2022;0.033
23.07.2022;0.033
24.07.2022;0.033
25.07.2022;0.033
26.07.2022;0.034
27.07.2022;0.034
28.07.2022;0.034
29.07.2022;0.034
30.07.2022;0.033
31.07.2022;0.033
9.08.2022;0.032
15.08.2022;0.033
24.08.2022;0.032
6.09.2022;0.028
12.09.2022;0.03
19.09.2022;0.029
4.10.2022;0.03
24.10.2022;0.033
2.11.2022;0.03
14.11.2022;0.026
21.11.2022;0.032
6.12.2022;0.028
19.12.2022;0.024
20.12.2022;0.025
21.12.2022;0.025
22.12.2022;0.027
23.12.2022;0.032
24.12.2022;0.049
25.12.2022;0.037
26.12.2022;0.036
27.12.2022;0.036
28.12.2022;0.037
29.12.2022;0.037
30.12.2022;0.037
31.12.2022;0.037
1.01.2023;0.036
2.01.2023;0.036
3.01.2023;0.035
4.01.2023;0.035
5.01.2023;0.035
6.01.2023;0.036
7.01.2023;0.036
8.01.2023;0.037
9.01.2023;0.038
10.01.2023;0.037
11.01.2023;0.037
12.01.2023;0.037
13.01.2023;0.038
14.01.2023;0.038
15.01.2023;0.039
16.01.2023;0.042
17.01.2023;0.041
18.01.2023;0.039
19.01.2023;0.038
20.01.2023;0.036
21.01.2023;0.036
22.01.2023;0.035
23.01.2023;0.034
24.01.2023;0.033
25.01.2023;0.034
26.01.2023;0.034
27.01.2023;0.033
28.01.2023;0.035
29.01.2023;0.038
30.01.2023;0.04
31.01.2023;0.04
1.02.2023;0.04
2.02.2023;0.041
3.02.2023;0.047
4.02.2023;0.06
5.02.2023;0.056
6.02.2023;0.051
7.02.2023;0.05
8.02.2023;0.05
9.02.2023;0.049
10.02.2023;0.048
11.02.2023;0.048
12.02.2023;0.048
13.02.2023;0.047
14.02.2023;0.047
15.02.2023;0.046
16.02.2023;0.045
17.02.2023;0.044
18.02.2023;0.045
19.02.2023;0.045
20.02.2023;0.045
21.02.2023;0.045
22.02.2023;0.046
23.02.2023;0.045
24.02.2023;0.046
25.02.2023;0.045
26.02.2023;0.045
27.02.2023;0.044
28.02.2023;0.045
1.03.2023;0.045
2.03.2023;0.045
3.03.2023;0.044
4.03.2023;0.038
5.03.2023;0.047
6.03.2023;0.053
7.03.2023;0.048
8.03.2023;0.048
9.03.2023;0.05
10.03.2023;0.057
11.03.2023;0.064
12.03.2023;0.055
13.03.2023;0.055
14.03.2023;0.063
15.03.2023;0.078
16.03.2023;0.059
22.03.2023;0.053
23.03.2023;0.052
24.03.2023;0.057
25.03.2023;0.071
26.03.2023;0.06
27.03.2023;0.055
28.03.2023;0.053
29.03.2023;0.052
30.03.2023;0.055
31.03.2023;0.062
1.04.2023;0.064
2.04.2023;0.06
3.04.2023;0.067
4.04.2023;0.052
5.04.2023;0.052
6.04.2023;0.052
7.04.2023;0.051
8.04.2023;0.047
9.04.2023;0.046
10.04.2023;0.045
11.04.2023;0.046
12.04.2023;0.048
13.04.2023;0.048
14.04.2023;0.048
15.04.2023;0.049
16.04.2023;0.05
17.04.2023;0.053
18.04.2023;0.053
19.04.2023;0.055
20.04.2023;0.053
21.04.2023;0.053
22.04.2023;0.054
23.04.2023;0.051
24.04.2023;0.051
25.04.2023;0.05
26.04.2023;0.048
27.04.2023;0.048
28.04.2023;0.048
29.04.2023;0.05
30.04.2023;0.051
1.05.2023;0.052
2.05.2023;0.049
3.05.2023;0.049
4.05.2023;0.048
5.05.2023;0.048
6.05.2023;0.048
7.05.2023;0.048
8.05.2023;0.047
9.05.2023;0.047
10.05.2023;0.048
11.05.2023;0.05
12.05.2023;0.052
13.05.2023;0.049
14.05.2023;0.048
15.05.2023;0.048
16.05.2023;0.047
17.05.2023;0.046
18.05.2023;0.047
19.05.2023;0.049
20.05.2023;0.05
21.05.2023;0.051
22.05.2023;0.051
23.05.2023;0.05
24.05.2023;0.05
25.05.2023;0.05
26.05.2023;0.049
27.05.2023;0.048
28.05.2023;0.048
29.05.2023;0.048
30.05.2023;0.047
31.05.2023;0.047
1.06.2023;0.048
2.06.2023;0.048
3.06.2023;0.049
4.06.2023;0.048
5.06.2023;0.048
6.06.2023;0.047
7.06.2023;0.046
8.06.2023;0.045
9.06.2023;0.045
10.06.2023;0.046
11.06.2023;0.044
12.06.2023;0.043
13.06.2023;0.046
14.06.2023;0.045
15.06.2023;0.05
16.06.2023;0.052
17.06.2023;0.053
18.06.2023;0.052
19.06.2023;0.052
20.06.2023;0.052
21.06.2023;0.053
22.06.2023;0.052
23.06.2023;0.052
24.06.2023;0.052
25.06.2023;0.052
26.06.2023;0.052
27.06.2023;0.052
28.06.2023;0.052
29.06.2023;0.051
30.06.2023;0.051
1.07.2023;0.052
2.07.2023;0.051
3.07.2023;0.051
4.07.2023;0.051
5.07.2023;0.05
6.07.2023;0.05
7.07.2023;0.049
8.07.2023;0.049
9.07.2023;0.048
10.07.2023;0.048
11.07.2023;0.048
12.07.2023;0.048
13.07.2023;0.048
14.07.2023;0.047
15.07.2023;0.047
16.07.2023;0.047
17.07.2023;0.046
18.07.2023;0.046
19.07.2023;0.046
20.07.2023;0.045
21.07.2023;0.045
22.07.2023;0.045
23.07.2023;0.045
24.07.2023;0.045
25.07.2023;0.046
26.07.2023;0.046
27.07.2023;0.046
28.07.2023;0.047
29.07.2023;0.047
30.07.2023;0.046
31.07.2023;0.046
1.08.2023;0.047
2.08.2023;0.049
3.08.2023;0.049
4.08.2023;0.048
5.08.2023;0.047
6.08.2023;0.048
7.08.2023;0.049
8.08.2023;0.049
9.08.2023;0.048
10.08.2023;0.048
11.08.2023;0.047
12.08.2023;0.047
13.08.2023;0.047
14.08.2023;0.047
15.08.2023;0.046
16.08.2023;0.045
17.08.2023;0.046
18.08.2023;0.051
19.08.2023;0.054
20.08.2023;0.052
21.08.2023;0.051
22.08.2023;0.051
23.08.2023;0.05
24.08.2023;0.05
25.08.2023;0.05
26.08.2023;0.051
27.08.2023;0.053
28.08.2023;0.051
29.08.2023;0.059
30.08.2023;0.063
31.08.2023;0.055
1.09.2023;0.054
2.09.2023;0.054
3.09.2023;0.053
4.09.2023;0.053
5.09.2023;0.054
6.09.2023;0.069
8.09.2023;0.066
9.09.2023;0.064
10.09.2023;0.064
11.09.2023;0.064
12.09.2023;0.062
13.09.2023;0.061
14.09.2023;0.07
15.09.2023;0.074
16.09.2023;0.08
17.09.2023;0.091
18.09.2023;0.092
19.09.2023;0.09
20.09.2023;0.074
21.09.2023;0.051
22.09.2023;0.033
23.09.2023;0.04
24.09.2023;0.043
25.09.2023;0.04
26.09.2023;0.037
27.09.2023;0.041
28.09.2023;0.044
29.09.2023;0.043
30.09.2023;0.042
1.10.2023;0.044
2.10.2023;0.044
3.10.2023;0.043
4.10.2023;0.044
5.10.2023;0.045
6.10.2023;0.042
7.10.2023;0.042
8.10.2023;0.046
9.10.2023;0.048
10.10.2023;0.047
11.10.2023;0.045
12.10.2023;0.043
13.10.2023;0.044
14.10.2023;0.042
15.10.2023;0.04
16.10.2023;0.037
17.10.2023;0.038
18.10.2023;0.038
19.10.2023;0.044
20.10.2023;0.04
21.10.2023;0.037
22.10.2023;0.036
23.10.2023;0.041
24.10.2023;0.041
25.10.2023;0.043
26.10.2023;0.043
27.10.2023;0.043
28.10.2023;0.043
29.10.2023;0.044
30.10.2023;0.047
31.10.2023;0.045
1.11.2023;0.038
2.11.2023;0.039
3.11.2023;0.039
4.11.2023;0.04
5.11.2023;0.04
6.11.2023;0.04
7.11.2023;0.042
8.11.2023;0.04
9.11.2023;0.04
10.11.2023;0.041
11.11.2023;0.04
12.11.2023;0.044
13.11.2023;0.049
14.11.2023;0.053
15.11.2023;0.046
16.11.2023;0.049
17.11.2023;0.042
18.11.2023;0.041
19.11.2023;0.047
20.11.2023;0.056
21.11.2023;0.041
22.11.2023;0.043
23.11.2023;0.042
24.11.2023;0.042
25.11.2023;0.044
26.11.2023;0.04
27.11.2023;0.04
28.11.2023;0.043
29.11.2023;0.041
30.11.2023;0.04
1.12.2023;0.039
2.12.2023;0.04
3.12.2023;0.047
4.12.2023;0.041
5.12.2023;0.043
6.12.2023;0.061
7.12.2023;0.057
8.12.2023;0.053
9.12.2023;0.058
10.12.2023;0.063
11.12.2023;0.093
12.12.2023;0.067
13.12.2023;0.053
14.12.2023;0.051
15.12.2023;0.049
16.12.2023;0.048
17.12.2023;0.05
18.12.2023;0.052
19.12.2023;0.052
20.12.2023;0.056
21.12.2023;0.064
22.12.2023;0.091
23.12.2023;0.115
24.12.2023;0.132
25.12.2023;0.126
26.12.2023;0.125
27.12.2023;0.094
28.12.2023;0.057
29.12.2023;0.055
30.12.2023;0.05
31.12.2023;0.044
1.01.2024;0.046
2.01.2024;0.049
3.01.2024;0.055
4.01.2024;0.085
5.01.2024;0.094
6.01.2024;0.062
7.01.2024;0.058
8.01.2024;0.047
9.01.2024;0.047
10.01.2024;0.052
11.01.2024;0.055
12.01.2024;0.058
13.01.2024;0.061
14.01.2024;0.065
15.01.2024;0.067
16.01.2024;0.067
17.01.2024;0.066
18.01.2024;0.066
19.01.2024;0.065
20.01.2024;0.065
21.01.2024;0.065
22.01.2024;0.064
23.01.2024;0.064
24.01.2024;0.065
25.01.2024;0.065
26.01.2024;0.065
27.01.2024;0.066
28.01.2024;0.066
29.01.2024;0.067
30.01.2024;0.067
31.01.2024;0.067
1.02.2024;0.067
2.02.2024;0.068
3.02.2024;0.068
4.02.2024;0.068
5.02.2024;0.068
6.02.2024;0.068
7.02.2024;0.068
8.02.2024;0.068
9.02.2024;0.068
10.02.2024;0.068
11.02.2024;0.068
12.02.2024;0.068
13.02.2024;0.068
14.02.2024;0.067
15.02.2024;0.067
16.02.2024;0.067
17.02.2024;0.067
18.02.2024;0.067
19.02.2024;0.067
20.02.2024;0.067
21.02.2024;0.067
22.02.2024;0.068
23.02.2024;0.068
24.02.2024;0.068
25.02.2024;0.069
26.02.2024;0.069
27.02.2024;0.069
28.02.2024;0.069
29.02.2024;0.069
1.03.2024;0.069
2.03.2024;0.07
3.03.2024;0.07
4.03.2024;0.07
5.03.2024;0.07
6.03.2024;0.07
7.03.2024;0.071
8.03.2024;0.072
9.03.2024;0.073
10.03.2024;0.073
11.03.2024;0.071
12.03.2024;0.07
13.03.2024;0.07
14.03.2024;0.071
15.03.2024;0.071
16.03.2024;0.07
17.03.2024;0.07
18.03.2024;0.07
19.03.2024;0.069
20.03.2024;0.069
21.03.2024;0.069
22.03.2024;0.068
23.03.2024;0.069
24.03.2024;0.068
25.03.2024;0.067
26.03.2024;0.068
27.03.2024;0.072
28.03.2024;0.073
29.03.2024;0.075
30.03.2024;0.077
31.03.2024;0.075
1.04.2024;0.072
2.04.2024;0.07
3.04.2024;0.068
4.04.2024;0.068
5.04.2024;0.069
6.04.2024;0.069
7.04.2024;0.068
8.04.2024;0.067
9.04.2024;0.067
10.04.2024;0.07
11.04.2024;0.072
12.04.2024;0.072
13.04.2024;0.072
14.04.2024;0.073
15.04.2024;0.072
16.04.2024;0.07
17.04.2024;0.07
18.04.2024;0.07
19.04.2024;0.07
20.04.2024;0.071
21.04.2024;0.074
22.04.2024;0.073
23.04.2024;0.071
24.04.2024;0.072
25.04.2024;0.073
26.04.2024;0.074
27.04.2024;0.074
28.04.2024;0.074
29.04.2024;0.074
30.04.2024;0.075
1.05.2024;0.074
2.05.2024;0.07
3.05.2024;0.069
4.05.2024;0.069
5.05.2024;0.069
6.05.2024;0.069
7.05.2024;0.069
8.05.2024;0.065
9.05.2024;0.065
10.05.2024;0.067
11.05.2024;0.067
12.05.2024;0.067
13.05.2024;0.067
14.05.2024;0.066
15.05.2024;0.066
16.05.2024;0.066
17.05.2024;0.066
18.05.2024;0.066
19.05.2024;0.066
20.05.2024;0.066
21.05.2024;0.067
22.05.2024;0.069
23.05.2024;0.068
24.05.2024;0.068
25.05.2024;0.067
26.05.2024;0.067
27.05.2024;0.067
28.05.2024;0.067
29.05.2024;0.066
30.05.2024;0.068
31.05.2024;0.067
1.06.2024;0.067
2.06.2024;0.067
3.06.2024;0.067
4.06.2024;0.067
5.06.2024;0.068
6.06.2024;0.067
7.06.2024;0.068
8.06.2024;0.068
9.06.2024;0.068
10.06.2024;0.067
11.06.2024;0.067
12.06.2024;0.066
13.06.2024;0.066
14.06.2024;0.066
15.06.2024;0.067
16.06.2024;0.066
17.06.2024;0.066
18.06.2024;0.067
19.06.2024;0.066
20.06.2024;0.065
21.06.2024;0.066
22.06.2024;0.068
23.06.2024;0.067
24.06.2024;0.067
25.06.2024;0.066
26.06.2024;0.065
27.06.2024;0.068
28.06.2024;0.071
29.06.2024;0.069
30.06.2024;0.069
1.07.2024;0.068
2.07.2024;0.068
6.07.2024;0.067
7.07.2024;0.067
8.07.2024;0.066
9.07.2024;0.063
10.07.2024;0.065
11.07.2024;0.066
12.07.2024;0.067
13.07.2024;0.069
14.07.2024;0.068
15.07.2024;0.067
16.07.2024;0.074
17.07.2024;0.069
18.07.2024;0.067
19.07.2024;0.063
20.07.2024;0.062
21.07.2024;0.063
22.07.2024;0.063
23.07.2024;0.063
24.07.2024;0.062
25.07.2024;0.062
26.07.2024;0.061
27.07.2024;0.061
28.07.2024;0.061
29.07.2024;0.061
30.07.2024;0.061
31.07.2024;0.06
1.08.2024;0.061
2.08.2024;0.062
3.08.2024;0.062
4.08.2024;0.062
5.08.2024;0.062
6.08.2024;0.061
7.08.2024;0.061
8.08.2024;0.066
9.08.2024;0.069
10.08.2024;0.07
11.08.2024;0.074
12.08.2024;0.075
13.08.2024;0.069
14.08.2024;0.067
15.08.2024;0.067
16.08.2024;0.068
17.08.2024;0.069
18.08.2024;0.069
19.08.2024;0.068
20.08.2024;0.068
21.08.2024;0.067
22.08.2024;0.067
23.08.2024;0.067
24.08.2024;0.067
25.08.2024;0.067
26.08.2024;0.066
27.08.2024;0.067
28.08.2024;0.065
29.08.2024;0.071
30.08.2024;0.079
31.08.2024;0.087
1.09.2024;0.096
2.09.2024;0.105
3.09.2024;0.11
4.09.2024;0.12
5.09.2024;0.122
6.09.2024;0.123
7.09.2024;0.124
8.09.2024;0.129
9.09.2024;0.135
10.09.2024;0.139
11.09.2024;0.142
12.09.2024;0.148
13.09.2024;0.149
14.09.2024;0.15
15.09.2024;0.151
16.09.2024;0.154
17.09.2024;0.149
18.09.2024;0.149
19.09.2024;0.152
20.09.2024;0.153
21.09.2024;0.151
22.09.2024;0.151
23.09.2024;0.154
24.09.2024;0.169
25.09.2024;0.169
26.09.2024;0.177
27.09.2024;0.178
28.09.2024;0.179
29.09.2024;0.175
30.09.2024;0.172
1.10.2024;0.169
2.10.2024;0.169
3.10.2024;0.167
4.10.2024;0.161
5.10.2024;0.156
6.10.2024;0.15
7.10.2024;0.149
8.10.2024;0.153
9.10.2024;0.153
10.10.2024;0.149
11.10.2024;0.142
12.10.2024;0.136
13.10.2024;0.129
14.10.2024;0.123
15.10.2024;0.117
16.10.2024;0.11
17.10.2024;0.107
18.10.2024;0.104
19.10.2024;0.1
20.10.2024;0.096
21.10.2024;0.093
22.10.2024;0.091
23.10.2024;0.085
24.10.2024;0.076
25.10.2024;0.072
26.10.2024;0.069
27.10.2024;0.066
28.10.2024;0.064
29.10.2024;0.064
30.10.2024;0.064
31.10.2024;0.064
1.11.2024;0.064
2.11.2024;0.064
3.11.2024;0.064
4.11.2024;0.064
5.11.2024;0.064
6.11.2024;0.064
7.11.2024;0.064
8.11.2024;0.063
9.11.2024;0.064
10.11.2024;0.063
11.11.2024;0.064
12.11.2024;0.064
13.11.2024;0.063
14.11.2024;0.064
15.11.2024;0.064
16.11.2024;0.065
17.11.2024;0.065
18.11.2024;0.065
19.11.2024;0.063
20.11.2024;0.064
21.11.2024;0.07
22.11.2024;0.069
23.11.2024;0.067
24.11.2024;0.068
25.11.2024;0.069
26.11.2024;0.068
27.11.2024;0.07
28.11.2024;0.07
29.11.2024;0.07
30.11.2024;0.069
1.12.2024;0.069
2.12.2024;0.071
3.12.2024;0.077
4.12.2024;0.075
5.12.2024;0.074
6.12.2024;0.077
7.12.2024;0.084
8.12.2024;0.085
9.12.2024;0.079
10.12.2024;0.078
11.12.2024;0.084
12.12.2024;0.082
13.12.2024;0.082
14.12.2024;0.082
15.12.2024;0.081
16.12.2024;0.078
17.12.2024;0.076
18.12.2024;0.077
19.12.2024;0.082
20.12.2024;0.091
21.12.2024;0.092
22.12.2024;0.1
23.12.2024;0.1
24.12.2024;0.098
25.12.2024;0.088
26.12.2024;0.069
27.12.2024;0.067
28.12.2024;0.067
29.12.2024;0.067
30.12.2024;0.067
31.12.2024;0.067
1.01.2025;0.067
2.01.2025;0.067
3.01.2025;0.066
4.01.2025;0.066
5.01.2025;0.067
6.01.2025;0.068
7.01.2025;0.07
8.01.2025;0.07
9.01.2025;0.07
10.01.2025;0.079
11.01.2025;0.07
12.01.2025;0.069
13.01.2025;0.068
14.01.2025;0.069
15.01.2025;0.069
16.01.2025;0.068
17.01.2025;0.069
18.01.2025;0.069
19.01.2025;0.068
20.01.2025;0.066
21.01.2025;0.068
22.01.2025;0.069
23.01.2025;0.069
24.01.2025;0.069
25.01.2025;0.069
26.01.2025;0.069
27.01.2025;0.07
28.01.2025;0.071
29.01.2025;0.07
30.01.2025;0.069
31.01.2025;0.068
1.02.2025;0.069
2.02.2025;0.071
3.02.2025;0.071
4.02.2025;0.07
5.02.2025;0.069
6.02.2025;0.068
7.02.2025;0.069
8.02.2025;0.068
9.02.2025;0.068
10.02.2025;0.067
11.02.2025;0.067
12.02.2025;0.069
13.02.2025;0.072
14.02.2025;0.073
15.02.2025;0.072
16.02.2025;0.071
17.02.2025;0.07
18.02.2025;0.069
19.02.2025;0.069
20.02.2025;0.069
21.02.2025;0.069
22.02.2025;0.069
23.02.2025;0.069
24.02.2025;0.069
25.02.2025;0.07
26.02.2025;0.07
27.02.2025;0.069
28.02.2025;0.069
1.03.2025;0.068
2.03.2025;0.068
3.03.2025;0.068
4.03.2025;0.068
5.03.2025;0.068
6.03.2025;0.068
7.03.2025;0.068
8.03.2025;0.068
9.03.2025;0.068
10.03.2025;0.067
11.03.2025;0.067
12.03.2025;0.066
13.03.2025;0.066
14.03.2025;0.065
15.03.2025;0.065
16.03.2025;0.064
17.03.2025;0.063
18.03.2025;0.062
19.03.2025;0.064
20.03.2025;0.065
21.03.2025;0.066
22.03.2025;0.067
23.03.2025;0.067
24.03.2025;0.067
25.03.2025;0.068
26.03.2025;0.068
27.03.2025;0.068
28.03.2025;0.068
29.03.2025;0.068
30.03.2025;0.068
31.03.2025;0.068
1.04.2025;0.069
2.04.2025;0.07
3.04.2025;0.071
4.04.2025;0.071
5.04.2025;0.071
6.04.2025;0.07
7.04.2025;0.069
8.04.2025;0.069
9.04.2025;0.068
10.04.2025;0.068
11.04.2025;0.068
12.04.2025;0.067
13.04.2025;0.066
14.04.2025;0.065
15.04.2025;0.065
16.04.2025;0.066
17.04.2025;0.065
18.04.2025;0.064
19.04.2025;0.063
20.04.2025;0.062
21.04.2025;0.061
22.04.2025;0.061
23.04.2025;0.06
24.04.2025;0.061
25.04.2025;0.062
26.04.2025;0.063
27.04.2025;0.062
28.04.2025;0.061
29.04.2025;0.06
30.04.2025;0.059
1.05.2025;0.059
2.05.2025;0.058
3.05.2025;0.058
4.05.2025;0.058
5.05.2025;0.058
6.05.2025;0.058
7.05.2025;0.061
8.05.2025;0.062
9.05.2025;0.063
10.05.2025;0.065
11.05.2025;0.067
12.05.2025;0.069
13.05.2025;0.07
14.05.2025;0.072
15.05.2025;0.074
16.05.2025;0.075
17.05.2025;0.078
18.05.2025;0.079
19.05.2025;0.082
20.05.2025;0.085
21.05.2025;0.089
22.05.2025;0.092
23.05.2025;0.098
24.05.2025;0.104
25.05.2025;0.111
26.05.2025;0.105
27.05.2025;0.097
28.05.2025;0.089
29.05.2025;0.082
30.05.2025;0.076
31.05.2025;0.069
1.06.2025;0.063
2.06.2025;0.06
3.06.2025;0.061
4.06.2025;0.06
5.06.2025;0.06
6.06.2025;0.061
7.06.2025;0.061
8.06.2025;0.06
9.06.2025;0.06
10.06.2025;0.06
11.06.2025;0.06
12.06.2025;0.059
13.06.2025;0.059
14.06.2025;0.059
15.06.2025;0.059
16.06.2025;0.06
17.06.2025;0.059
18.06.2025;0.059
19.06.2025;0.059
20.06.2025;0.058
21.06.2025;0.058
22.06.2025;0.059
23.06.2025;0.059
24.06.2025;0.059
25.06.2025;0.059
26.06.2025;0.059
27.06.2025;0.059
28.06.2025;0.059
29.06.2025;0.058
30.06.2025;0.058
1.07.2025;0.058
2.07.2025;0.058
3.07.2025;0.058
4.07.2025;0.058
5.07.2025;0.057
6.07.2025;0.057
7.07.2025;0.057
8.07.2025;0.06
9.07.2025;0.06
10.07.2025;0.06
11.07.2025;0.06
12.07.2025;0.06
13.07.2025;0.059
14.07.2025;0.058
15.07.2025;0.058
16.07.2025;0.058
17.07.2025;0.057
18.07.2025;0.056
19.07.2025;0.056
20.07.2025;0.056
21.07.2025;0.056
22.07.2025;0.057
23.07.2025;0.056
24.07.2025;0.055
25.07.2025;0.055
26.07.2025;0.055
27.07.2025;0.056
28.07.2025;0.055
29.07.2025;0.055
30.07.2025;0.055
31.07.2025;0.055
1.08.2025;0.055
2.08.2025;0.055
3.08.2025;0.055
4.08.2025;0.055
5.08.2025;0.056
6.08.2025;0.056
7.08.2025;0.057
8.08.2025;0.058
9.08.2025;0.058
10.08.2025;0.058
11.08.2025;0.058
12.08.2025;0.058
13.08.2025;0.057
14.08.2025;0.057
15.08.2025;0.056
16.08.2025;0.056
17.08.2025;0.056
18.08.2025;0.055
19.08.2025;0.055
20.08.2025;0.054
21.08.2025;0.053
22.08.2025;0.053
23.08.2025;0.054
24.08.2025;0.054
25.08.2025;0.054
26.08.2025;0.054
27.08.2025;0.053
28.08.2025;0.054
29.08.2025;0.055
30.08.2025;0.055
31.08.2025;0.054
1.09.2025;0.084
2.09.2025;0.105
3.09.2025;0.105
4.09.2025;0.105
5.09.2025;0.107
6.09.2025;0.106
7.09.2025;0.106
8.09.2025;0.105
9.09.2025;0.105
10.09.2025;0.106
11.09.2025;0.105
12.09.2025;0.105
13.09.2025;0.104
14.09.2025;0.104
15.09.2025;0.105
16.09.2025;0.105
17.09.2025;0.104
18.09.2025;0.105
19.09.2025;0.105
20.09.2025;0.105
21.09.2025;0.105
22.09.2025;0.108
23.09.2025;0.106
24.09.2025;0.107
25.09.2025;0.11
26.09.2025;0.109
27.09.2025;0.108
28.09.2025;0.108
29.09.2025;0.107
30.09.2025;0.107
1.10.2025;0.107
2.10.2025;0.107
3.10.2025;0.107
4.10.2025;0.108
5.10.2025;0.108
6.10.2025;0.108
7.10.2025;0.108
8.10.2025;0.108
9.10.2025;0.108
10.10.2025;0.106
11.10.2025;0.106
12.10.2025;0.106
13.10.2025;0.106
14.10.2025;0.106
15.10.2025;0.105
16.10.2025;0.106
17.10.2025;0.106
18.10.2025;0.105
19.10.2025;0.105
20.10.2025;0.106
21.10.2025;0.107
22.10.2025;0.107
23.10.2025;0.109
24.10.2025;0.11
25.10.2025;0.11
26.10.2025;0.11
27.10.2025;0.111
28.10.2025;0.114
29.10.2025;0.111
30.10.2025;0.111
31.10.2025;0.11
1.11.2025;0.11
2.11.2025;0.11
3.11.2025;0.11
4.11.2025;0.11
5.11.2025;0.11
6.11.2025;0.11
7.11.2025;0.109
8.11.2025;0.109
9.11.2025;0.108
10.11.2025;0.107
11.11.2025;0.107
12.11.2025;0.107
13.11.2025;0.107
14.11.2025;0.107
15.11.2025;0.106
16.11.2025;0.107
17.11.2025;0.107
18.11.2025;0.106
19.11.2025;0.107
20.11.2025;0.106
21.11.2025;0.105
22.11.2025;0.104
23.11.2025;0.105
24.11.2025;0.106
25.11.2025;0.106
26.11.2025;0.106
27.11.2025;0.106
28.11.2025;0.11
29.11.2025;0.115
30.11.2025;0.118
1.12.2025;0.117
2.12.2025;0.116
3.12.2025;0.116
4.12.2025;0.116
5.12.2025;0.114
6.12.2025;0.115
7.12.2025;0.115
8.12.2025;0.115
9.12.2025;0.116
10.12.2025;0.115
11.12.2025;0.114
12.12.2025;0.114
13.12.2025;0.114
14.12.2025;0.114
15.12.2025;0.114
16.12.2025;0.113
17.12.2025;0.112
18.12.2025;0.112
19.12.2025;0.112
20.12.2025;0.112
21.12.2025;0.112
22.12.2025;0.111
23.12.2025;0.11
24.12.2025;0.11
25.12.2025;0.109
26.12.2025;0.109
27.12.2025;0.109
28.12.2025;0.109
29.12.2025;0.11
30.12.2025;0.109
31.12.2025;0.11
