Region;French Jura
Country;France
#;1
Spring Name/Station Name;Doubs
Literature;Mudry et al. (2002)
Lat;46.705
Lon;6.209
Elev (m);945
Recharge Area (km2);55
Start Date;1.01.2009
End Date;1.01.2024
Resolution;Daily
Data Source;eaufrance hydroportail (from Marc Steinmann)
Data License;CC BY 4.0
Contact For License;Marc Steinmann
Spring ID;JUR_01_FR
Date;Discharge m^3/s
1.01.2009;1.91
2.01.2009;1.08
3.01.2009;0.915
4.01.2009;0.788
5.01.2009;0.721
6.01.2009;0.614
7.01.2009;0.535
8.01.2009;0.481
9.01.2009;0.431
10.01.2009;0.399
11.01.2009;0.376
12.01.2009;0.359
13.01.2009;0.342
14.01.2009;0.323
15.01.2009;0.305
16.01.2009;0.289
17.01.2009;0.275
18.01.2009;0.292
19.01.2009;2.91
20.01.2009;6.25
21.01.2009;3.63
22.01.2009;2.47
23.01.2009;7.76
24.01.2009;7.72
25.01.2009;4.22
26.01.2009;3.02
27.01.2009;2.07
28.01.2009;1.37
29.01.2009;1.08
30.01.2009;0.879
31.01.2009;0.758
1.02.2009;0.663
2.02.2009;0.568
3.02.2009;0.495
4.02.2009;0.451
5.02.2009;0.548
6.02.2009;2.5
7.02.2009;2.46
8.02.2009;1.4
9.02.2009;1.03
10.02.2009;4.24
11.02.2009;2.72
12.02.2009;1.77
13.02.2009;1.2
14.02.2009;0.97
15.02.2009;0.831
16.02.2009;0.753
17.02.2009;0.689
18.02.2009;0.648
19.02.2009;0.6
20.02.2009;0.549
21.02.2009;0.525
22.02.2009;0.508
23.02.2009;0.507
24.02.2009;0.492
25.02.2009;0.461
26.02.2009;0.45
27.02.2009;0.461
28.02.2009;0.513
1.03.2009;0.819
2.03.2009;1.08
3.03.2009;1.35
4.03.2009;1
5.03.2009;0.821
6.03.2009;0.606
7.03.2009;0.436
8.03.2009;0.428
9.03.2009;1.07
10.03.2009;0.708
11.03.2009;0.645
12.03.2009;0.602
13.03.2009;0.749
14.03.2009;1.01
15.03.2009;1.59
16.03.2009;1.83
17.03.2009;1.97
18.03.2009;2.52
19.03.2009;2.64
20.03.2009;2.15
21.03.2009;1.6
22.03.2009;1.25
23.03.2009;1.13
24.03.2009;1.33
25.03.2009;1.18
26.03.2009;1.1
27.03.2009;2.11
28.03.2009;3.77
29.03.2009;3.24
30.03.2009;2.29
31.03.2009;1.69
1.04.2009;2.17
2.04.2009;3.83
3.04.2009;4.69
4.04.2009;4.61
5.04.2009;4.71
6.04.2009;5.76
7.04.2009;6.03
8.04.2009;5.72
9.04.2009;5.8
10.04.2009;6.23
11.04.2009;6.3
12.04.2009;6.32
13.04.2009;6.61
14.04.2009;6.02
15.04.2009;5.4
16.04.2009;6.6
17.04.2009;5.21
18.04.2009;4.39
19.04.2009;3.86
20.04.2009;4.07
21.04.2009;4.61
22.04.2009;4.9
23.04.2009;4.27
24.04.2009;3.43
25.04.2009;2.9
26.04.2009;3.22
27.04.2009;3.01
28.04.2009;2.7
29.04.2009;2.54
30.04.2009;2.59
1.05.2009;2.51
2.05.2009;2.55
3.05.2009;2.69
4.05.2009;2.6
5.05.2009;2.06
6.05.2009;1.95
7.05.2009;2.19
8.05.2009;2.4
9.05.2009;2.22
10.05.2009;1.93
11.05.2009;1.62
12.05.2009;1.44
13.05.2009;1.06
14.05.2009;0.902
15.05.2009;1.14
16.05.2009;1.39
17.05.2009;0.817
18.05.2009;0.619
19.05.2009;0.543
20.05.2009;0.464
21.05.2009;0.422
22.05.2009;0.376
23.05.2009;0.337
24.05.2009;0.308
25.05.2009;0.29
26.05.2009;0.284
27.05.2009;0.297
28.05.2009;0.304
29.05.2009;0.269
30.05.2009;0.258
31.05.2009;0.245
1.06.2009;0.229
2.06.2009;0.219
3.06.2009;0.211
4.06.2009;0.205
5.06.2009;0.202
6.06.2009;0.215
7.06.2009;0.287
8.06.2009;0.336
9.06.2009;2.55
10.06.2009;1.64
11.06.2009;0.767
12.06.2009;0.54
13.06.2009;0.396
14.06.2009;0.331
15.06.2009;2.15
16.06.2009;8.23
17.06.2009;3.24
18.06.2009;1.94
19.06.2009;1.02
20.06.2009;0.666
21.06.2009;0.559
22.06.2009;0.468
23.06.2009;0.411
24.06.2009;0.376
25.06.2009;0.354
26.06.2009;0.406
27.06.2009;0.504
28.06.2009;0.591
29.06.2009;0.416
30.06.2009;0.353
1.07.2009;0.466
2.07.2009;0.663
3.07.2009;2.12
4.07.2009;1.2
5.07.2009;3.26
6.07.2009;3.39
7.07.2009;1.6
8.07.2009;1.69
9.07.2009;1.64
10.07.2009;0.967
11.07.2009;0.675
12.07.2009;0.545
13.07.2009;0.455
14.07.2009;0.4
15.07.2009;0.699
16.07.2009;0.597
17.07.2009;0.897
18.07.2009;5.28
19.07.2009;3.71
20.07.2009;2.35
21.07.2009;1.38
22.07.2009;0.791
23.07.2009;0.644
24.07.2009;0.536
25.07.2009;0.447
26.07.2009;0.412
27.07.2009;0.378
28.07.2009;0.969
29.07.2009;0.498
30.07.2009;0.374
31.07.2009;0.325
1.08.2009;0.308
2.08.2009;0.293
3.08.2009;0.273
4.08.2009;0.249
5.08.2009;0.224
6.08.2009;0.195
7.08.2009;0.193
8.08.2009;0.44
9.08.2009;0.543
10.08.2009;0.499
11.08.2009;0.661
12.08.2009;0.357
13.08.2009;0.254
14.08.2009;0.208
15.08.2009;0.2
16.08.2009;0.195
17.08.2009;0.194
18.08.2009;0.193
19.08.2009;0.183
20.08.2009;0.178
21.08.2009;0.177
22.08.2009;0.176
23.08.2009;0.176
24.08.2009;0.175
25.08.2009;0.174
26.08.2009;0.173
27.08.2009;0.173
28.08.2009;0.171
29.08.2009;0.163
30.08.2009;0.157
31.08.2009;0.156
1.09.2009;0.156
2.09.2009;0.155
3.09.2009;1.43
4.09.2009;1.62
5.09.2009;1.99
6.09.2009;0.748
7.09.2009;0.419
8.09.2009;0.315
9.09.2009;0.236
10.09.2009;0.2
11.09.2009;0.194
12.09.2009;0.181
13.09.2009;0.171
14.09.2009;0.167
15.09.2009;0.167
16.09.2009;0.167
17.09.2009;0.167
18.09.2009;0.158
19.09.2009;0.311
20.09.2009;0.354
21.09.2009;0.216
22.09.2009;0.184
23.09.2009;0.172
24.09.2009;0.158
25.09.2009;0.157
26.09.2009;0.156
27.09.2009;0.155
28.09.2009;0.145
29.09.2009;0.139
30.09.2009;0.139
1.10.2009;0.139
2.10.2009;0.139
3.10.2009;0.134
4.10.2009;0.128
5.10.2009;0.126
6.10.2009;0.128
7.10.2009;0.129
8.10.2009;0.13
9.10.2009;0.13
10.10.2009;0.863
11.10.2009;0.839
12.10.2009;2.36
13.10.2009;2.27
14.10.2009;0.915
15.10.2009;0.467
16.10.2009;0.335
17.10.2009;0.291
18.10.2009;0.272
19.10.2009;0.27
20.10.2009;0.27
21.10.2009;0.27
22.10.2009;0.305
23.10.2009;1.22
24.10.2009;1.57
25.10.2009;0.698
26.10.2009;0.548
27.10.2009;0.422
28.10.2009;0.332
29.10.2009;0.267
30.10.2009;0.209
31.10.2009;0.193
1.11.2009;0.176
2.11.2009;1.76
3.11.2009;3.54
4.11.2009;13.8
5.11.2009;9.68
6.11.2009;4.94
7.11.2009;2.48
8.11.2009;1.36
9.11.2009;1.08
10.11.2009;0.932
11.11.2009;0.745
12.11.2009;1.75
13.11.2009;3.41
14.11.2009;2.69
15.11.2009;2.88
16.11.2009;2.24
17.11.2009;1.71
18.11.2009;1.05
19.11.2009;0.864
20.11.2009;0.702
21.11.2009;0.551
22.11.2009;0.47
23.11.2009;0.909
24.11.2009;19.8
25.11.2009;13.2
26.11.2009;4.29
27.11.2009;2.75
28.11.2009;2.39
29.11.2009;2.05
30.11.2009;1.79
1.12.2009;1.46
2.12.2009;1.22
3.12.2009;1.78
4.12.2009;3.54
5.12.2009;2.31
6.12.2009;3.17
7.12.2009;6.2
8.12.2009;8.71
9.12.2009;4.43
10.12.2009;3.05
11.12.2009;2.77
12.12.2009;2.03
13.12.2009;1.38
14.12.2009;1.02
15.12.2009;0.826
16.12.2009;0.695
17.12.2009;0.613
18.12.2009;0.55
19.12.2009;0.493
20.12.2009;0.433
21.12.2009;0.396
22.12.2009;0.798
23.12.2009;3.88
24.12.2009;5.33
25.12.2009;9.78
26.12.2009;4.36
27.12.2009;2.65
28.12.2009;1.88
29.12.2009;2.3
30.12.2009;9.69
31.12.2009;9.66
1.01.2010;6.06
2.01.2010;3.98
3.01.2010;2.43
4.01.2010;1.45
5.01.2010;1.07
6.01.2010;0.914
7.01.2010;0.823
8.01.2010;0.734
9.01.2010;0.648
10.01.2010;0.562
11.01.2010;0.48
12.01.2010;0.409
13.01.2010;0.341
14.01.2010;0.317
15.01.2010;0.308
16.01.2010;0.438
17.01.2010;1.52
18.01.2010;1.07
19.01.2010;0.48
20.01.2010;0.377
21.01.2010;0.329
22.01.2010;0.305
23.01.2010;0.281
24.01.2010;0.258
25.01.2010;0.24
26.01.2010;0.234
27.01.2010;0.228
28.01.2010;0.222
29.01.2010;0.216
30.01.2010;0.21
31.01.2010;0.204
1.02.2010;0.198
2.02.2010;0.192
3.02.2010;0.186
4.02.2010;0.182
5.02.2010;0.982
6.02.2010;0.936
7.02.2010;0.558
8.02.2010;0.454
9.02.2010;0.398
10.02.2010;0.361
11.02.2010;0.335
12.02.2010;0.32
13.02.2010;0.306
14.02.2010;0.294
15.02.2010;0.278
16.02.2010;0.259
17.02.2010;0.301
18.02.2010;1.69
19.02.2010;2.06
20.02.2010;1.37
21.02.2010;0.914
22.02.2010;0.731
23.02.2010;3.2
24.02.2010;4.78
25.02.2010;4.06
26.02.2010;5.6
27.02.2010;3.37
28.02.2010;5.09
1.03.2010;4.3
2.03.2010;2.76
3.03.2010;2.1
4.03.2010;1.54
5.03.2010;1.09
6.03.2010;0.838
7.03.2010;0.71
8.03.2010;0.595
9.03.2010;0.519
10.03.2010;0.439
11.03.2010;0.373
12.03.2010;0.328
13.03.2010;0.292
14.03.2010;0.27
15.03.2010;0.261
16.03.2010;0.253
17.03.2010;0.253
18.03.2010;0.345
19.03.2010;1.47
20.03.2010;4.76
21.03.2010;8.33
22.03.2010;5.84
23.03.2010;4.26
24.03.2010;3.79
25.03.2010;3.88
26.03.2010;4.03
27.03.2010;3.94
28.03.2010;7.15
29.03.2010;6.35
30.03.2010;4.66
31.03.2010;3.49
1.04.2010;2.57
2.04.2010;1.96
3.04.2010;2.34
4.04.2010;3.33
5.04.2010;2.84
6.04.2010;2.49
7.04.2010;2.89
8.04.2010;3.01
9.04.2010;3.31
10.04.2010;3.53
11.04.2010;2.98
12.04.2010;2.1
13.04.2010;1.31
14.04.2010;1
15.04.2010;1.04
16.04.2010;1.22
17.04.2010;2.1
18.04.2010;2.34
19.04.2010;2.29
20.04.2010;2.22
21.04.2010;2.1
22.04.2010;2.01
23.04.2010;1.92
24.04.2010;1.98
25.04.2010;1.79
26.04.2010;1.61
27.04.2010;1.35
28.04.2010;1.09
29.04.2010;0.964
30.04.2010;0.853
1.05.2010;0.695
2.05.2010;1.5
3.05.2010;1.52
4.05.2010;1.03
5.05.2010;1.99
6.05.2010;2.82
7.05.2010;1.62
8.05.2010;1.06
9.05.2010;1.07
10.05.2010;1.22
11.05.2010;1.22
12.05.2010;1.76
13.05.2010;2.19
14.05.2010;1.42
15.05.2010;0.877
16.05.2010;0.588
17.05.2010;0.43
18.05.2010;0.34
19.05.2010;0.299
20.05.2010;0.275
21.05.2010;0.253
22.05.2010;0.244
23.05.2010;0.239
24.05.2010;0.233
25.05.2010;0.222
26.05.2010;0.214
27.05.2010;0.231
28.05.2010;0.228
29.05.2010;0.21
30.05.2010;2.66
31.05.2010;6.87
1.06.2010;3.43
2.06.2010;2.08
3.06.2010;1.21
4.06.2010;0.696
5.06.2010;0.473
6.06.2010;0.379
7.06.2010;0.351
8.06.2010;0.324
9.06.2010;0.295
10.06.2010;0.272
11.06.2010;0.286
12.06.2010;0.367
13.06.2010;0.337
14.06.2010;0.276
15.06.2010;0.749
16.06.2010;0.911
17.06.2010;3.92
18.06.2010;3.89
19.06.2010;2.6
20.06.2010;4.15
21.06.2010;2.56
22.06.2010;1.43
23.06.2010;0.796
24.06.2010;0.535
25.06.2010;0.417
26.06.2010;0.337
27.06.2010;0.298
28.06.2010;0.272
29.06.2010;0.256
30.06.2010;0.24
1.07.2010;0.953
2.07.2010;1.58
3.07.2010;0.576
4.07.2010;0.368
5.07.2010;0.282
6.07.2010;0.255
7.07.2010;0.236
8.07.2010;0.226
9.07.2010;0.214
10.07.2010;0.215
11.07.2010;0.906
12.07.2010;1.82
13.07.2010;2.64
14.07.2010;0.787
15.07.2010;0.376
16.07.2010;0.292
17.07.2010;0.255
18.07.2010;0.235
19.07.2010;0.227
20.07.2010;0.222
21.07.2010;0.214
22.07.2010;0.204
23.07.2010;0.194
24.07.2010;0.188
25.07.2010;0.184
26.07.2010;0.181
27.07.2010;0.192
28.07.2010;0.192
29.07.2010;0.743
30.07.2010;0.616
31.07.2010;0.294
1.08.2010;0.232
2.08.2010;2.03
3.08.2010;3.59
4.08.2010;1.63
5.08.2010;7.19
6.08.2010;4.37
7.08.2010;2.3
8.08.2010;2.1
9.08.2010;1.67
10.08.2010;1.42
11.08.2010;1.27
12.08.2010;1.72
13.08.2010;1.91
14.08.2010;5.36
15.08.2010;13.5
16.08.2010;11.5
17.08.2010;9.19
18.08.2010;5.42
19.08.2010;3.14
20.08.2010;1.73
21.08.2010;0.934
22.08.2010;0.712
23.08.2010;0.621
24.08.2010;0.841
25.08.2010;0.653
26.08.2010;0.491
27.08.2010;1.22
28.08.2010;5.8
29.08.2010;3.17
30.08.2010;1.89
31.08.2010;1.27
1.09.2010;0.971
2.09.2010;0.724
3.09.2010;0.55
4.09.2010;0.452
5.09.2010;0.409
6.09.2010;0.372
7.09.2010;1.34
8.09.2010;3.09
9.09.2010;1.63
10.09.2010;0.769
11.09.2010;0.566
12.09.2010;0.46
13.09.2010;0.377
14.09.2010;0.329
15.09.2010;0.312
16.09.2010;0.303
17.09.2010;0.294
18.09.2010;0.285
19.09.2010;0.276
20.09.2010;0.268
21.09.2010;0.259
22.09.2010;0.25
23.09.2010;0.243
24.09.2010;0.263
25.09.2010;1.14
26.09.2010;2.26
27.09.2010;1.41
28.09.2010;0.745
29.09.2010;0.489
30.09.2010;0.393
1.10.2010;0.355
2.10.2010;0.323
3.10.2010;0.304
4.10.2010;0.292
5.10.2010;0.282
6.10.2010;0.264
7.10.2010;0.248
8.10.2010;0.241
9.10.2010;0.239
10.10.2010;0.238
11.10.2010;0.238
12.10.2010;0.231
13.10.2010;0.225
14.10.2010;0.221
15.10.2010;0.217
16.10.2010;0.217
17.10.2010;0.217
18.10.2010;0.217
19.10.2010;0.219
20.10.2010;1.86
21.10.2010;1.7
22.10.2010;0.954
23.10.2010;1.75
24.10.2010;4.03
25.10.2010;3.28
26.10.2010;1.99
27.10.2010;1.04
28.10.2010;0.726
29.10.2010;0.805
30.10.2010;0.743
31.10.2010;0.566
1.11.2010;0.553
2.11.2010;0.428
3.11.2010;0.357
4.11.2010;0.321
5.11.2010;0.333
6.11.2010;0.34
7.11.2010;0.523
8.11.2010;1.2
9.11.2010;1.36
10.11.2010;2.86
11.11.2010;3.37
12.11.2010;12.9
13.11.2010;8.15
14.11.2010;5.03
15.11.2010;3.79
16.11.2010;3.19
17.11.2010;2.81
18.11.2010;3
19.11.2010;2.54
20.11.2010;2.15
21.11.2010;1.75
22.11.2010;1.67
23.11.2010;1.46
24.11.2010;1.11
25.11.2010;0.92
26.11.2010;0.801
27.11.2010;0.689
28.11.2010;0.622
29.11.2010;0.563
30.11.2010;0.518
1.12.2010;0.545
2.12.2010;0.514
3.12.2010;0.486
4.12.2010;0.442
5.12.2010;0.422
6.12.2010;8.87
7.12.2010;12.3
8.12.2010;10.1
9.12.2010;10.7
10.12.2010;5.66
11.12.2010;4.13
12.12.2010;3.06
13.12.2010;2.47
14.12.2010;1.72
15.12.2010;1.08
16.12.2010;0.922
17.12.2010;0.884
18.12.2010;0.728
19.12.2010;0.606
20.12.2010;0.516
21.12.2010;0.523
22.12.2010;4.76
23.12.2010;4.2
24.12.2010;3.34
25.12.2010;2.38
26.12.2010;1.49
27.12.2010;1.16
28.12.2010;0.926
29.12.2010;0.735
30.12.2010;0.647
31.12.2010;0.577
1.01.2011;0.539
2.01.2011;0.496
3.01.2011;0.463
4.01.2011;0.444
5.01.2011;0.431
6.01.2011;1.13
7.01.2011;6.36
8.01.2011;6.19
9.01.2011;6.33
10.01.2011;6.12
11.01.2011;3.88
12.01.2011;2.94
13.01.2011;5.37
14.01.2011;4.65
15.01.2011;3.72
16.01.2011;2.85
17.01.2011;1.99
18.01.2011;1.35
19.01.2011;1.06
20.01.2011;0.95
21.01.2011;0.857
22.01.2011;0.778
23.01.2011;0.731
24.01.2011;0.536
25.01.2011;0.461
26.01.2011;0.433
27.01.2011;0.406
28.01.2011;0.367
29.01.2011;0.336
30.01.2011;0.321
31.01.2011;0.32
1.02.2011;0.318
2.02.2011;0.316
3.02.2011;0.315
4.02.2011;0.31
5.02.2011;0.303
6.02.2011;0.299
7.02.2011;0.298
8.02.2011;0.298
9.02.2011;0.297
10.02.2011;0.29
11.02.2011;0.286
12.02.2011;0.289
13.02.2011;0.29
14.02.2011;0.301
15.02.2011;0.315
16.02.2011;0.333
17.02.2011;0.323
18.02.2011;0.306
19.02.2011;0.292
20.02.2011;0.293
21.02.2011;0.298
22.02.2011;0.298
23.02.2011;0.289
24.02.2011;0.279
25.02.2011;0.407
26.02.2011;0.761
27.02.2011;0.734
28.02.2011;0.582
1.03.2011;0.38
2.03.2011;0.335
3.03.2011;0.314
4.03.2011;0.294
5.03.2011;0.287
6.03.2011;0.304
7.03.2011;0.319
8.03.2011;0.348
9.03.2011;0.493
10.03.2011;0.665
11.03.2011;1.11
12.03.2011;1.72
13.03.2011;2.01
14.03.2011;2.85
15.03.2011;3.06
16.03.2011;3.1
17.03.2011;3.6
18.03.2011;3.47
19.03.2011;4.09
20.03.2011;3.73
21.03.2011;2.35
22.03.2011;1.36
23.03.2011;1.02
24.03.2011;1.09
25.03.2011;1.5
26.03.2011;1.51
27.03.2011;1.37
28.03.2011;1.43
29.03.2011;1.29
30.03.2011;2.22
31.03.2011;1.98
1.04.2011;2
2.04.2011;1.53
3.04.2011;1.16
4.04.2011;3.05
5.04.2011;2.69
6.04.2011;1.41
7.04.2011;0.879
8.04.2011;0.682
9.04.2011;0.546
10.04.2011;0.462
11.04.2011;0.393
12.04.2011;0.343
13.04.2011;0.372
14.04.2011;0.35
15.04.2011;0.32
16.04.2011;0.299
17.04.2011;0.283
18.04.2011;0.27
19.04.2011;0.262
20.04.2011;0.258
21.04.2011;0.25
22.04.2011;0.248
23.04.2011;0.247
24.04.2011;0.264
25.04.2011;0.29
26.04.2011;0.268
27.04.2011;0.251
28.04.2011;0.245
29.04.2011;0.32
30.04.2011;1.23
1.05.2011;1.12
2.05.2011;0.537
3.05.2011;0.65
4.05.2011;1.05
5.05.2011;0.482
6.05.2011;0.333
7.05.2011;0.295
8.05.2011;0.277
9.05.2011;0.259
10.05.2011;0.247
11.05.2011;0.236
12.05.2011;0.237
13.05.2011;0.236
14.05.2011;0.231
15.05.2011;0.24
16.05.2011;0.283
17.05.2011;0.274
18.05.2011;0.247
19.05.2011;0.236
20.05.2011;0.299
21.05.2011;0.393
22.05.2011;0.383
23.05.2011;0.272
24.05.2011;0.243
25.05.2011;0.228
26.05.2011;0.221
27.05.2011;0.216
28.05.2011;0.211
29.05.2011;0.209
30.05.2011;0.205
31.05.2011;0.21
1.06.2011;1.92
2.06.2011;1.55
3.06.2011;0.616
4.06.2011;1.09
5.06.2011;3.92
6.06.2011;3.26
7.06.2011;1.92
8.06.2011;3.86
9.06.2011;3.33
10.06.2011;2.09
11.06.2011;1.08
12.06.2011;0.682
13.06.2011;0.524
14.06.2011;0.419
15.06.2011;0.352
16.06.2011;0.541
17.06.2011;1.88
18.06.2011;3.85
19.06.2011;3.45
20.06.2011;2.01
21.06.2011;0.987
22.06.2011;2.3
23.06.2011;4.13
24.06.2011;2.32
25.06.2011;1.09
26.06.2011;0.711
27.06.2011;0.571
28.06.2011;0.476
29.06.2011;0.421
30.06.2011;0.394
1.07.2011;0.363
2.07.2011;0.335
3.07.2011;0.326
4.07.2011;0.29
5.07.2011;0.277
6.07.2011;0.265
7.07.2011;0.257
8.07.2011;0.26
9.07.2011;0.255
10.07.2011;0.255
11.07.2011;0.318
12.07.2011;0.271
13.07.2011;1.53
14.07.2011;3.71
15.07.2011;1.95
16.07.2011;0.764
17.07.2011;3.73
18.07.2011;4.44
19.07.2011;3.15
20.07.2011;3.46
21.07.2011;3.24
22.07.2011;2.83
23.07.2011;2.9
24.07.2011;3.47
25.07.2011;2.4
26.07.2011;1.32
27.07.2011;0.833
28.07.2011;0.91
29.07.2011;1.23
30.07.2011;0.899
31.07.2011;0.664
1.08.2011;0.513
2.08.2011;0.431
3.08.2011;0.371
4.08.2011;0.33
5.08.2011;0.314
6.08.2011;0.31
7.08.2011;1.15
8.08.2011;0.88
9.08.2011;1.16
10.08.2011;0.97
11.08.2011;0.569
12.08.2011;0.43
13.08.2011;0.367
14.08.2011;0.626
15.08.2011;4.81
16.08.2011;3.52
17.08.2011;1.86
18.08.2011;0.896
19.08.2011;0.634
20.08.2011;0.501
21.08.2011;0.433
22.08.2011;0.382
23.08.2011;0.347
24.08.2011;0.32
25.08.2011;0.307
26.08.2011;0.378
27.08.2011;2.64
28.08.2011;1.75
29.08.2011;0.728
30.08.2011;0.5
31.08.2011;0.411
1.09.2011;0.357
2.09.2011;0.329
3.09.2011;0.31
4.09.2011;0.314
5.09.2011;2.07
6.09.2011;1.2
7.09.2011;0.569
8.09.2011;0.428
9.09.2011;0.675
10.09.2011;0.689
11.09.2011;0.47
12.09.2011;2.09
13.09.2011;0.998
14.09.2011;1.11
15.09.2011;0.983
16.09.2011;0.625
17.09.2011;0.465
18.09.2011;3.35
19.09.2011;3.5
20.09.2011;3.26
21.09.2011;1.89
22.09.2011;0.969
23.09.2011;0.691
24.09.2011;0.548
25.09.2011;0.448
26.09.2011;0.378
27.09.2011;0.33
28.09.2011;0.31
29.09.2011;0.297
30.09.2011;0.287
1.10.2011;0.28
2.10.2011;0.269
3.10.2011;0.259
4.10.2011;0.253
5.10.2011;0.249
6.10.2011;0.248
7.10.2011;0.691
8.10.2011;2.85
9.10.2011;4.35
10.10.2011;5.01
11.10.2011;3.46
12.10.2011;2.08
13.10.2011;1.07
14.10.2011;0.726
15.10.2011;0.588
16.10.2011;0.488
17.10.2011;0.43
18.10.2011;0.385
19.10.2011;1.07
20.10.2011;1.81
21.10.2011;0.968
22.10.2011;0.702
23.10.2011;0.554
24.10.2011;0.484
25.10.2011;0.463
26.10.2011;1.49
27.10.2011;0.998
28.10.2011;0.629
29.10.2011;0.474
30.10.2011;0.416
31.10.2011;0.375
1.11.2011;0.344
2.11.2011;0.322
3.11.2011;0.324
4.11.2011;0.328
5.11.2011;0.381
6.11.2011;0.361
7.11.2011;0.318
8.11.2011;0.299
9.11.2011;0.284
10.11.2011;0.272
11.11.2011;0.265
12.11.2011;0.256
13.11.2011;0.246
14.11.2011;0.242
15.11.2011;0.242
16.11.2011;0.241
17.11.2011;0.234
18.11.2011;0.227
19.11.2011;0.223
20.11.2011;0.222
21.11.2011;0.218
22.11.2011;0.216
23.11.2011;0.212
24.11.2011;0.203
25.11.2011;0.199
26.11.2011;0.195
27.11.2011;0.193
28.11.2011;0.193
29.11.2011;0.192
30.11.2011;0.187
1.12.2011;0.185
2.12.2011;0.204
3.12.2011;0.82
4.12.2011;4.31
5.12.2011;9.91
6.12.2011;4.6
7.12.2011;7.07
8.12.2011;8.03
9.12.2011;4.71
10.12.2011;6.13
11.12.2011;5.2
12.12.2011;4.16
13.12.2011;3.62
14.12.2011;5.16
15.12.2011;4.21
16.12.2011;9.49
17.12.2011;7.22
18.12.2011;4.07
19.12.2011;2.88
20.12.2011;2.18
21.12.2011;1.48
22.12.2011;3.5
23.12.2011;5.28
24.12.2011;3.88
25.12.2011;2.79
26.12.2011;2.02
27.12.2011;1.64
28.12.2011;1.42
29.12.2011;1.26
30.12.2011;1.16
31.12.2011;5.37
1.01.2012;9.2
2.01.2012;8.57
3.01.2012;5.72
4.01.2012;6.44
5.01.2012;6.45
6.01.2012;5.95
7.01.2012;3.71
8.01.2012;3.19
9.01.2012;2.62
10.01.2012;2.01
11.01.2012;2.13
12.01.2012;1.68
13.01.2012;1.45
14.01.2012;1.25
15.01.2012;1.13
16.01.2012;1.01
17.01.2012;0.889
18.01.2012;0.816
19.01.2012;0.916
20.01.2012;6.66
21.01.2012;5.25
22.01.2012;10
23.01.2012;6.11
24.01.2012;4.04
25.01.2012;3.06
26.01.2012;2.83
27.01.2012;2.47
28.01.2012;2.17
29.01.2012;1.74
30.01.2012;1.44
31.01.2012;1.25
1.02.2012;1.09
2.02.2012;0.991
3.02.2012;0.94
4.02.2012;0.868
5.02.2012;0.777
6.02.2012;0.691
7.02.2012;0.611
8.02.2012;0.551
9.02.2012;0.496
10.02.2012;0.46
11.02.2012;0.429
12.02.2012;0.4
13.02.2012;0.379
14.02.2012;0.354
15.02.2012;0.339
16.02.2012;0.318
17.02.2012;0.304
18.02.2012;0.296
19.02.2012;0.389
20.02.2012;0.351
21.02.2012;0.311
22.02.2012;0.299
23.02.2012;0.292
24.02.2012;0.32
25.02.2012;1.02
26.02.2012;1.69
27.02.2012;1.28
28.02.2012;0.999
29.02.2012;1.05
1.03.2012;2.85
2.03.2012;4.01
3.03.2012;4.03
4.03.2012;3.35
5.03.2012;3.19
6.03.2012;2.57
7.03.2012;1.72
8.03.2012;1.3
9.03.2012;0.986
10.03.2012;0.873
11.03.2012;0.855
12.03.2012;1.02
13.03.2012;2.53
14.03.2012;3.79
15.03.2012;3.91
16.03.2012;3.96
17.03.2012;4.04
18.03.2012;3.78
19.03.2012;2.86
20.03.2012;2.27
21.03.2012;2.52
22.03.2012;3.29
23.03.2012;3.66
24.03.2012;3.76
25.03.2012;3.9
26.03.2012;4.03
27.03.2012;3.85
28.03.2012;3.69
29.03.2012;3.7
30.03.2012;3.59
31.03.2012;3.38
1.04.2012;3.03
2.04.2012;2.65
3.04.2012;2.9
4.04.2012;4.22
5.04.2012;4.18
6.04.2012;4.45
7.04.2012;6.94
8.04.2012;4.76
9.04.2012;3.34
10.04.2012;2.6
11.04.2012;3.9
12.04.2012;4.4
13.04.2012;4.04
14.04.2012;3.47
15.04.2012;3.9
16.04.2012;3.51
17.04.2012;2.97
18.04.2012;3.27
19.04.2012;3.13
20.04.2012;3.72
21.04.2012;4.31
22.04.2012;5.49
23.04.2012;4.54
24.04.2012;5.1
25.04.2012;4.43
26.04.2012;4.63
27.04.2012;4.19
28.04.2012;3.99
29.04.2012;3.72
30.04.2012;3.28
1.05.2012;3.3
2.05.2012;5.33
3.05.2012;4.21
4.05.2012;3.16
5.05.2012;3.08
6.05.2012;3.44
7.05.2012;2.78
8.05.2012;2.25
9.05.2012;2.33
10.05.2012;2.19
11.05.2012;1.77
12.05.2012;1.38
13.05.2012;1.03
14.05.2012;0.847
15.05.2012;0.717
16.05.2012;0.607
17.05.2012;0.68
18.05.2012;0.761
19.05.2012;0.637
20.05.2012;0.574
21.05.2012;2.14
22.05.2012;5.8
23.05.2012;3.66
24.05.2012;2.24
25.05.2012;1.22
26.05.2012;0.88
27.05.2012;0.757
28.05.2012;0.624
29.05.2012;0.534
30.05.2012;0.464
31.05.2012;0.422
1.06.2012;0.395
2.06.2012;0.371
3.06.2012;0.886
4.06.2012;3.67
5.06.2012;2.87
6.06.2012;1.95
7.06.2012;1.19
8.06.2012;4.86
9.06.2012;3.65
10.06.2012;2.16
11.06.2012;3.58
12.06.2012;6.15
13.06.2012;6.26
14.06.2012;4.27
15.06.2012;2.83
16.06.2012;1.85
17.06.2012;1.05
18.06.2012;0.817
19.06.2012;0.691
20.06.2012;0.604
21.06.2012;1.57
22.06.2012;3.27
23.06.2012;1.53
24.06.2012;0.714
25.06.2012;1.88
26.06.2012;2.94
27.06.2012;2.77
28.06.2012;1.65
29.06.2012;0.863
30.06.2012;0.631
1.07.2012;1.25
2.07.2012;1.81
3.07.2012;1.65
4.07.2012;1.59
5.07.2012;1.08
6.07.2012;1.68
7.07.2012;1.46
8.07.2012;0.97
9.07.2012;0.861
10.07.2012;0.704
11.07.2012;0.594
12.07.2012;0.511
13.07.2012;0.471
14.07.2012;0.502
15.07.2012;1.35
16.07.2012;1.84
17.07.2012;0.846
18.07.2012;0.621
19.07.2012;0.522
20.07.2012;0.457
21.07.2012;0.414
22.07.2012;0.372
23.07.2012;0.35
24.07.2012;0.332
25.07.2012;0.327
26.07.2012;0.364
27.07.2012;0.357
28.07.2012;0.317
29.07.2012;0.528
30.07.2012;0.467
31.07.2012;0.339
1.08.2012;0.313
2.08.2012;0.303
3.08.2012;0.293
4.08.2012;0.288
5.08.2012;0.429
6.08.2012;1.81
7.08.2012;0.884
8.08.2012;0.5
9.08.2012;0.395
10.08.2012;0.335
11.08.2012;0.317
12.08.2012;0.31
13.08.2012;0.301
14.08.2012;0.29
15.08.2012;0.283
16.08.2012;0.317
17.08.2012;0.3
18.08.2012;0.28
19.08.2012;0.266
20.08.2012;0.258
21.08.2012;0.252
22.08.2012;0.252
23.08.2012;0.249
24.08.2012;0.501
25.08.2012;1.72
26.08.2012;0.569
27.08.2012;0.384
28.08.2012;0.322
29.08.2012;0.296
30.08.2012;1.04
31.08.2012;4.99
1.09.2012;5.9
2.09.2012;4.77
3.09.2012;2.6
4.09.2012;1.37
5.09.2012;0.809
6.09.2012;0.611
7.09.2012;0.491
8.09.2012;0.428
9.09.2012;0.383
10.09.2012;0.347
11.09.2012;0.348
12.09.2012;6.09
13.09.2012;3.16
14.09.2012;1.81
15.09.2012;1.05
16.09.2012;0.736
17.09.2012;0.582
18.09.2012;0.487
19.09.2012;0.824
20.09.2012;0.728
21.09.2012;0.519
22.09.2012;2.26
23.09.2012;2.79
24.09.2012;3.3
25.09.2012;2.97
26.09.2012;4.92
27.09.2012;9.13
28.09.2012;4.46
29.09.2012;2.99
30.09.2012;2.91
1.10.2012;3.25
2.10.2012;2.01
3.10.2012;1.23
4.10.2012;0.959
5.10.2012;1.46
6.10.2012;1.05
7.10.2012;2.21
8.10.2012;3.3
9.10.2012;9.89
10.10.2012;11.2
11.10.2012;5.81
12.10.2012;5.21
13.10.2012;4.24
14.10.2012;2.95
15.10.2012;2.64
16.10.2012;2.1
17.10.2012;1.46
18.10.2012;1.09
19.10.2012;0.866
20.10.2012;0.718
21.10.2012;0.62
22.10.2012;0.535
23.10.2012;0.473
24.10.2012;0.441
25.10.2012;0.418
26.10.2012;0.398
27.10.2012;1.21
28.10.2012;1.15
29.10.2012;0.821
30.10.2012;0.787
31.10.2012;0.829
1.11.2012;1.14
2.11.2012;3.71
3.11.2012;3.87
4.11.2012;4.85
5.11.2012;7.4
6.11.2012;5.07
7.11.2012;3.59
8.11.2012;2.67
9.11.2012;1.96
10.11.2012;9.17
11.11.2012;10.7
12.11.2012;5.81
13.11.2012;3.99
14.11.2012;2.93
15.11.2012;2.27
16.11.2012;1.44
17.11.2012;1.05
18.11.2012;0.881
19.11.2012;0.747
20.11.2012;0.643
21.11.2012;0.564
22.11.2012;0.491
23.11.2012;0.453
24.11.2012;0.425
25.11.2012;0.429
26.11.2012;2.31
27.11.2012;5.03
28.11.2012;3.65
29.11.2012;2.7
30.11.2012;1.98
1.12.2012;1.56
2.12.2012;1.26
3.12.2012;1.58
4.12.2012;5.8
5.12.2012;3.24
6.12.2012;2.35
7.12.2012;1.73
8.12.2012;1.49
9.12.2012;1.25
10.12.2012;1.21
11.12.2012;1.11
12.12.2012;1.04
13.12.2012;1.05
14.12.2012;3.74
15.12.2012;11.2
16.12.2012;9.43
17.12.2012;7.9
18.12.2012;5.12
19.12.2012;3.51
20.12.2012;4.14
21.12.2012;7.03
22.12.2012;4.72
23.12.2012;10.4
24.12.2012;7.59
25.12.2012;8.48
26.12.2012;10.3
27.12.2012;9.75
28.12.2012;8.98
29.12.2012;5.31
30.12.2012;4.04
31.12.2012;3.28
1.01.2013;2.88
2.01.2013;2.63
3.01.2013;1.94
4.01.2013;2.12
5.01.2013;2.57
6.01.2013;2.22
7.01.2013;1.88
8.01.2013;1.6
9.01.2013;1.41
10.01.2013;1.28
11.01.2013;1.21
12.01.2013;1.08
13.01.2013;1.02
14.01.2013;0.937
15.01.2013;0.889
16.01.2013;0.838
17.01.2013;0.773
18.01.2013;0.715
19.01.2013;0.775
20.01.2013;1.9
21.01.2013;2.11
22.01.2013;1.38
23.01.2013;1.06
24.01.2013;0.92
25.01.2013;0.788
26.01.2013;0.729
27.01.2013;0.663
28.01.2013;0.698
29.01.2013;0.859
30.01.2013;6.62
31.01.2013;9.19
1.02.2013;8.98
2.02.2013;14.5
3.02.2013;7.57
4.02.2013;5.03
5.02.2013;5.72
6.02.2013;3.96
7.02.2013;3.04
8.02.2013;2.5
9.02.2013;1.81
10.02.2013;1.48
11.02.2013;1.34
12.02.2013;1.14
13.02.2013;0.949
14.02.2013;0.864
15.02.2013;0.826
16.02.2013;0.771
17.02.2013;0.739
18.02.2013;0.712
19.02.2013;0.672
20.02.2013;0.654
21.02.2013;0.643
22.02.2013;0.64
23.02.2013;0.64
24.02.2013;0.64
25.02.2013;0.64
26.02.2013;0.64
27.02.2013;0.53
28.02.2013;0.442
1.03.2013;0.437
2.03.2013;0.444
3.03.2013;0.433
4.03.2013;0.501
5.03.2013;0.649
6.03.2013;0.833
7.03.2013;2.02
8.03.2013;4.03
9.03.2013;4.98
10.03.2013;3.65
11.03.2013;3.52
12.03.2013;3.51
13.03.2013;2.91
14.03.2013;2.13
15.03.2013;1.53
16.03.2013;1.18
17.03.2013;1.03
18.03.2013;0.93
19.03.2013;0.795
20.03.2013;0.701
21.03.2013;0.604
22.03.2013;0.615
23.03.2013;0.97
24.03.2013;1.48
25.03.2013;1.92
26.03.2013;1.7
27.03.2013;1.37
28.03.2013;2.47
29.03.2013;3.86
30.03.2013;4.51
31.03.2013;3.7
1.04.2013;2.73
2.04.2013;2.08
3.04.2013;1.97
4.04.2013;1.91
5.04.2013;2.08
6.04.2013;1.96
7.04.2013;2.06
8.04.2013;2
9.04.2013;2.39
10.04.2013;3.34
11.04.2013;8.51
12.04.2013;14.4
13.04.2013;10.3
14.04.2013;8.66
15.04.2013;8.11
16.04.2013;7.61
17.04.2013;7.15
18.04.2013;7
19.04.2013;6.38
20.04.2013;5.15
21.04.2013;4.65
22.04.2013;4.02
23.04.2013;3.61
24.04.2013;3.74
25.04.2013;4.2
26.04.2013;4.5
27.04.2013;6.93
28.04.2013;5.72
29.04.2013;4.86
30.04.2013;4.47
1.05.2013;4.43
2.05.2013;4.28
3.05.2013;5.37
4.05.2013;5.4
5.05.2013;4.39
6.05.2013;3.88
7.05.2013;3.52
8.05.2013;3.17
9.05.2013;3.15
10.05.2013;3.91
11.05.2013;3.46
12.05.2013;3.42
13.05.2013;3.32
14.05.2013;2.81
15.05.2013;2.75
16.05.2013;3.52
17.05.2013;5.77
18.05.2013;4.33
19.05.2013;3.72
20.05.2013;3.83
21.05.2013;5.57
22.05.2013;4.71
23.05.2013;3.91
24.05.2013;2.99
25.05.2013;2.7
26.05.2013;3.47
27.05.2013;3.53
28.05.2013;3.23
29.05.2013;4.2
30.05.2013;3.52
31.05.2013;3.84
1.06.2013;7.11
2.06.2013;4.51
3.06.2013;3.2
4.06.2013;2.43
5.06.2013;1.71
6.06.2013;1.81
7.06.2013;2.21
8.06.2013;1.31
9.06.2013;2.08
10.06.2013;3.5
11.06.2013;3.53
12.06.2013;2.34
13.06.2013;1.38
14.06.2013;1.87
15.06.2013;1.5
16.06.2013;1.01
17.06.2013;0.819
18.06.2013;0.692
19.06.2013;0.607
20.06.2013;0.765
21.06.2013;1.7
22.06.2013;0.816
23.06.2013;0.753
24.06.2013;2.21
25.06.2013;2.79
26.06.2013;1.66
27.06.2013;0.91
28.06.2013;0.718
29.06.2013;1.41
30.06.2013;2.74
1.07.2013;1.46
2.07.2013;0.878
3.07.2013;1.59
4.07.2013;3.88
5.07.2013;2.45
6.07.2013;1.3
7.07.2013;0.873
8.07.2013;0.706
9.07.2013;0.699
10.07.2013;0.778
11.07.2013;0.55
12.07.2013;0.466
13.07.2013;0.42
14.07.2013;0.391
15.07.2013;0.361
16.07.2013;0.347
17.07.2013;0.728
18.07.2013;2.31
19.07.2013;5.26
20.07.2013;7.08
21.07.2013;5.91
22.07.2013;5.01
23.07.2013;4.33
24.07.2013;3.8
25.07.2013;3.26
26.07.2013;2.7
27.07.2013;2.14
28.07.2013;1.64
29.07.2013;1.23
30.07.2013;3
31.07.2013;2.24
1.08.2013;1.17
2.08.2013;0.831
3.08.2013;0.68
4.08.2013;0.753
5.08.2013;0.65
6.08.2013;0.522
7.08.2013;0.773
8.08.2013;2.06
9.08.2013;2.57
10.08.2013;1.27
11.08.2013;0.819
12.08.2013;0.653
13.08.2013;0.547
14.08.2013;0.475
15.08.2013;0.435
16.08.2013;0.4
17.08.2013;0.376
18.08.2013;0.355
19.08.2013;0.336
20.08.2013;0.319
21.08.2013;0.311
22.08.2013;0.309
23.08.2013;0.308
24.08.2013;0.307
25.08.2013;0.306
26.08.2013;0.305
27.08.2013;0.812
28.08.2013;0.937
29.08.2013;0.498
30.08.2013;0.418
31.08.2013;0.373
1.09.2013;0.34
2.09.2013;0.32
3.09.2013;0.313
4.09.2013;0.305
5.09.2013;0.298
6.09.2013;0.293
7.09.2013;1.2
8.09.2013;4.84
9.09.2013;3.73
10.09.2013;2.64
11.09.2013;2.55
12.09.2013;1.92
13.09.2013;1.83
14.09.2013;1.05
15.09.2013;0.981
16.09.2013;1.49
17.09.2013;4.61
18.09.2013;10.1
19.09.2013;8.06
20.09.2013;4.53
21.09.2013;3.11
22.09.2013;2.22
23.09.2013;1.29
24.09.2013;0.937
25.09.2013;0.8
26.09.2013;0.695
27.09.2013;0.606
28.09.2013;0.551
29.09.2013;0.509
30.09.2013;0.486
1.10.2013;0.458
2.10.2013;0.418
3.10.2013;0.385
4.10.2013;0.358
5.10.2013;0.452
6.10.2013;0.783
7.10.2013;0.615
8.10.2013;0.461
9.10.2013;0.402
10.10.2013;1.86
11.10.2013;3.15
12.10.2013;2.91
13.10.2013;3.11
14.10.2013;3.51
15.10.2013;3.46
16.10.2013;5.49
17.10.2013;4.18
18.10.2013;2.96
19.10.2013;1.87
20.10.2013;1.11
21.10.2013;1.12
22.10.2013;1.19
23.10.2013;3.92
24.10.2013;3.91
25.10.2013;2.45
26.10.2013;1.37
27.10.2013;4.02
28.10.2013;3.36
29.10.2013;4.85
30.10.2013;3.19
31.10.2013;2.05
1.11.2013;1.27
2.11.2013;1.48
3.11.2013;8.04
4.11.2013;9.72
5.11.2013;10.4
6.11.2013;10.3
7.11.2013;6.47
8.11.2013;4.78
9.11.2013;6.79
10.11.2013;8.78
11.11.2013;5.77
12.11.2013;3.78
13.11.2013;2.96
14.11.2013;2.36
15.11.2013;1.62
16.11.2013;1.25
17.11.2013;1.12
18.11.2013;1.11
19.11.2013;1.3
20.11.2013;1.34
21.11.2013;1.23
22.11.2013;1.11
23.11.2013;1.02
24.11.2013;0.985
25.11.2013;0.956
26.11.2013;0.954
27.11.2013;0.91
28.11.2013;0.822
29.11.2013;0.747
30.11.2013;0.715
1.12.2013;0.665
2.12.2013;0.637
3.12.2013;0.602
4.12.2013;0.64
5.12.2013;0.82
6.12.2013;0.795
7.12.2013;0.729
8.12.2013;0.684
9.12.2013;0.621
10.12.2013;0.577
11.12.2013;0.558
12.12.2013;0.608
13.12.2013;0.62
14.12.2013;0.584
15.12.2013;0.512
16.12.2013;0.513
17.12.2013;0.71
18.12.2013;0.912
19.12.2013;2.64
20.12.2013;4.43
21.12.2013;2.99
22.12.2013;3.27
23.12.2013;3.49
24.12.2013;2.82
25.12.2013;3.72
26.12.2013;3.58
27.12.2013;2.73
28.12.2013;4.57
29.12.2013;3.83
30.12.2013;2.52
31.12.2013;1.74
1.01.2014;1.51
2.01.2014;3.48
3.01.2014;4.06
4.01.2014;7.98
5.01.2014;6.28
6.01.2014;3.95
7.01.2014;4.04
8.01.2014;4.01
9.01.2014;3.66
10.01.2014;3.28
11.01.2014;2.61
12.01.2014;2.26
13.01.2014;1.63
14.01.2014;1.59
15.01.2014;1.34
16.01.2014;1.45
17.01.2014;2.73
18.01.2014;2.02
19.01.2014;1.39
20.01.2014;1.16
21.01.2014;1.01
22.01.2014;0.868
23.01.2014;0.741
24.01.2014;0.638
25.01.2014;0.56
26.01.2014;0.496
27.01.2014;1.13
28.01.2014;0.978
29.01.2014;0.784
30.01.2014;0.605
31.01.2014;0.507
1.02.2014;0.451
2.02.2014;0.409
3.02.2014;0.377
4.02.2014;0.365
5.02.2014;0.385
6.02.2014;0.402
7.02.2014;3.29
8.02.2014;3.17
9.02.2014;2.73
10.02.2014;1.75
11.02.2014;1.46
12.02.2014;1.08
13.02.2014;1.98
14.02.2014;2.86
15.02.2014;4.59
16.02.2014;3.84
17.02.2014;2.55
18.02.2014;1.76
19.02.2014;1.44
20.02.2014;1.29
21.02.2014;2.59
22.02.2014;2.54
23.02.2014;2.09
24.02.2014;2.25
25.02.2014;1.58
26.02.2014;1.73
27.02.2014;1.57
28.02.2014;1.34
1.03.2014;1.17
2.03.2014;0.977
3.03.2014;0.904
4.03.2014;0.798
5.03.2014;0.671
6.03.2014;0.709
7.03.2014;0.717
8.03.2014;1.01
9.03.2014;1.95
10.03.2014;2.63
11.03.2014;2.74
12.03.2014;2.58
13.03.2014;2.87
14.03.2014;3.08
15.03.2014;3.12
16.03.2014;3.17
17.03.2014;3.34
18.03.2014;3.31
19.03.2014;3.54
20.03.2014;3.42
21.03.2014;3.63
22.03.2014;4.51
23.03.2014;3.92
24.03.2014;2.64
25.03.2014;1.85
26.03.2014;1.25
27.03.2014;1
28.03.2014;1.04
29.03.2014;1.71
30.03.2014;2.81
31.03.2014;3.02
1.04.2014;2.94
2.04.2014;3.11
3.04.2014;3.31
4.04.2014;3.12
5.04.2014;3.21
6.04.2014;2.94
7.04.2014;2.75
8.04.2014;4.37
9.04.2014;3.85
10.04.2014;2.86
11.04.2014;2.46
12.04.2014;2.32
13.04.2014;2.08
14.04.2014;1.73
15.04.2014;1.44
16.04.2014;1.02
17.04.2014;0.822
18.04.2014;0.881
19.04.2014;0.746
20.04.2014;0.582
21.04.2014;0.997
22.04.2014;1.2
23.04.2014;1.85
24.04.2014;1.97
25.04.2014;1.34
26.04.2014;1.12
27.04.2014;1.27
28.04.2014;2.27
29.04.2014;2.44
30.04.2014;2.48
1.05.2014;2.78
2.05.2014;3.25
3.05.2014;4.23
4.05.2014;2.96
5.05.2014;1.8
6.05.2014;1.15
7.05.2014;1.34
8.05.2014;1.77
9.05.2014;1.19
10.05.2014;1.55
11.05.2014;2.97
12.05.2014;3.72
13.05.2014;3.6
14.05.2014;3.55
15.05.2014;2.67
16.05.2014;1.78
17.05.2014;1.16
18.05.2014;0.87
19.05.2014;0.738
20.05.2014;0.616
21.05.2014;0.518
22.05.2014;0.584
23.05.2014;4.21
24.05.2014;4.16
25.05.2014;2.23
26.05.2014;1.29
27.05.2014;3.28
28.05.2014;3.28
29.05.2014;2.36
30.05.2014;1.42
31.05.2014;1.13
1.06.2014;0.876
2.06.2014;0.718
3.06.2014;0.615
4.06.2014;0.567
5.06.2014;0.682
6.06.2014;0.593
7.06.2014;0.487
8.06.2014;0.425
9.06.2014;0.389
10.06.2014;0.652
11.06.2014;1.42
12.06.2014;0.634
13.06.2014;0.472
14.06.2014;0.416
15.06.2014;0.38
16.06.2014;0.347
17.06.2014;0.324
18.06.2014;0.318
19.06.2014;0.306
20.06.2014;0.297
21.06.2014;0.291
22.06.2014;0.287
23.06.2014;0.282
24.06.2014;0.279
25.06.2014;0.28
26.06.2014;0.28
27.06.2014;0.271
28.06.2014;0.264
29.06.2014;0.649
30.06.2014;0.828
1.07.2014;0.505
2.07.2014;0.501
3.07.2014;1.08
4.07.2014;0.609
5.07.2014;2.23
6.07.2014;1.32
7.07.2014;0.792
8.07.2014;4.01
9.07.2014;6.87
10.07.2014;7.36
11.07.2014;5.82
12.07.2014;4.15
13.07.2014;3.13
14.07.2014;5.12
15.07.2014;3.81
16.07.2014;2.49
17.07.2014;1.4
18.07.2014;0.891
19.07.2014;0.733
20.07.2014;0.649
21.07.2014;1
22.07.2014;3.83
23.07.2014;3.7
24.07.2014;2.14
25.07.2014;1.38
26.07.2014;2.66
27.07.2014;2.61
28.07.2014;1.97
29.07.2014;6.48
30.07.2014;9.71
31.07.2014;7.56
1.08.2014;4.35
2.08.2014;2.97
3.08.2014;2.12
4.08.2014;1.28
5.08.2014;1.03
6.08.2014;0.859
7.08.2014;0.711
8.08.2014;0.75
9.08.2014;2.1
10.08.2014;2.82
11.08.2014;9.34
12.08.2014;4.25
13.08.2014;3.33
14.08.2014;3.31
15.08.2014;4.05
16.08.2014;4.18
17.08.2014;2.95
18.08.2014;1.93
19.08.2014;1.17
20.08.2014;0.86
21.08.2014;0.717
22.08.2014;0.611
23.08.2014;0.534
24.08.2014;0.472
25.08.2014;0.434
26.08.2014;2.24
27.08.2014;3.2
28.08.2014;2.08
29.08.2014;1.05
30.08.2014;0.729
31.08.2014;0.604
1.09.2014;0.541
2.09.2014;0.491
3.09.2014;0.446
4.09.2014;0.406
5.09.2014;0.372
6.09.2014;0.367
7.09.2014;0.33
8.09.2014;0.314
9.09.2014;0.303
10.09.2014;0.316
11.09.2014;0.362
12.09.2014;0.304
13.09.2014;0.287
14.09.2014;0.278
15.09.2014;0.273
16.09.2014;0.266
17.09.2014;0.261
18.09.2014;0.257
19.09.2014;0.253
20.09.2014;0.25
21.09.2014;0.259
22.09.2014;0.394
23.09.2014;0.323
24.09.2014;0.28
25.09.2014;0.261
26.09.2014;0.246
27.09.2014;0.24
28.09.2014;0.235
29.09.2014;0.231
30.09.2014;0.229
1.10.2014;0.228
2.10.2014;0.223
3.10.2014;0.221
4.10.2014;0.221
5.10.2014;0.257
6.10.2014;0.249
7.10.2014;0.702
8.10.2014;3.23
9.10.2014;1.53
10.10.2014;3.65
11.10.2014;2.9
12.10.2014;2.12
13.10.2014;4.34
14.10.2014;3.56
15.10.2014;2.01
16.10.2014;0.984
17.10.2014;0.967
18.10.2014;1.07
19.10.2014;0.714
20.10.2014;0.545
21.10.2014;1.8
22.10.2014;3.6
23.10.2014;2.9
24.10.2014;2.39
25.10.2014;1.51
26.10.2014;0.942
27.10.2014;0.685
28.10.2014;0.559
29.10.2014;0.47
30.10.2014;0.399
31.10.2014;0.342
1.11.2014;0.32
2.11.2014;0.307
3.11.2014;0.301
4.11.2014;1.21
5.11.2014;4.5
6.11.2014;3.4
7.11.2014;2.97
8.11.2014;2.8
9.11.2014;2.12
10.11.2014;3.77
11.11.2014;2.95
12.11.2014;1.97
13.11.2014;3.7
14.11.2014;2.3
15.11.2014;6.53
16.11.2014;6.14
17.11.2014;3.82
18.11.2014;2.79
19.11.2014;1.98
20.11.2014;1.38
21.11.2014;1.04
22.11.2014;0.835
23.11.2014;0.687
24.11.2014;0.577
25.11.2014;0.503
26.11.2014;0.463
27.11.2014;0.433
28.11.2014;0.411
29.11.2014;0.372
30.11.2014;0.333
1.12.2014;0.326
2.12.2014;0.314
3.12.2014;0.3
4.12.2014;0.296
5.12.2014;0.306
6.12.2014;0.286
7.12.2014;0.273
8.12.2014;0.261
9.12.2014;0.258
10.12.2014;0.286
11.12.2014;1.59
12.12.2014;0.988
13.12.2014;1.05
14.12.2014;2.44
15.12.2014;4
16.12.2014;3.19
17.12.2014;2.2
18.12.2014;4.49
19.12.2014;3.99
20.12.2014;4.84
21.12.2014;3.53
22.12.2014;2.44
23.12.2014;1.46
24.12.2014;0.958
25.12.2014;0.768
26.12.2014;0.702
27.12.2014;0.698
28.12.2014;0.649
29.12.2014;0.483
30.12.2014;0.423
31.12.2014;0.404
1.01.2015;0.394
2.01.2015;0.384
3.01.2015;3.34
4.01.2015;11.4
5.01.2015;5.64
6.01.2015;3.72
7.01.2015;2.66
8.01.2015;1.9
9.01.2015;2.65
10.01.2015;6.15
11.01.2015;6.31
12.01.2015;4.17
13.01.2015;2.89
14.01.2015;3.07
15.01.2015;3.02
16.01.2015;2.84
17.01.2015;3.21
18.01.2015;2.2
19.01.2015;1.49
20.01.2015;1.11
21.01.2015;0.924
22.01.2015;0.798
23.01.2015;0.663
24.01.2015;0.578
25.01.2015;0.514
26.01.2015;0.475
27.01.2015;0.454
28.01.2015;0.434
29.01.2015;0.458
30.01.2015;0.525
31.01.2015;0.502
1.02.2015;0.462
2.02.2015;0.643
3.02.2015;0.675
4.02.2015;0.701
5.02.2015;0.677
6.02.2015;0.689
7.02.2015;0.656
8.02.2015;0.606
9.02.2015;0.594
10.02.2015;0.589
11.02.2015;0.628
12.02.2015;0.808
13.02.2015;0.845
14.02.2015;1.17
15.02.2015;1.29
16.02.2015;0.999
17.02.2015;0.857
18.02.2015;0.77
19.02.2015;0.75
20.02.2015;0.802
21.02.2015;0.868
22.02.2015;0.783
23.02.2015;3.15
24.02.2015;3.96
25.02.2015;2.42
26.02.2015;1.44
27.02.2015;1.13
28.02.2015;1.06
1.03.2015;2.56
2.03.2015;11.5
3.03.2015;6.27
4.03.2015;3.96
5.03.2015;2.88
6.03.2015;2.19
7.03.2015;1.52
8.03.2015;1.55
9.03.2015;2.5
10.03.2015;2.95
11.03.2015;3.37
12.03.2015;3.33
13.03.2015;2.56
14.03.2015;2.01
15.03.2015;1.65
16.03.2015;1.66
17.03.2015;2.42
18.03.2015;3.5
19.03.2015;3.97
20.03.2015;3.93
21.03.2015;4.04
22.03.2015;3.8
23.03.2015;2.78
24.03.2015;2.9
25.03.2015;3.16
26.03.2015;2.54
27.03.2015;1.81
28.03.2015;2
29.03.2015;7.75
30.03.2015;18
31.03.2015;14.3
1.04.2015;10.8
2.04.2015;8.29
3.04.2015;7.69
4.04.2015;7.34
5.04.2015;6.06
6.04.2015;4.29
7.04.2015;3.36
8.04.2015;2.98
9.04.2015;3.07
10.04.2015;3.47
11.04.2015;3.53
12.04.2015;3.35
13.04.2015;3.35
14.04.2015;3.17
15.04.2015;2.95
16.04.2015;2.9
17.04.2015;2.79
18.04.2015;3.47
19.04.2015;2.77
20.04.2015;2.14
21.04.2015;1.8
22.04.2015;1.54
23.04.2015;1.36
24.04.2015;1.14
25.04.2015;1.03
26.04.2015;1.84
27.04.2015;1.94
28.04.2015;5.47
29.04.2015;3.34
30.04.2015;2.01
1.05.2015;8.88
2.05.2015;12.7
3.05.2015;11.8
4.05.2015;10.2
5.05.2015;6.74
6.05.2015;5.14
7.05.2015;3.96
8.05.2015;3.06
9.05.2015;2.55
10.05.2015;1.91
11.05.2015;1.23
12.05.2015;0.973
13.05.2015;0.852
14.05.2015;0.771
15.05.2015;1.36
16.05.2015;2.69
17.05.2015;1.48
18.05.2015;0.932
19.05.2015;0.769
20.05.2015;0.644
21.05.2015;0.566
22.05.2015;0.533
23.05.2015;0.495
24.05.2015;0.458
25.05.2015;0.429
26.05.2015;0.399
27.05.2015;0.365
28.05.2015;0.343
29.05.2015;0.337
30.05.2015;0.324
31.05.2015;0.312
1.06.2015;0.306
2.06.2015;0.3
3.06.2015;0.29
4.06.2015;0.285
5.06.2015;0.281
6.06.2015;0.297
7.06.2015;0.581
8.06.2015;0.686
9.06.2015;0.316
10.06.2015;0.378
11.06.2015;0.457
12.06.2015;0.439
13.06.2015;0.331
14.06.2015;0.41
15.06.2015;0.935
16.06.2015;1.04
17.06.2015;0.89
18.06.2015;0.519
19.06.2015;2.16
20.06.2015;1.08
21.06.2015;0.542
22.06.2015;0.411
23.06.2015;0.399
24.06.2015;0.462
25.06.2015;0.348
26.06.2015;0.307
27.06.2015;0.29
28.06.2015;0.285
29.06.2015;0.265
30.06.2015;0.26
1.07.2015;0.254
2.07.2015;0.25
3.07.2015;0.244
4.07.2015;0.241
5.07.2015;0.238
6.07.2015;0.238
7.07.2015;0.233
8.07.2015;0.231
9.07.2015;0.228
10.07.2015;0.225
11.07.2015;0.222
12.07.2015;0.219
13.07.2015;0.214
14.07.2015;0.212
15.07.2015;0.208
16.07.2015;0.211
17.07.2015;0.209
18.07.2015;0.211
19.07.2015;0.213
20.07.2015;0.207
21.07.2015;0.203
22.07.2015;0.206
23.07.2015;0.297
24.07.2015;0.234
25.07.2015;0.419
26.07.2015;0.256
27.07.2015;0.267
28.07.2015;0.259
29.07.2015;0.227
30.07.2015;0.27
31.07.2015;0.246
1.08.2015;0.221
2.08.2015;0.216
3.08.2015;0.212
4.08.2015;0.204
5.08.2015;0.193
6.08.2015;0.185
7.08.2015;0.196
8.08.2015;0.246
9.08.2015;0.224
10.08.2015;1.11
11.08.2015;0.559
12.08.2015;0.516
13.08.2015;0.71
14.08.2015;3.4
15.08.2015;3.73
16.08.2015;3.22
17.08.2015;2.04
18.08.2015;1.08
19.08.2015;0.632
20.08.2015;0.431
21.08.2015;0.34
22.08.2015;0.303
23.08.2015;0.286
24.08.2015;1.69
25.08.2015;2.22
26.08.2015;0.753
27.08.2015;0.46
28.08.2015;0.352
29.08.2015;0.299
30.08.2015;0.284
31.08.2015;0.266
1.09.2015;0.259
2.09.2015;0.322
3.09.2015;0.279
4.09.2015;0.248
5.09.2015;0.233
6.09.2015;0.219
7.09.2015;0.21
8.09.2015;0.204
9.09.2015;0.2
10.09.2015;0.199
11.09.2015;0.194
12.09.2015;0.205
13.09.2015;0.516
14.09.2015;6.2
15.09.2015;3.08
16.09.2015;1.7
17.09.2015;8.14
18.09.2015;5.63
19.09.2015;3.5
20.09.2015;2.68
21.09.2015;1.78
22.09.2015;1.03
23.09.2015;3.15
24.09.2015;3.14
25.09.2015;1.83
26.09.2015;0.992
27.09.2015;0.703
28.09.2015;0.543
29.09.2015;0.455
30.09.2015;0.393
1.10.2015;0.351
2.10.2015;0.322
3.10.2015;0.307
4.10.2015;0.298
5.10.2015;0.284
6.10.2015;1.15
7.10.2015;3.89
8.10.2015;2.79
9.10.2015;1.41
10.10.2015;0.798
11.10.2015;0.621
12.10.2015;0.489
13.10.2015;0.407
14.10.2015;0.351
15.10.2015;0.321
16.10.2015;0.305
17.10.2015;0.288
18.10.2015;0.315
19.10.2015;0.299
20.10.2015;0.281
21.10.2015;0.267
22.10.2015;0.258
23.10.2015;0.247
24.10.2015;0.239
25.10.2015;0.237
26.10.2015;0.229
27.10.2015;0.228
28.10.2015;0.244
29.10.2015;0.986
30.10.2015;0.573
31.10.2015;0.366
1.11.2015;0.303
2.11.2015;0.279
3.11.2015;0.266
4.11.2015;0.257
5.11.2015;0.244
6.11.2015;0.232
7.11.2015;0.223
8.11.2015;0.215
9.11.2015;0.209
10.11.2015;0.204
11.11.2015;0.204
12.11.2015;0.201
13.11.2015;0.197
14.11.2015;0.189
15.11.2015;0.189
16.11.2015;0.19
17.11.2015;0.189
18.11.2015;0.196
19.11.2015;0.218
20.11.2015;6.64
21.11.2015;11.8
22.11.2015;5.8
23.11.2015;4
24.11.2015;2.85
25.11.2015;2.2
26.11.2015;1.44
27.11.2015;1.17
28.11.2015;1.08
29.11.2015;1.52
30.11.2015;6.8
1.12.2015;5.27
2.12.2015;3.79
3.12.2015;2.82
4.12.2015;2.18
5.12.2015;2.15
6.12.2015;2.48
7.12.2015;2.65
8.12.2015;2
9.12.2015;3.41
10.12.2015;3.05
11.12.2015;1.92
12.12.2015;1.14
13.12.2015;0.869
14.12.2015;0.712
15.12.2015;0.622
16.12.2015;1.77
17.12.2015;2.57
18.12.2015;1.64
19.12.2015;1.42
20.12.2015;1.06
21.12.2015;1.63
22.12.2015;1.9
23.12.2015;1.05
24.12.2015;0.786
25.12.2015;0.624
26.12.2015;0.503
27.12.2015;0.435
28.12.2015;0.379
29.12.2015;0.344
30.12.2015;0.318
31.12.2015;0.311
1.01.2016;0.364
2.01.2016;1.79
3.01.2016;2.9
4.01.2016;2.52
5.01.2016;1.88
6.01.2016;1.29
7.01.2016;5.14
8.01.2016;6.3
9.01.2016;12.7
10.01.2016;8.45
11.01.2016;10.1
12.01.2016;6.13
13.01.2016;4.21
14.01.2016;3.13
15.01.2016;2.58
16.01.2016;1.92
17.01.2016;1.26
18.01.2016;1.05
19.01.2016;0.937
20.01.2016;0.812
21.01.2016;0.721
22.01.2016;0.658
23.01.2016;1.62
24.01.2016;2.01
25.01.2016;1.38
26.01.2016;1.99
27.01.2016;3.04
28.01.2016;3.6
29.01.2016;3.78
30.01.2016;3.21
31.01.2016;10.6
1.02.2016;11.3
2.02.2016;7.17
3.02.2016;5.61
4.02.2016;4.49
5.02.2016;3.99
6.02.2016;3.87
7.02.2016;3.75
8.02.2016;4.21
9.02.2016;8.45
10.02.2016;6.46
11.02.2016;3.99
12.02.2016;2.87
13.02.2016;3.06
14.02.2016;4.89
15.02.2016;3.28
16.02.2016;2.3
17.02.2016;1.59
18.02.2016;1.28
19.02.2016;1.02
20.02.2016;0.964
21.02.2016;4.35
22.02.2016;4.7
23.02.2016;6.96
24.02.2016;5.25
25.02.2016;5.6
26.02.2016;3.75
27.02.2016;2.77
28.02.2016;1.91
29.02.2016;1.31
1.03.2016;0.983
2.03.2016;2
3.03.2016;2.96
4.03.2016;2.36
5.03.2016;3.38
6.03.2016;2.22
7.03.2016;1.5
8.03.2016;1.13
9.03.2016;0.967
10.03.2016;0.877
11.03.2016;0.825
12.03.2016;0.806
13.03.2016;0.766
14.03.2016;0.721
15.03.2016;0.763
16.03.2016;0.839
17.03.2016;0.776
18.03.2016;0.879
19.03.2016;1.27
20.03.2016;1.76
21.03.2016;2.22
22.03.2016;2.33
23.03.2016;2
24.03.2016;1.49
25.03.2016;1.44
26.03.2016;2.18
27.03.2016;3.55
28.03.2016;3.39
29.03.2016;4.28
30.03.2016;5.52
31.03.2016;5.4
1.04.2016;4.68
2.04.2016;4.27
3.04.2016;4.15
4.04.2016;3.92
5.04.2016;6.12
6.04.2016;7.74
7.04.2016;4.85
8.04.2016;3.9
9.04.2016;2.96
10.04.2016;2.53
11.04.2016;2.48
12.04.2016;2.66
13.04.2016;3.32
14.04.2016;4.22
15.04.2016;3.47
16.04.2016;5.6
17.04.2016;12.4
18.04.2016;8.02
19.04.2016;4.97
20.04.2016;3.83
21.04.2016;3.2
22.04.2016;2.84
23.04.2016;3.42
24.04.2016;4.34
25.04.2016;2.97
26.04.2016;2.3
27.04.2016;2.16
28.04.2016;1.89
29.04.2016;1.97
30.04.2016;2.62
1.05.2016;2.9
2.05.2016;4.94
3.05.2016;4.19
4.05.2016;3.35
5.05.2016;2.6
6.05.2016;2.13
7.05.2016;1.79
8.05.2016;1.46
9.05.2016;1.28
10.05.2016;1.12
11.05.2016;0.996
12.05.2016;2.8
13.05.2016;6.19
14.05.2016;5.17
15.05.2016;3.6
16.05.2016;2.53
17.05.2016;1.56
18.05.2016;1.06
19.05.2016;5.34
20.05.2016;4.04
21.05.2016;2.6
22.05.2016;1.54
23.05.2016;3.5
24.05.2016;4.73
25.05.2016;3.18
26.05.2016;2.08
27.05.2016;1.23
28.05.2016;4.81
29.05.2016;7.15
30.05.2016;7.05
31.05.2016;7.05
1.06.2016;4.43
2.06.2016;3.29
3.06.2016;3.49
4.06.2016;2.88
5.06.2016;3
6.06.2016;2.74
7.06.2016;2.36
8.06.2016;2.22
9.06.2016;3.64
10.06.2016;2.27
11.06.2016;5.58
12.06.2016;4.36
13.06.2016;4.79
14.06.2016;7.31
15.06.2016;5.39
16.06.2016;6.83
17.06.2016;8.4
18.06.2016;5.02
19.06.2016;3.64
20.06.2016;3.12
21.06.2016;2.67
22.06.2016;2.47
23.06.2016;1.64
24.06.2016;1.59
25.06.2016;6
26.06.2016;3.65
27.06.2016;2.57
28.06.2016;1.56
29.06.2016;1.06
30.06.2016;0.864
1.07.2016;0.73
2.07.2016;0.662
3.07.2016;0.757
4.07.2016;0.621
5.07.2016;0.541
6.07.2016;0.48
7.07.2016;0.446
8.07.2016;0.415
9.07.2016;0.39
10.07.2016;0.37
11.07.2016;0.374
12.07.2016;0.467
13.07.2016;1.63
14.07.2016;1.72
15.07.2016;0.854
16.07.2016;0.574
17.07.2016;0.463
18.07.2016;0.406
19.07.2016;0.368
20.07.2016;0.344
21.07.2016;0.33
22.07.2016;2.91
23.07.2016;2.89
24.07.2016;1.42
25.07.2016;0.708
26.07.2016;0.546
27.07.2016;0.464
28.07.2016;0.416
29.07.2016;0.382
30.07.2016;0.356
31.07.2016;0.344
1.08.2016;0.371
2.08.2016;0.331
3.08.2016;0.313
4.08.2016;0.328
5.08.2016;0.927
6.08.2016;0.934
7.08.2016;0.462
8.08.2016;0.364
9.08.2016;0.328
10.08.2016;0.315
11.08.2016;0.299
12.08.2016;0.286
13.08.2016;0.278
14.08.2016;0.272
15.08.2016;0.267
16.08.2016;0.263
17.08.2016;0.261
18.08.2016;0.259
19.08.2016;0.258
20.08.2016;0.257
21.08.2016;0.275
22.08.2016;0.267
23.08.2016;0.25
24.08.2016;0.242
25.08.2016;0.24
26.08.2016;0.236
27.08.2016;0.229
28.08.2016;0.228
29.08.2016;0.223
30.08.2016;0.217
31.08.2016;0.216
1.09.2016;0.212
2.09.2016;0.207
3.09.2016;0.207
4.09.2016;0.206
5.09.2016;0.229
6.09.2016;0.243
7.09.2016;0.223
8.09.2016;0.21
9.09.2016;0.204
10.09.2016;0.196
11.09.2016;0.191
12.09.2016;0.219
13.09.2016;0.221
14.09.2016;0.194
15.09.2016;0.425
16.09.2016;1.84
17.09.2016;1.99
18.09.2016;2.88
19.09.2016;3.68
20.09.2016;2.08
21.09.2016;1.55
22.09.2016;0.815
23.09.2016;0.53
24.09.2016;0.409
25.09.2016;0.348
26.09.2016;0.441
27.09.2016;0.631
28.09.2016;0.378
29.09.2016;0.31
30.09.2016;0.292
1.10.2016;0.287
2.10.2016;0.399
3.10.2016;0.628
4.10.2016;0.376
5.10.2016;0.307
6.10.2016;0.287
7.10.2016;0.274
8.10.2016;0.258
9.10.2016;0.244
10.10.2016;0.238
11.10.2016;0.234
12.10.2016;0.232
13.10.2016;0.234
14.10.2016;2.04
15.10.2016;1.81
16.10.2016;0.768
17.10.2016;0.514
18.10.2016;3.08
19.10.2016;2.26
20.10.2016;1.49
21.10.2016;1.13
22.10.2016;1.02
23.10.2016;0.811
24.10.2016;0.809
25.10.2016;7.66
26.10.2016;5.33
27.10.2016;3.62
28.10.2016;2.37
29.10.2016;1.28
30.10.2016;0.854
31.10.2016;0.686
1.11.2016;0.562
2.11.2016;0.486
3.11.2016;0.434
4.11.2016;0.389
5.11.2016;1.03
6.11.2016;4.47
7.11.2016;2.63
8.11.2016;1.48
9.11.2016;1.02
10.11.2016;2.76
11.11.2016;5.51
12.11.2016;3.11
13.11.2016;2.5
14.11.2016;2.8
15.11.2016;2.16
16.11.2016;2.96
17.11.2016;5.1
18.11.2016;10.8
19.11.2016;9.56
20.11.2016;5.53
21.11.2016;4.8
22.11.2016;4.35
23.11.2016;3.72
24.11.2016;3.21
25.11.2016;2.58
26.11.2016;1.76
27.11.2016;1.32
28.11.2016;1.01
29.11.2016;0.795
30.11.2016;0.642
1.12.2016;0.554
2.12.2016;0.515
3.12.2016;0.478
4.12.2016;0.427
5.12.2016;0.378
6.12.2016;0.341
7.12.2016;0.322
8.12.2016;0.31
9.12.2016;0.301
10.12.2016;0.297
11.12.2016;0.29
12.12.2016;0.285
13.12.2016;0.279
14.12.2016;0.274
15.12.2016;0.265
16.12.2016;0.258
17.12.2016;0.25
18.12.2016;0.244
19.12.2016;0.244
20.12.2016;0.247
21.12.2016;0.241
22.12.2016;0.232
23.12.2016;0.223
24.12.2016;0.219
25.12.2016;0.222
26.12.2016;0.233
27.12.2016;0.237
28.12.2016;0.236
29.12.2016;0.229
30.12.2016;0.222
31.12.2016;0.215
1.01.2017;0.212
2.01.2017;0.212
3.01.2017;0.206
4.01.2017;0.199
5.01.2017;0.198
6.01.2017;0.191
7.01.2017;0.183
8.01.2017;0.18
9.01.2017;0.177
10.01.2017;0.178
11.01.2017;0.177
12.01.2017;0.22
13.01.2017;0.48
14.01.2017;0.303
15.01.2017;0.247
16.01.2017;0.225
17.01.2017;0.214
18.01.2017;0.206
19.01.2017;0.195
20.01.2017;0.186
21.01.2017;0.182
22.01.2017;0.177
23.01.2017;0.176
24.01.2017;0.174
25.01.2017;0.174
26.01.2017;0.172
27.01.2017;0.161
28.01.2017;0.149
29.01.2017;0.133
30.01.2017;0.209
31.01.2017;2.73
1.02.2017;4
2.02.2017;3.42
3.02.2017;3.93
4.02.2017;3.15
5.02.2017;2.63
6.02.2017;2.1
7.02.2017;1.31
8.02.2017;1.5
9.02.2017;1.13
10.02.2017;0.868
11.02.2017;0.711
12.02.2017;0.659
13.02.2017;0.796
14.02.2017;1.15
15.02.2017;1.55
16.02.2017;1.55
17.02.2017;1.76
18.02.2017;2.01
19.02.2017;1.32
20.02.2017;0.935
21.02.2017;1.31
22.02.2017;3.36
23.02.2017;3.22
24.02.2017;4.27
25.02.2017;2.86
26.02.2017;1.78
27.02.2017;1.33
28.02.2017;3.16
1.03.2017;3.09
2.03.2017;9.3
3.03.2017;5.31
4.03.2017;4.27
5.03.2017;3.36
6.03.2017;3.06
7.03.2017;2.76
8.03.2017;2.95
9.03.2017;8.75
10.03.2017;6.94
11.03.2017;4.73
12.03.2017;3.96
13.03.2017;3.89
14.03.2017;3.63
15.03.2017;3.17
16.03.2017;3.34
17.03.2017;3.66
18.03.2017;3.88
19.03.2017;4.56
20.03.2017;4.19
21.03.2017;3.69
22.03.2017;3.03
23.03.2017;2.71
24.03.2017;2.77
25.03.2017;2.85
26.03.2017;2.56
27.03.2017;1.89
28.03.2017;1.9
29.03.2017;1.82
30.03.2017;1.82
31.03.2017;1.87
1.04.2017;1.62
2.04.2017;1.16
3.04.2017;1.22
4.04.2017;1.39
5.04.2017;0.984
6.04.2017;0.785
7.04.2017;0.696
8.04.2017;0.726
9.04.2017;0.718
10.04.2017;0.684
11.04.2017;0.604
12.04.2017;0.465
13.04.2017;0.409
14.04.2017;0.375
15.04.2017;0.34
16.04.2017;0.317
17.04.2017;0.341
18.04.2017;0.305
19.04.2017;0.289
20.04.2017;0.269
21.04.2017;0.252
22.04.2017;0.247
23.04.2017;0.25
24.04.2017;0.252
25.04.2017;0.382
26.04.2017;3
27.04.2017;1.96
28.04.2017;0.92
29.04.2017;1.03
30.04.2017;1.86
1.05.2017;2.78
2.05.2017;3.04
3.05.2017;2.99
4.05.2017;3.65
5.05.2017;3.39
6.05.2017;3.26
7.05.2017;7.27
8.05.2017;5.31
9.05.2017;3.7
10.05.2017;2.68
11.05.2017;1.81
12.05.2017;1.35
13.05.2017;1.66
14.05.2017;1.51
15.05.2017;1.3
16.05.2017;0.907
17.05.2017;0.716
18.05.2017;0.615
19.05.2017;1.23
20.05.2017;2.15
21.05.2017;1.09
22.05.2017;0.762
23.05.2017;0.584
24.05.2017;0.473
25.05.2017;0.423
26.05.2017;0.385
27.05.2017;0.342
28.05.2017;0.419
29.05.2017;0.438
30.05.2017;0.329
31.05.2017;1.69
1.06.2017;7.84
2.06.2017;4.46
3.06.2017;3.24
4.06.2017;6.9
5.06.2017;4.02
6.06.2017;3.49
7.06.2017;4
8.06.2017;2.5
9.06.2017;1.42
10.06.2017;0.927
11.06.2017;0.737
12.06.2017;0.618
13.06.2017;0.528
14.06.2017;0.532
15.06.2017;2.4
16.06.2017;0.977
17.06.2017;0.59
18.06.2017;0.48
19.06.2017;0.417
20.06.2017;0.37
21.06.2017;0.337
22.06.2017;0.319
23.06.2017;0.305
24.06.2017;0.294
25.06.2017;0.288
26.06.2017;0.282
27.06.2017;0.279
28.06.2017;0.281
29.06.2017;0.351
30.06.2017;0.792
1.07.2017;0.483
2.07.2017;0.823
3.07.2017;0.698
4.07.2017;0.398
5.07.2017;0.315
6.07.2017;0.288
7.07.2017;0.275
8.07.2017;0.26
9.07.2017;0.46
10.07.2017;1.6
11.07.2017;0.748
12.07.2017;0.365
13.07.2017;0.289
14.07.2017;0.265
15.07.2017;0.25
16.07.2017;0.241
17.07.2017;0.233
18.07.2017;0.227
19.07.2017;0.225
20.07.2017;0.222
21.07.2017;1.14
22.07.2017;3.14
23.07.2017;2.65
24.07.2017;2.93
25.07.2017;5.36
26.07.2017;6.59
27.07.2017;3.51
28.07.2017;2.35
29.07.2017;1.46
30.07.2017;0.899
31.07.2017;0.681
1.08.2017;0.552
2.08.2017;0.457
3.08.2017;0.399
4.08.2017;0.359
5.08.2017;0.327
6.08.2017;0.309
7.08.2017;0.297
8.08.2017;0.684
9.08.2017;0.771
10.08.2017;0.691
11.08.2017;0.953
12.08.2017;1.54
13.08.2017;0.842
14.08.2017;0.521
15.08.2017;0.398
16.08.2017;0.331
17.08.2017;0.307
18.08.2017;0.299
19.08.2017;0.316
20.08.2017;0.294
21.08.2017;0.271
22.08.2017;0.26
23.08.2017;0.252
24.08.2017;0.244
25.08.2017;0.242
26.08.2017;0.243
27.08.2017;0.244
28.08.2017;0.245
29.08.2017;0.244
30.08.2017;0.239
31.08.2017;0.235
1.09.2017;0.249
2.09.2017;0.247
3.09.2017;0.256
4.09.2017;0.25
5.09.2017;0.229
6.09.2017;0.217
7.09.2017;0.21
8.09.2017;0.207
9.09.2017;0.215
10.09.2017;0.237
11.09.2017;0.238
12.09.2017;0.763
13.09.2017;0.876
14.09.2017;1.31
15.09.2017;1.76
16.09.2017;0.636
17.09.2017;0.41
18.09.2017;0.706
19.09.2017;0.925
20.09.2017;1.54
21.09.2017;0.84
22.09.2017;0.498
23.09.2017;0.364
24.09.2017;0.312
25.09.2017;0.288
26.09.2017;0.269
27.09.2017;0.249
28.09.2017;0.236
29.09.2017;0.225
30.09.2017;0.222
1.10.2017;0.229
2.10.2017;0.228
3.10.2017;3.35
4.10.2017;3.16
5.10.2017;1.62
6.10.2017;0.716
7.10.2017;0.548
8.10.2017;0.463
9.10.2017;0.392
10.10.2017;0.346
11.10.2017;0.31
12.10.2017;0.289
13.10.2017;0.269
14.10.2017;0.253
15.10.2017;0.244
16.10.2017;0.236
17.10.2017;0.231
18.10.2017;0.227
19.10.2017;0.224
20.10.2017;0.218
21.10.2017;0.213
22.10.2017;0.385
23.10.2017;2.89
24.10.2017;2.52
25.10.2017;1.18
26.10.2017;0.631
27.10.2017;0.46
28.10.2017;0.374
29.10.2017;0.328
30.10.2017;0.365
31.10.2017;0.381
1.11.2017;0.32
2.11.2017;0.296
3.11.2017;0.28
4.11.2017;0.268
5.11.2017;3.23
6.11.2017;3.19
7.11.2017;1.79
8.11.2017;0.983
9.11.2017;0.82
10.11.2017;0.735
11.11.2017;4.21
12.11.2017;10.5
13.11.2017;6.18
14.11.2017;4.16
15.11.2017;3.03
16.11.2017;2.36
17.11.2017;1.57
18.11.2017;1.1
19.11.2017;1.02
20.11.2017;0.905
21.11.2017;0.794
22.11.2017;1.17
23.11.2017;1.94
24.11.2017;2.28
25.11.2017;2.87
26.11.2017;2.46
27.11.2017;1.57
28.11.2017;1.19
29.11.2017;0.994
30.11.2017;0.873
1.12.2017;0.804
2.12.2017;0.727
3.12.2017;0.661
4.12.2017;0.597
5.12.2017;0.553
6.12.2017;0.55
7.12.2017;0.605
8.12.2017;2.96
9.12.2017;2.1
10.12.2017;5.66
11.12.2017;12.1
12.12.2017;6.83
13.12.2017;4.04
14.12.2017;4.92
15.12.2017;3.68
16.12.2017;2.79
17.12.2017;2.01
18.12.2017;1.56
19.12.2017;1.32
20.12.2017;1.18
21.12.2017;1.33
22.12.2017;3.66
23.12.2017;3.49
24.12.2017;2.63
25.12.2017;2
26.12.2017;1.83
27.12.2017;1.91
28.12.2017;1.55
29.12.2017;1.22
30.12.2017;7.28
31.12.2017;10.4
1.01.2018;6.8
2.01.2018;4.4
3.01.2018;8.87
4.01.2018;14.3
5.01.2018;16.2
6.01.2018;11.7
7.01.2018;8.67
8.01.2018;6.91
9.01.2018;5.84
10.01.2018;4.63
11.01.2018;3.66
12.01.2018;3.06
13.01.2018;2.64
14.01.2018;2.09
15.01.2018;1.6
16.01.2018;4.29
17.01.2018;6.46
18.01.2018;4.17
19.01.2018;5.82
20.01.2018;4.3
21.01.2018;12
22.01.2018;16.5
23.01.2018;14.4
24.01.2018;9.62
25.01.2018;7.83
26.01.2018;6.86
27.01.2018;5.44
28.01.2018;4.28
29.01.2018;3.5
30.01.2018;3.12
31.01.2018;2.88
1.02.2018;3.06
2.02.2018;2.66
3.02.2018;2.11
4.02.2018;1.69
5.02.2018;1.44
6.02.2018;1.26
7.02.2018;1.17
8.02.2018;1.01
9.02.2018;0.934
10.02.2018;0.872
11.02.2018;0.818
12.02.2018;0.826
13.02.2018;0.777
14.02.2018;0.748
15.02.2018;1.99
16.02.2018;9.17
17.02.2018;9.62
18.02.2018;6.94
19.02.2018;4.32
20.02.2018;3.17
21.02.2018;2.57
22.02.2018;1.9
23.02.2018;1.34
24.02.2018;1.07
25.02.2018;0.922
26.02.2018;0.812
27.02.2018;0.737
28.02.2018;0.672
1.03.2018;0.643
2.03.2018;0.621
3.03.2018;0.537
4.03.2018;0.491
5.03.2018;0.771
6.03.2018;0.969
7.03.2018;0.997
8.03.2018;0.79
9.03.2018;0.801
10.03.2018;4.21
11.03.2018;6.55
12.03.2018;5.87
13.03.2018;5.76
14.03.2018;4.01
15.03.2018;3.63
16.03.2018;3.39
17.03.2018;3.2
18.03.2018;2.76
19.03.2018;2.05
20.03.2018;1.54
21.03.2018;1.19
22.03.2018;1.01
23.03.2018;0.952
24.03.2018;0.924
25.03.2018;0.939
26.03.2018;1.01
27.03.2018;1.05
28.03.2018;5.76
29.03.2018;9.77
30.03.2018;5.33
31.03.2018;4.09
1.04.2018;3.32
2.04.2018;2.81
3.04.2018;3.86
4.04.2018;5.34
5.04.2018;6.94
6.04.2018;5.2
7.04.2018;5.12
8.04.2018;6.06
9.04.2018;5.41
10.04.2018;4.57
11.04.2018;3.85
12.04.2018;3.81
13.04.2018;3.78
14.04.2018;3.78
15.04.2018;4.1
16.04.2018;4.31
17.04.2018;4.14
18.04.2018;4.38
19.04.2018;4.41
20.04.2018;4.33
21.04.2018;4.21
22.04.2018;4.04
23.04.2018;3.83
24.04.2018;3.59
25.04.2018;3.4
26.04.2018;3.25
27.04.2018;2.75
28.04.2018;2.63
29.04.2018;2.49
30.04.2018;2.81
1.05.2018;2.27
2.05.2018;1.55
3.05.2018;1.34
4.05.2018;1.61
5.05.2018;2.14
6.05.2018;1.81
7.05.2018;1.37
8.05.2018;1.21
9.05.2018;1.1
10.05.2018;0.915
11.05.2018;0.922
12.05.2018;0.952
13.05.2018;5.56
14.05.2018;4.59
15.05.2018;6.29
16.05.2018;5.14
17.05.2018;3.61
18.05.2018;2.45
19.05.2018;2.54
20.05.2018;3.19
21.05.2018;2.97
22.05.2018;2.23
23.05.2018;1.66
24.05.2018;1.49
25.05.2018;0.977
26.05.2018;0.761
27.05.2018;0.626
28.05.2018;0.536
29.05.2018;0.701
30.05.2018;1.66
31.05.2018;3.2
1.06.2018;3.38
2.06.2018;2.03
3.06.2018;1.1
4.06.2018;3.08
5.06.2018;7.65
6.06.2018;4.16
7.06.2018;4.2
8.06.2018;3.37
9.06.2018;2.86
10.06.2018;1.94
11.06.2018;1.64
12.06.2018;2.79
13.06.2018;2.88
14.06.2018;2.21
15.06.2018;1.3
16.06.2018;0.906
17.06.2018;0.711
18.06.2018;0.592
19.06.2018;0.504
20.06.2018;0.458
21.06.2018;0.423
22.06.2018;0.393
23.06.2018;0.36
24.06.2018;0.34
25.06.2018;0.325
26.06.2018;0.314
27.06.2018;0.306
28.06.2018;0.301
29.06.2018;0.296
30.06.2018;0.288
1.07.2018;0.283
2.07.2018;0.276
3.07.2018;0.777
4.07.2018;0.835
5.07.2018;0.481
6.07.2018;1.67
7.07.2018;0.968
8.07.2018;0.443
9.07.2018;0.366
10.07.2018;0.33
11.07.2018;0.311
12.07.2018;0.299
13.07.2018;0.279
14.07.2018;0.272
15.07.2018;0.267
16.07.2018;0.26
17.07.2018;0.253
18.07.2018;0.242
19.07.2018;0.237
20.07.2018;0.686
21.07.2018;1.44
22.07.2018;0.743
23.07.2018;0.414
24.07.2018;0.316
25.07.2018;0.304
26.07.2018;0.282
27.07.2018;0.266
28.07.2018;0.26
29.07.2018;0.252
30.07.2018;0.244
31.07.2018;0.236
1.08.2018;0.229
2.08.2018;0.224
3.08.2018;0.219
4.08.2018;0.25
5.08.2018;0.237
6.08.2018;0.421
7.08.2018;0.423
8.08.2018;0.268
9.08.2018;0.295
10.08.2018;0.28
11.08.2018;0.25
12.08.2018;0.229
13.08.2018;0.224
14.08.2018;2.38
15.08.2018;2.15
16.08.2018;0.635
17.08.2018;0.374
18.08.2018;0.303
19.08.2018;0.273
20.08.2018;0.259
21.08.2018;0.247
22.08.2018;0.239
23.08.2018;0.231
24.08.2018;0.457
25.08.2018;0.306
26.08.2018;0.253
27.08.2018;0.232
28.08.2018;0.22
29.08.2018;0.214
30.08.2018;0.255
31.08.2018;0.244
1.09.2018;0.226
2.09.2018;0.21
3.09.2018;0.203
4.09.2018;0.197
5.09.2018;0.194
6.09.2018;0.238
7.09.2018;1.72
8.09.2018;0.673
9.09.2018;0.329
10.09.2018;0.274
11.09.2018;0.246
12.09.2018;0.233
13.09.2018;0.22
14.09.2018;0.214
15.09.2018;0.205
16.09.2018;0.2
17.09.2018;0.195
18.09.2018;0.186
19.09.2018;0.176
20.09.2018;0.163
21.09.2018;0.16
22.09.2018;0.162
23.09.2018;0.165
24.09.2018;0.476
25.09.2018;0.263
26.09.2018;0.214
27.09.2018;0.191
28.09.2018;0.179
29.09.2018;0.175
30.09.2018;0.164
1.10.2018;0.169
2.10.2018;0.272
3.10.2018;0.242
4.10.2018;0.203
5.10.2018;0.184
6.10.2018;0.172
7.10.2018;0.166
8.10.2018;0.142
9.10.2018;0.097
10.10.2018;0.07
11.10.2018;0.065
12.10.2018;0.045
13.10.2018;0.036
14.10.2018;0.035
15.10.2018;0.035
16.10.2018;0.033
17.10.2018;0.032
18.10.2018;0.03
19.10.2018;0.029
20.10.2018;0.027
21.10.2018;0.026
22.10.2018;0.025
23.10.2018;0.024
24.10.2018;0.024
25.10.2018;0.024
26.10.2018;0.024
27.10.2018;0.028
28.10.2018;0.033
29.10.2018;0.044
30.10.2018;0.158
31.10.2018;0.144
1.11.2018;0.224
2.11.2018;0.409
3.11.2018;0.258
4.11.2018;0.213
5.11.2018;0.178
6.11.2018;0.155
7.11.2018;0.135
8.11.2018;0.925
9.11.2018;0.435
10.11.2018;0.259
11.11.2018;0.368
12.11.2018;0.528
13.11.2018;0.469
14.11.2018;1.04
15.11.2018;0.464
16.11.2018;0.301
17.11.2018;0.256
18.11.2018;0.228
19.11.2018;0.213
20.11.2018;0.206
21.11.2018;0.2
22.11.2018;0.246
23.11.2018;0.804
24.11.2018;4.82
25.11.2018;2.48
26.11.2018;1.09
27.11.2018;0.558
28.11.2018;0.428
29.11.2018;0.587
30.11.2018;0.754
1.12.2018;0.746
2.12.2018;3.77
3.12.2018;10.6
4.12.2018;11.9
5.12.2018;7.02
6.12.2018;6.21
7.12.2018;5.03
8.12.2018;5.07
9.12.2018;10.8
10.12.2018;7.75
11.12.2018;4.31
12.12.2018;3.15
13.12.2018;2.59
14.12.2018;1.87
15.12.2018;1.17
16.12.2018;3.65
17.12.2018;3.36
18.12.2018;2.24
19.12.2018;1.6
20.12.2018;1.89
21.12.2018;6.71
22.12.2018;12.3
23.12.2018;8.61
24.12.2018;12.9
25.12.2018;8.18
26.12.2018;5.63
27.12.2018;4.46
28.12.2018;3.44
29.12.2018;2.68
30.12.2018;2.17
31.12.2018;1.43
1.01.2019;0.937
2.01.2019;0.777
3.01.2019;0.664
4.01.2019;0.578
5.01.2019;0.501
6.01.2019;0.456
7.01.2019;0.413
8.01.2019;0.384
9.01.2019;0.365
10.01.2019;0.343
11.01.2019;0.317
12.01.2019;0.3
13.01.2019;0.559
14.01.2019;3.52
15.01.2019;1.72
16.01.2019;0.844
17.01.2019;0.635
18.01.2019;0.533
19.01.2019;0.473
20.01.2019;0.428
21.01.2019;0.379
22.01.2019;0.339
23.01.2019;0.348
24.01.2019;0.335
25.01.2019;0.331
26.01.2019;0.284
27.01.2019;0.277
28.01.2019;0.282
29.01.2019;0.268
30.01.2019;0.274
31.01.2019;0.275
1.02.2019;0.802
2.02.2019;1.11
3.02.2019;0.638
4.02.2019;0.446
5.02.2019;0.407
6.02.2019;0.396
7.02.2019;0.537
8.02.2019;1.3
9.02.2019;1.47
10.02.2019;3
11.02.2019;3.14
12.02.2019;1.87
13.02.2019;1.18
14.02.2019;0.916
15.02.2019;0.866
16.02.2019;1.25
17.02.2019;1.85
18.02.2019;2.04
19.02.2019;1.73
20.02.2019;1.5
21.02.2019;1.49
22.02.2019;1.78
23.02.2019;2.35
24.02.2019;1.82
25.02.2019;1.65
26.02.2019;2.06
27.02.2019;3.1
28.02.2019;3.55
1.03.2019;4.61
2.03.2019;4.76
3.03.2019;3.87
4.03.2019;3.81
5.03.2019;3.21
6.03.2019;2.67
7.03.2019;5.7
8.03.2019;4.29
9.03.2019;4.12
10.03.2019;10.3
11.03.2019;6.92
12.03.2019;4.42
13.03.2019;3.23
14.03.2019;2.61
15.03.2019;9.94
16.03.2019;10.2
17.03.2019;7.01
18.03.2019;4.95
19.03.2019;3.5
20.03.2019;2.78
21.03.2019;2.29
22.03.2019;1.9
23.03.2019;2.53
24.03.2019;3
25.03.2019;3.02
26.03.2019;2.42
27.03.2019;1.89
28.03.2019;1.71
29.03.2019;2
30.03.2019;2.66
31.03.2019;2.97
1.04.2019;3.16
2.04.2019;3.29
3.04.2019;3.41
4.04.2019;2.55
5.04.2019;1.64
6.04.2019;1.42
7.04.2019;2.29
8.04.2019;2.96
9.04.2019;2.92
10.04.2019;3.13
11.04.2019;3.53
12.04.2019;3.35
13.04.2019;2.81
14.04.2019;2.16
15.04.2019;1.63
16.04.2019;2.2
17.04.2019;2.94
18.04.2019;3.46
19.04.2019;3.52
20.04.2019;3.47
21.04.2019;3.33
22.04.2019;3.13
23.04.2019;3.22
24.04.2019;2.97
25.04.2019;2.7
26.04.2019;3.22
27.04.2019;3.08
28.04.2019;3.42
29.04.2019;2.99
30.04.2019;2.99
1.05.2019;2.76
2.05.2019;2.42
3.05.2019;2.96
4.05.2019;2.54
5.05.2019;1.88
6.05.2019;1.39
7.05.2019;1.39
8.05.2019;3.43
9.05.2019;5.44
10.05.2019;4.51
11.05.2019;4.06
12.05.2019;4.09
13.05.2019;3.04
14.05.2019;2.28
15.05.2019;1.59
16.05.2019;1.24
17.05.2019;1.06
18.05.2019;1.11
19.05.2019;1.08
20.05.2019;2.8
21.05.2019;3.66
22.05.2019;2.41
23.05.2019;1.4
24.05.2019;0.95
25.05.2019;0.741
26.05.2019;0.64
27.05.2019;0.539
28.05.2019;0.669
29.05.2019;2.29
30.05.2019;1.31
31.05.2019;0.743
1.06.2019;0.541
2.06.2019;0.451
3.06.2019;0.395
4.06.2019;0.355
5.06.2019;0.326
6.06.2019;0.313
7.06.2019;0.294
8.06.2019;0.279
9.06.2019;0.297
10.06.2019;2.81
11.06.2019;3.9
12.06.2019;7.55
13.06.2019;3.92
14.06.2019;2.49
15.06.2019;2.84
16.06.2019;3.83
17.06.2019;2.35
18.06.2019;2.4
19.06.2019;1.18
20.06.2019;0.75
21.06.2019;0.586
22.06.2019;0.574
23.06.2019;0.736
24.06.2019;0.466
25.06.2019;0.379
26.06.2019;0.334
27.06.2019;0.312
28.06.2019;0.306
29.06.2019;0.296
30.06.2019;0.285
1.07.2019;0.275
2.07.2019;0.267
3.07.2019;3.56
4.07.2019;4.05
5.07.2019;2.37
6.07.2019;5.71
7.07.2019;4.77
8.07.2019;2.32
9.07.2019;0.773
10.07.2019;0.497
11.07.2019;0.414
12.07.2019;0.36
13.07.2019;0.322
14.07.2019;0.307
15.07.2019;0.294
16.07.2019;0.28
17.07.2019;0.269
18.07.2019;0.263
19.07.2019;0.253
20.07.2019;0.248
21.07.2019;0.241
22.07.2019;0.235
23.07.2019;0.231
24.07.2019;0.23
25.07.2019;1.34
26.07.2019;2.71
27.07.2019;2.22
28.07.2019;14.9
29.07.2019;6.52
30.07.2019;3.09
31.07.2019;1.6
1.08.2019;0.904
2.08.2019;0.673
3.08.2019;0.527
4.08.2019;0.447
5.08.2019;0.387
6.08.2019;0.345
7.08.2019;1.11
8.08.2019;0.981
9.08.2019;0.461
10.08.2019;1.04
11.08.2019;0.853
12.08.2019;1.63
13.08.2019;1.57
14.08.2019;0.856
15.08.2019;0.534
16.08.2019;0.401
17.08.2019;0.338
18.08.2019;0.347
19.08.2019;2.46
20.08.2019;3.8
21.08.2019;3.87
22.08.2019;2.11
23.08.2019;0.969
24.08.2019;0.662
25.08.2019;0.506
26.08.2019;0.404
27.08.2019;0.336
28.08.2019;1.1
29.08.2019;1.9
30.08.2019;0.579
31.08.2019;0.429
1.09.2019;0.34
2.09.2019;0.302
3.09.2019;0.278
4.09.2019;0.265
5.09.2019;0.256
6.09.2019;0.246
7.09.2019;0.239
8.09.2019;0.245
9.09.2019;0.283
10.09.2019;0.256
11.09.2019;0.235
12.09.2019;0.218
13.09.2019;0.207
14.09.2019;0.205
15.09.2019;0.204
16.09.2019;0.203
17.09.2019;0.2
18.09.2019;0.197
19.09.2019;0.193
20.09.2019;0.188
21.09.2019;0.183
22.09.2019;0.184
23.09.2019;0.381
24.09.2019;0.305
25.09.2019;0.238
26.09.2019;1.47
27.09.2019;1.43
28.09.2019;1.46
29.09.2019;0.787
30.09.2019;0.399
1.10.2019;0.376
2.10.2019;3.1
3.10.2019;3.1
4.10.2019;1.6
5.10.2019;2.83
6.10.2019;2.85
7.10.2019;3.45
8.10.2019;2.43
9.10.2019;4.61
10.10.2019;4.37
11.10.2019;2.88
12.10.2019;1.72
13.10.2019;0.932
14.10.2019;0.657
15.10.2019;2.15
16.10.2019;3.96
17.10.2019;2.28
18.10.2019;2.24
19.10.2019;12.2
20.10.2019;7.64
21.10.2019;7.37
22.10.2019;5.17
23.10.2019;3.45
24.10.2019;2.54
25.10.2019;1.61
26.10.2019;0.992
27.10.2019;0.782
28.10.2019;0.657
29.10.2019;0.59
30.10.2019;0.569
31.10.2019;0.532
1.11.2019;0.565
2.11.2019;4.01
3.11.2019;8.11
4.11.2019;8.63
5.11.2019;5.32
6.11.2019;4.9
7.11.2019;3.94
8.11.2019;3.21
9.11.2019;2.44
10.11.2019;1.62
11.11.2019;1.12
12.11.2019;0.9
13.11.2019;0.782
14.11.2019;0.682
15.11.2019;0.636
16.11.2019;0.549
17.11.2019;0.491
18.11.2019;0.464
19.11.2019;0.432
20.11.2019;0.477
21.11.2019;0.835
22.11.2019;1.43
23.11.2019;1.94
24.11.2019;2.13
25.11.2019;2.22
26.11.2019;2.03
27.11.2019;3.31
28.11.2019;6.73
29.11.2019;9.45
30.11.2019;6.45
1.12.2019;4.16
2.12.2019;3.58
3.12.2019;2.81
4.12.2019;2.04
5.12.2019;1.38
6.12.2019;1.01
7.12.2019;0.924
8.12.2019;1.79
9.12.2019;2.82
10.12.2019;2.28
11.12.2019;1.56
12.12.2019;1.23
13.12.2019;1.27
14.12.2019;4.21
15.12.2019;6.47
16.12.2019;5.28
17.12.2019;5.6
18.12.2019;5.07
19.12.2019;3.81
20.12.2019;5.8
21.12.2019;6.58
22.12.2019;9.05
23.12.2019;6.38
24.12.2019;8.11
25.12.2019;7.3
26.12.2019;4.86
27.12.2019;6.97
28.12.2019;4.84
29.12.2019;3.34
30.12.2019;2.67
31.12.2019;1.91
1.01.2020;1.35
2.01.2020;1.09
3.01.2020;0.946
4.01.2020;1.74
5.01.2020;2.27
6.01.2020;1.47
7.01.2020;1.05
8.01.2020;0.856
9.01.2020;0.798
10.01.2020;1.15
11.01.2020;1.44
12.01.2020;1.15
13.01.2020;0.907
14.01.2020;0.769
15.01.2020;0.635
16.01.2020;0.589
17.01.2020;0.662
18.01.2020;1.06
19.01.2020;0.895
20.01.2020;0.69
21.01.2020;0.568
22.01.2020;0.504
23.01.2020;0.454
24.01.2020;0.418
25.01.2020;0.393
26.01.2020;0.393
27.01.2020;0.568
28.01.2020;2.82
29.01.2020;2.62
30.01.2020;2.99
31.01.2020;9.62
1.02.2020;6.94
2.02.2020;10.3
3.02.2020;11.4
4.02.2020;7.96
5.02.2020;5.5
6.02.2020;4.26
7.02.2020;3.26
8.02.2020;2.65
9.02.2020;2.09
10.02.2020;4.29
11.02.2020;4.68
12.02.2020;3.32
13.02.2020;2.57
14.02.2020;4.42
15.02.2020;3.62
16.02.2020;3.34
17.02.2020;4.22
18.02.2020;4.16
19.02.2020;2.9
20.02.2020;2.2
21.02.2020;2.7
22.02.2020;2.23
23.02.2020;1.87
24.02.2020;2.97
25.02.2020;3.25
26.02.2020;4.06
27.02.2020;3.12
28.02.2020;3.21
29.02.2020;3.76
1.03.2020;6.71
2.03.2020;4.63
3.03.2020;3.63
4.03.2020;2.67
5.03.2020;7.94
6.03.2020;9.43
7.03.2020;4.8
8.03.2020;3.34
9.03.2020;2.87
10.03.2020;3.48
11.03.2020;5.91
12.03.2020;5.76
13.03.2020;5.29
14.03.2020;3.69
15.03.2020;2.85
16.03.2020;2.74
17.03.2020;2.81
18.03.2020;3.01
19.03.2020;3.05
20.03.2020;2.9
21.03.2020;3.12
22.03.2020;2.66
23.03.2020;1.93
24.03.2020;1.36
25.03.2020;1.03
26.03.2020;0.882
27.03.2020;0.774
28.03.2020;0.771
29.03.2020;0.956
30.03.2020;1.11
31.03.2020;0.77
1.04.2020;0.612
2.04.2020;0.645
3.04.2020;0.727
4.04.2020;0.745
5.04.2020;1.01
6.04.2020;1.45
7.04.2020;1.57
8.04.2020;1.75
9.04.2020;1.7
10.04.2020;1.84
11.04.2020;1.71
12.04.2020;1.6
13.04.2020;1.39
14.04.2020;1.28
15.04.2020;0.902
16.04.2020;0.941
17.04.2020;1.06
18.04.2020;0.993
19.04.2020;0.901
20.04.2020;0.882
21.04.2020;0.707
22.04.2020;0.535
23.04.2020;0.428
24.04.2020;0.377
25.04.2020;0.349
26.04.2020;0.4
27.04.2020;0.384
28.04.2020;0.526
29.04.2020;1.38
30.04.2020;3.02
1.05.2020;3.72
2.05.2020;4.1
3.05.2020;4.47
4.05.2020;2.78
5.05.2020;1.68
6.05.2020;1.27
7.05.2020;0.965
8.05.2020;0.744
9.05.2020;0.597
10.05.2020;0.578
11.05.2020;5.69
12.05.2020;4.38
13.05.2020;3.28
14.05.2020;4.79
15.05.2020;2.89
16.05.2020;1.69
17.05.2020;1.02
18.05.2020;0.764
19.05.2020;0.632
20.05.2020;0.537
21.05.2020;0.46
22.05.2020;0.403
23.05.2020;0.404
24.05.2020;0.57
25.05.2020;0.437
26.05.2020;0.366
27.05.2020;0.326
28.05.2020;0.313
29.05.2020;0.309
30.05.2020;0.303
31.05.2020;0.295
1.06.2020;0.284
2.06.2020;0.277
3.06.2020;0.328
4.06.2020;1.97
5.06.2020;2.42
6.06.2020;1.85
7.06.2020;2.75
8.06.2020;1.85
9.06.2020;2.39
10.06.2020;2.56
11.06.2020;3.25
12.06.2020;2.1
13.06.2020;2.06
14.06.2020;2.3
15.06.2020;1.23
16.06.2020;1.81
17.06.2020;3.97
18.06.2020;3.63
19.06.2020;3.2
20.06.2020;2.88
21.06.2020;1.6
22.06.2020;0.961
23.06.2020;0.755
24.06.2020;0.617
25.06.2020;0.521
26.06.2020;0.458
27.06.2020;0.411
28.06.2020;0.379
29.06.2020;2.96
30.06.2020;2.7
1.07.2020;1.22
2.07.2020;0.86
3.07.2020;0.736
4.07.2020;0.548
5.07.2020;0.454
6.07.2020;0.406
7.07.2020;0.365
8.07.2020;0.335
9.07.2020;0.319
10.07.2020;0.312
11.07.2020;0.56
12.07.2020;0.365
13.07.2020;0.312
14.07.2020;0.298
15.07.2020;0.291
16.07.2020;0.287
17.07.2020;0.281
18.07.2020;0.28
19.07.2020;0.273
20.07.2020;0.264
21.07.2020;0.258
22.07.2020;0.255
23.07.2020;0.255
24.07.2020;0.248
25.07.2020;0.242
26.07.2020;0.238
27.07.2020;0.233
28.07.2020;0.227
29.07.2020;0.226
30.07.2020;0.226
31.07.2020;0.223
1.08.2020;0.226
2.08.2020;0.376
3.08.2020;0.31
4.08.2020;0.427
5.08.2020;0.307
6.08.2020;0.256
7.08.2020;0.232
8.08.2020;0.224
9.08.2020;0.219
10.08.2020;0.215
11.08.2020;0.214
12.08.2020;0.207
13.08.2020;0.203
14.08.2020;0.195
15.08.2020;0.19
16.08.2020;0.186
17.08.2020;0.187
18.08.2020;0.183
19.08.2020;0.172
20.08.2020;0.171
21.08.2020;0.156
22.08.2020;0.132
23.08.2020;0.103
24.08.2020;0.095
25.08.2020;0.099
26.08.2020;0.089
27.08.2020;0.053
28.08.2020;1.06
29.08.2020;1.64
30.08.2020;2.61
31.08.2020;2.43
1.09.2020;0.746
2.09.2020;0.406
3.09.2020;0.304
4.09.2020;0.268
5.09.2020;0.248
6.09.2020;0.24
7.09.2020;0.229
8.09.2020;0.216
9.09.2020;0.205
10.09.2020;0.201
11.09.2020;0.193
12.09.2020;0.192
13.09.2020;0.179
14.09.2020;0.163
15.09.2020;0.159
16.09.2020;0.154
17.09.2020;0.151
18.09.2020;0.143
19.09.2020;0.131
20.09.2020;0.163
21.09.2020;1.28
22.09.2020;0.393
23.09.2020;1.74
24.09.2020;2.32
25.09.2020;4.67
26.09.2020;6.09
27.09.2020;3.82
28.09.2020;3.29
29.09.2020;3.04
30.09.2020;2.24
1.10.2020;1.24
2.10.2020;1.21
3.10.2020;8.17
4.10.2020;7.03
5.10.2020;4.25
6.10.2020;4.41
7.10.2020;3.92
8.10.2020;3.29
9.10.2020;2.22
10.10.2020;1.35
11.10.2020;1.49
12.10.2020;1.48
13.10.2020;1.2
14.10.2020;0.906
15.10.2020;0.728
16.10.2020;0.658
17.10.2020;0.668
18.10.2020;0.576
19.10.2020;0.482
20.10.2020;0.438
21.10.2020;0.401
22.10.2020;0.347
23.10.2020;5.41
24.10.2020;8.34
25.10.2020;4.49
26.10.2020;5.43
27.10.2020;5.15
28.10.2020;4.56
29.10.2020;5.35
30.10.2020;4.06
31.10.2020;2.83
1.11.2020;1.89
2.11.2020;1.18
3.11.2020;0.893
4.11.2020;0.828
5.11.2020;0.856
6.11.2020;0.964
7.11.2020;0.792
8.11.2020;0.626
9.11.2020;0.523
10.11.2020;0.454
11.11.2020;0.413
12.11.2020;0.388
13.11.2020;0.351
14.11.2020;0.329
15.11.2020;0.363
16.11.2020;2.99
17.11.2020;2.55
18.11.2020;1.44
19.11.2020;1.56
20.11.2020;2.55
21.11.2020;1.79
22.11.2020;1.18
23.11.2020;0.85
24.11.2020;0.688
25.11.2020;0.598
26.11.2020;0.493
27.11.2020;0.438
28.11.2020;0.407
29.11.2020;0.375
30.11.2020;0.332
1.12.2020;0.314
2.12.2020;0.312
3.12.2020;0.307
4.12.2020;0.318
5.12.2020;0.314
6.12.2020;0.293
7.12.2020;0.28
8.12.2020;0.274
9.12.2020;0.262
10.12.2020;0.254
11.12.2020;0.261
12.12.2020;1.06
13.12.2020;1.59
14.12.2020;1.12
15.12.2020;4.78
16.12.2020;6.02
17.12.2020;3.79
18.12.2020;3.34
19.12.2020;2.94
20.12.2020;3.19
21.12.2020;3.14
22.12.2020;4.03
23.12.2020;3.74
24.12.2020;4.5
25.12.2020;3.43
26.12.2020;2.41
27.12.2020;1.62
28.12.2020;1.34
29.12.2020;1.01
30.12.2020;0.797
31.12.2020;0.729
1.01.2021;0.72
2.01.2021;0.711
3.01.2021;0.703
4.01.2021;0.694
5.01.2021;0.677
6.01.2021;0.637
7.01.2021;0.595
8.01.2021;0.556
9.01.2021;0.547
10.01.2021;0.547
11.01.2021;0.547
12.01.2021;0.47
13.01.2021;0.467
14.01.2021;2.51
15.01.2021;2.14
16.01.2021;1.27
17.01.2021;0.95
18.01.2021;0.817
19.01.2021;0.788
20.01.2021;0.897
21.01.2021;2.32
22.01.2021;6.04
23.01.2021;4.76
24.01.2021;3.02
25.01.2021;2.15
26.01.2021;1.42
27.01.2021;1.17
28.01.2021;9.18
29.01.2021;16.4
30.01.2021;13.2
31.01.2021;10.9
1.02.2021;11.7
2.02.2021;12.8
3.02.2021;14.1
4.02.2021;11.3
5.02.2021;8.61
6.02.2021;7.31
7.02.2021;6.77
8.02.2021;5.03
9.02.2021;3.78
10.02.2021;3.1
11.02.2021;2.72
12.02.2021;2.28
13.02.2021;1.61
14.02.2021;1.26
15.02.2021;1.06
16.02.2021;1.01
17.02.2021;1.99
18.02.2021;2.49
19.02.2021;3.1
20.02.2021;3.42
21.02.2021;3.35
22.02.2021;3.02
23.02.2021;3.09
24.02.2021;3.45
25.02.2021;3.36
26.02.2021;2.98
27.02.2021;2.82
28.02.2021;2.42
1.03.2021;1.87
2.03.2021;1.66
3.03.2021;1.71
4.03.2021;1.71
5.03.2021;2.39
6.03.2021;1.73
7.03.2021;1.32
8.03.2021;1.33
9.03.2021;1.28
10.03.2021;1.01
11.03.2021;1.29
12.03.2021;3.63
13.03.2021;2.38
14.03.2021;1.57
15.03.2021;1.21
16.03.2021;0.979
17.03.2021;0.886
18.03.2021;0.81
19.03.2021;0.771
20.03.2021;0.695
21.03.2021;0.628
22.03.2021;0.597
23.03.2021;0.58
24.03.2021;0.784
25.03.2021;1.5
26.03.2021;2.59
27.03.2021;7.11
28.03.2021;4.17
29.03.2021;3.57
30.03.2021;4.06
31.03.2021;4.27
1.04.2021;3.98
2.04.2021;3.68
3.04.2021;3.16
4.04.2021;2.25
5.04.2021;1.6
6.04.2021;1.62
7.04.2021;1.09
8.04.2021;0.783
9.04.2021;0.71
10.04.2021;0.997
11.04.2021;1.78
12.04.2021;2.81
13.04.2021;1.69
14.04.2021;1.11
15.04.2021;0.95
16.04.2021;0.817
17.04.2021;0.774
18.04.2021;0.782
19.04.2021;0.638
20.04.2021;0.743
21.04.2021;0.871
22.04.2021;1.19
23.04.2021;1.71
24.04.2021;1.77
25.04.2021;1.88
26.04.2021;1.91
27.04.2021;1.62
28.04.2021;1.35
29.04.2021;2.01
30.04.2021;2.18
1.05.2021;4.41
2.05.2021;4.77
3.05.2021;3.12
4.05.2021;2.12
5.05.2021;3.12
6.05.2021;5.05
7.05.2021;7.6
8.05.2021;4.7
9.05.2021;3.17
10.05.2021;6.69
11.05.2021;7.75
12.05.2021;4.34
13.05.2021;3.21
14.05.2021;2.67
15.05.2021;2.55
16.05.2021;5.61
17.05.2021;6.52
18.05.2021;8.78
19.05.2021;4.72
20.05.2021;3.96
21.05.2021;3.81
22.05.2021;5.94
23.05.2021;3.83
24.05.2021;3.01
25.05.2021;2.2
26.05.2021;1.65
27.05.2021;1.3
28.05.2021;0.993
29.05.2021;0.843
30.05.2021;0.726
31.05.2021;0.654
1.06.2021;0.589
2.06.2021;0.523
3.06.2021;0.467
4.06.2021;0.425
5.06.2021;0.443
6.06.2021;0.506
7.06.2021;0.493
8.06.2021;1.3
9.06.2021;2.73
10.06.2021;1.64
11.06.2021;1.19
12.06.2021;0.781
13.06.2021;0.583
14.06.2021;0.491
15.06.2021;0.441
16.06.2021;0.404
17.06.2021;0.418
18.06.2021;2.38
19.06.2021;1.24
20.06.2021;0.661
21.06.2021;2.65
22.06.2021;3.69
23.06.2021;2.66
24.06.2021;3.68
25.06.2021;3.55
26.06.2021;2.34
27.06.2021;1.28
28.06.2021;0.974
29.06.2021;1.94
30.06.2021;3.69
1.07.2021;4.13
2.07.2021;2.55
3.07.2021;1.46
4.07.2021;1.66
5.07.2021;1.22
6.07.2021;4.01
7.07.2021;5.79
8.07.2021;7.03
9.07.2021;5.07
10.07.2021;3.32
11.07.2021;3
12.07.2021;2.29
13.07.2021;8.46
14.07.2021;4.43
15.07.2021;9.69
16.07.2021;10.2
17.07.2021;5.5
18.07.2021;3.81
19.07.2021;2.88
20.07.2021;2.21
21.07.2021;1.31
22.07.2021;0.957
23.07.2021;0.826
24.07.2021;0.743
25.07.2021;0.668
26.07.2021;0.59
27.07.2021;0.519
28.07.2021;0.508
29.07.2021;0.483
30.07.2021;0.575
31.07.2021;0.724
1.08.2021;2.61
2.08.2021;2.83
3.08.2021;1.58
4.08.2021;3.98
5.08.2021;5.1
6.08.2021;3.54
7.08.2021;4.73
8.08.2021;4.78
9.08.2021;2.9
10.08.2021;1.69
11.08.2021;1.02
12.08.2021;0.822
13.08.2021;1.08
14.08.2021;0.73
15.08.2021;0.608
16.08.2021;0.588
17.08.2021;0.548
18.08.2021;0.511
19.08.2021;0.453
20.08.2021;0.416
21.08.2021;0.386
22.08.2021;0.357
23.08.2021;0.343
24.08.2021;0.339
25.08.2021;0.329
26.08.2021;0.327
27.08.2021;0.314
28.08.2021;0.308
29.08.2021;0.299
30.08.2021;0.29
31.08.2021;0.281
1.09.2021;0.271
2.09.2021;0.259
3.09.2021;0.258
4.09.2021;0.262
5.09.2021;0.261
6.09.2021;0.282
7.09.2021;0.277
8.09.2021;0.254
9.09.2021;0.245
10.09.2021;0.249
11.09.2021;0.233
12.09.2021;0.229
13.09.2021;0.225
14.09.2021;0.229
15.09.2021;0.24
16.09.2021;0.262
17.09.2021;0.246
18.09.2021;0.242
19.09.2021;0.522
20.09.2021;0.923
21.09.2021;0.45
22.09.2021;0.365
23.09.2021;0.309
24.09.2021;0.284
25.09.2021;0.269
26.09.2021;0.26
27.09.2021;0.25
28.09.2021;0.242
29.09.2021;0.237
30.09.2021;0.226
1.10.2021;0.225
2.10.2021;0.221
3.10.2021;1.22
4.10.2021;6.7
5.10.2021;5.45
6.10.2021;3.62
7.10.2021;3.06
8.10.2021;2.02
9.10.2021;1.1
10.10.2021;0.728
11.10.2021;0.562
12.10.2021;0.461
13.10.2021;0.4
14.10.2021;0.334
15.10.2021;0.31
16.10.2021;0.296
17.10.2021;0.278
18.10.2021;0.258
19.10.2021;0.242
20.10.2021;0.242
21.10.2021;0.242
22.10.2021;0.248
23.10.2021;0.254
24.10.2021;0.242
25.10.2021;0.229
26.10.2021;0.218
27.10.2021;0.211
28.10.2021;0.209
29.10.2021;0.209
30.10.2021;0.208
31.10.2021;0.204
1.11.2021;2.44
2.11.2021;3.26
3.11.2021;3.89
4.11.2021;3.07
5.11.2021;1.96
6.11.2021;1.48
7.11.2021;1.07
8.11.2021;0.805
9.11.2021;0.76
10.11.2021;0.564
11.11.2021;0.507
12.11.2021;0.462
13.11.2021;0.371
14.11.2021;0.395
15.11.2021;0.393
16.11.2021;0.338
17.11.2021;0.303
18.11.2021;0.301
19.11.2021;0.312
20.11.2021;0.304
21.11.2021;0.305
22.11.2021;0.297
23.11.2021;0.276
24.11.2021;0.275
25.11.2021;0.335
26.11.2021;0.304
27.11.2021;0.308
28.11.2021;0.298
29.11.2021;0.266
30.11.2021;0.24
1.12.2021;0.823
2.12.2021;2.28
3.12.2021;1.15
4.12.2021;12
5.12.2021;8.37
6.12.2021;4.68
7.12.2021;3.29
8.12.2021;3.35
9.12.2021;2.64
10.12.2021;1.91
11.12.2021;1.38
12.12.2021;1.09
13.12.2021;1.65
14.12.2021;2.88
15.12.2021;2.34
16.12.2021;1.87
17.12.2021;1.59
18.12.2021;1.31
19.12.2021;1.1
20.12.2021;1.02
21.12.2021;0.941
22.12.2021;0.852
23.12.2021;0.782
24.12.2021;1.27
25.12.2021;3.58
26.12.2021;5.19
27.12.2021;6.2
28.12.2021;11
29.12.2021;12.8
30.12.2021;12.3
31.12.2021;8.26
1.01.2022;5.91
2.01.2022;4.78
3.01.2022;4.08
4.01.2022;4.15
5.01.2022;3.86
6.01.2022;3.01
7.01.2022;2.4
8.01.2022;1.68
9.01.2022;1.28
10.01.2022;1.03
11.01.2022;0.865
12.01.2022;0.776
13.01.2022;0.698
14.01.2022;0.654
15.01.2022;0.625
16.01.2022;0.589
17.01.2022;0.528
18.01.2022;0.502
19.01.2022;0.491
20.01.2022;0.469
21.01.2022;0.429
22.01.2022;0.395
23.01.2022;0.381
24.01.2022;0.368
25.01.2022;0.342
26.01.2022;0.332
27.01.2022;0.324
28.01.2022;0.316
29.01.2022;0.307
30.01.2022;0.305
31.01.2022;0.309
1.02.2022;0.308
2.02.2022;2.21
3.02.2022;2.99
4.02.2022;1.93
5.02.2022;1.37
6.02.2022;1.09
7.02.2022;4.23
8.02.2022;2.59
9.02.2022;1.59
10.02.2022;1.14
11.02.2022;2.72
12.02.2022;2.17
13.02.2022;1.39
14.02.2022;1.53
15.02.2022;2.24
16.02.2022;3.91
17.02.2022;11.6
18.02.2022;8.18
19.02.2022;6.66
20.02.2022;4.2
21.02.2022;3.88
22.02.2022;3.2
23.02.2022;3.08
24.02.2022;3.01
25.02.2022;2.76
26.02.2022;2.07
27.02.2022;1.53
28.02.2022;1.18
1.03.2022;0.96
2.03.2022;0.861
3.03.2022;0.877
4.03.2022;0.886
5.03.2022;0.832
6.03.2022;0.722
7.03.2022;0.626
8.03.2022;0.548
9.03.2022;0.5
10.03.2022;0.51
11.03.2022;0.617
12.03.2022;0.79
13.03.2022;1.11
14.03.2022;2.08
15.03.2022;3.72
16.03.2022;4.11
17.03.2022;3.67
18.03.2022;3.6
19.03.2022;3.07
20.03.2022;2.43
21.03.2022;2.23
22.03.2022;2.14
23.03.2022;1.71
24.03.2022;1.61
25.03.2022;1.76
26.03.2022;1.82
27.03.2022;1.75
28.03.2022;1.68
29.03.2022;1.72
30.03.2022;1.93
31.03.2022;2.09
1.04.2022;1.66
2.04.2022;0.885
3.04.2022;0.585
4.04.2022;0.469
5.04.2022;0.482
6.04.2022;1.38
7.04.2022;6.76
8.04.2022;11
9.04.2022;9.2
10.04.2022;5.51
11.04.2022;4.39
12.04.2022;3.57
13.04.2022;3.13
14.04.2022;2.57
15.04.2022;2.21
16.04.2022;1.86
17.04.2022;1.42
18.04.2022;1.02
19.04.2022;0.927
20.04.2022;0.837
21.04.2022;0.75
22.04.2022;0.694
23.04.2022;0.686
24.04.2022;0.944
25.04.2022;2.18
26.04.2022;3.27
27.04.2022;2.55
28.04.2022;1.3
29.04.2022;0.803
30.04.2022;0.657
1.05.2022;0.554
2.05.2022;0.482
3.05.2022;0.428
4.05.2022;0.469
5.05.2022;1.45
6.05.2022;0.9
7.05.2022;0.617
8.05.2022;0.49
9.05.2022;0.418
10.05.2022;0.434
11.05.2022;0.381
12.05.2022;0.336
13.05.2022;0.312
14.05.2022;0.301
15.05.2022;0.297
16.05.2022;0.298
17.05.2022;0.281
18.05.2022;0.269
19.05.2022;0.262
20.05.2022;0.254
21.05.2022;0.253
22.05.2022;0.256
23.05.2022;0.263
24.05.2022;0.265
25.05.2022;0.254
26.05.2022;0.239
27.05.2022;0.235
28.05.2022;0.238
29.05.2022;0.245
30.05.2022;0.245
31.05.2022;0.237
1.06.2022;0.228
2.06.2022;0.22
3.06.2022;0.212
4.06.2022;0.72
5.06.2022;0.798
6.06.2022;0.625
7.06.2022;0.32
8.06.2022;0.295
9.06.2022;2.39
10.06.2022;1.59
11.06.2022;0.524
12.06.2022;0.341
13.06.2022;0.296
14.06.2022;0.271
15.06.2022;0.259
16.06.2022;0.256
17.06.2022;0.242
18.06.2022;0.238
19.06.2022;0.236
20.06.2022;0.233
21.06.2022;0.223
22.06.2022;0.222
23.06.2022;0.236
24.06.2022;0.438
25.06.2022;0.51
26.06.2022;0.316
27.06.2022;0.338
28.06.2022;0.372
29.06.2022;0.297
30.06.2022;0.258
1.07.2022;0.238
2.07.2022;0.234
3.07.2022;0.223
4.07.2022;0.359
5.07.2022;0.32
6.07.2022;0.246
7.07.2022;0.223
8.07.2022;0.203
9.07.2022;0.188
10.07.2022;0.183
11.07.2022;0.176
12.07.2022;0.166
13.07.2022;0.15
14.07.2022;0.152
15.07.2022;0.15
16.07.2022;0.141
17.07.2022;0.121
18.07.2022;0.086
19.07.2022;0.077
20.07.2022;0.064
21.07.2022;0.05
22.07.2022;0.044
23.07.2022;0.047
24.07.2022;0.043
25.07.2022;0.039
26.07.2022;0.037
27.07.2022;0.035
28.07.2022;0.035
29.07.2022;0.033
30.07.2022;0.03
31.07.2022;0.028
1.08.2022;0.027
2.08.2022;0.027
3.08.2022;0.026
4.08.2022;0.026
5.08.2022;0.025
6.08.2022;0.024
7.08.2022;0.024
8.08.2022;0.023
9.08.2022;0.022
10.08.2022;0.022
11.08.2022;0.021
12.08.2022;0.021
13.08.2022;0.021
14.08.2022;0.021
15.08.2022;0.023
16.08.2022;0.022
17.08.2022;0.387
18.08.2022;0.945
19.08.2022;4.48
20.08.2022;3.45
21.08.2022;2.09
22.08.2022;0.608
23.08.2022;0.342
24.08.2022;0.27
25.08.2022;0.242
26.08.2022;0.222
27.08.2022;0.205
28.08.2022;0.193
29.08.2022;0.179
30.08.2022;0.371
31.08.2022;0.514
1.09.2022;0.257
2.09.2022;0.219
3.09.2022;1.41
4.09.2022;0.987
5.09.2022;0.349
6.09.2022;0.273
7.09.2022;1.54
8.09.2022;6.66
9.09.2022;3.23
10.09.2022;3.23
11.09.2022;2.05
12.09.2022;0.979
13.09.2022;0.596
14.09.2022;0.653
15.09.2022;5.09
16.09.2022;4.65
17.09.2022;2.92
18.09.2022;1.72
19.09.2022;0.812
20.09.2022;0.566
21.09.2022;0.447
22.09.2022;0.372
23.09.2022;0.319
24.09.2022;0.311
25.09.2022;3.81
26.09.2022;3.41
27.09.2022;5.8
28.09.2022;14.1
29.09.2022;10.7
30.09.2022;6.11
1.10.2022;4.61
2.10.2022;9.34
3.10.2022;5.75
4.10.2022;4.06
5.10.2022;2.9
6.10.2022;2.24
7.10.2022;1.37
8.10.2022;0.931
9.10.2022;0.805
10.10.2022;0.667
11.10.2022;0.549
12.10.2022;0.485
13.10.2022;0.446
14.10.2022;0.458
15.10.2022;2.17
16.10.2022;1.47
17.10.2022;0.737
18.10.2022;0.517
19.10.2022;0.439
20.10.2022;0.39
21.10.2022;0.63
22.10.2022;3.31
23.10.2022;2.1
24.10.2022;5.37
25.10.2022;3.92
26.10.2022;2.34
27.10.2022;1.22
28.10.2022;0.781
29.10.2022;0.61
30.10.2022;0.51
31.10.2022;0.44
1.11.2022;2.17
2.11.2022;2.48
3.11.2022;1.51
4.11.2022;4.58
5.11.2022;3.89
6.11.2022;3.02
7.11.2022;1.82
8.11.2022;1.06
9.11.2022;2.53
10.11.2022;4.01
11.11.2022;2.48
12.11.2022;1.38
13.11.2022;0.928
14.11.2022;0.736
15.11.2022;0.604
16.11.2022;2.74
17.11.2022;2.47
18.11.2022;5.67
19.11.2022;3.96
20.11.2022;2.61
21.11.2022;2.03
22.11.2022;3.81
23.11.2022;3.11
24.11.2022;4.98
25.11.2022;3.6
26.11.2022;2.51
27.11.2022;1.63
28.11.2022;1.15
29.11.2022;1.36
30.11.2022;1.67
1.12.2022;1.46
2.12.2022;1.05
3.12.2022;0.823
4.12.2022;0.665
5.12.2022;0.522
6.12.2022;0.448
7.12.2022;0.406
8.12.2022;0.378
9.12.2022;0.381
10.12.2022;0.4
11.12.2022;0.363
12.12.2022;0.331
13.12.2022;0.319
14.12.2022;1.13
15.12.2022;3.76
16.12.2022;3.85
17.12.2022;2.43
18.12.2022;1.35
19.12.2022;0.855
20.12.2022;0.982
21.12.2022;1.7
22.12.2022;2.92
23.12.2022;13
24.12.2022;14.7
25.12.2022;8.55
26.12.2022;6.04
27.12.2022;6.65
28.12.2022;4.35
29.12.2022;3.53
30.12.2022;6.55
31.12.2022;4.37
1.01.2023;3.12
2.01.2023;2.33
3.01.2023;1.96
4.01.2023;1.89
5.01.2023;3.18
6.01.2023;3.17
7.01.2023;2.25
8.01.2023;2.88
9.01.2023;6.48
10.01.2023;3.65
11.01.2023;5.12
12.01.2023;4.94
13.01.2023;5.07
14.01.2023;4.39
15.01.2023;4.97
16.01.2023;3.94
17.01.2023;2.78
18.01.2023;1.91
19.01.2023;1.26
20.01.2023;0.984
21.01.2023;0.827
22.01.2023;0.719
23.01.2023;0.619
24.01.2023;0.54
25.01.2023;0.486
26.01.2023;0.482
27.01.2023;0.462
28.01.2023;0.428
29.01.2023;0.383
30.01.2023;0.357
31.01.2023;0.333
1.02.2023;0.321
2.02.2023;0.308
3.02.2023;0.3
4.02.2023;0.353
5.02.2023;1.18
6.02.2023;0.768
7.02.2023;0.617
8.02.2023;0.521
9.02.2023;0.459
10.02.2023;0.395
11.02.2023;0.347
12.02.2023;0.324
13.02.2023;0.321
14.02.2023;0.397
15.02.2023;0.739
16.02.2023;1.14
17.02.2023;1.3
18.02.2023;3.07
19.02.2023;3.25
20.02.2023;2.87
21.02.2023;2.51
22.02.2023;2.32
23.02.2023;2.42
24.02.2023;2.48
25.02.2023;2.88
26.02.2023;2.08
27.02.2023;1.2
28.02.2023;0.773
1.03.2023;0.592
2.03.2023;0.488
3.03.2023;0.414
4.03.2023;0.358
5.03.2023;0.337
6.03.2023;0.33
7.03.2023;0.318
8.03.2023;0.34
9.03.2023;2.94
10.03.2023;6.44
11.03.2023;5.72
12.03.2023;6.58
13.03.2023;5.35
14.03.2023;9.51
15.03.2023;5.52
16.03.2023;3.65
17.03.2023;2.93
18.03.2023;2.67
19.03.2023;2.03
20.03.2023;2.2
21.03.2023;1.7
22.03.2023;1.38
23.03.2023;1.26
24.03.2023;1.62
25.03.2023;3.86
26.03.2023;3.94
27.03.2023;3.2
28.03.2023;2.45
29.03.2023;2.26
30.03.2023;2.43
31.03.2023;1.73
1.04.2023;3.62
2.04.2023;4.33
3.04.2023;4
4.04.2023;2.77
5.04.2023;1.77
6.04.2023;1.12
7.04.2023;1.01
8.04.2023;1.29
9.04.2023;1.44
10.04.2023;1.47
11.04.2023;1.89
12.04.2023;2.85
13.04.2023;3.53
14.04.2023;2.61
15.04.2023;3.64
16.04.2023;4.52
17.04.2023;3.23
18.04.2023;2.69
19.04.2023;1.94
20.04.2023;1.29
21.04.2023;0.914
22.04.2023;0.765
23.04.2023;1.11
24.04.2023;5.38
25.04.2023;3.59
26.04.2023;3.08
27.04.2023;2.04
28.04.2023;1.21
29.04.2023;2.9
30.04.2023;2.71
1.05.2023;3.46
2.05.2023;2.71
3.05.2023;1.81
4.05.2023;1.11
5.05.2023;0.808
6.05.2023;0.66
7.05.2023;0.555
8.05.2023;0.477
9.05.2023;1.13
10.05.2023;6.41
11.05.2023;4.31
12.05.2023;3.77
13.05.2023;3.11
14.05.2023;2.31
15.05.2023;1.48
16.05.2023;1.82
17.05.2023;2.61
18.05.2023;1.63
19.05.2023;1.04
20.05.2023;0.796
21.05.2023;0.716
22.05.2023;0.709
23.05.2023;0.623
24.05.2023;0.923
25.05.2023;0.589
26.05.2023;0.455
27.05.2023;0.396
28.05.2023;0.369
29.05.2023;0.34
30.05.2023;0.316
31.05.2023;0.3
1.06.2023;0.291
2.06.2023;0.284
3.06.2023;1.28
4.06.2023;1.65
5.06.2023;0.838
6.06.2023;0.45
7.06.2023;0.354
8.06.2023;0.319
9.06.2023;0.312
10.06.2023;0.431
11.06.2023;0.623
12.06.2023;0.39
13.06.2023;0.319
14.06.2023;0.288
15.06.2023;0.264
16.06.2023;0.253
17.06.2023;0.245
18.06.2023;0.239
19.06.2023;0.233
20.06.2023;0.229
21.06.2023;0.22
22.06.2023;0.217
23.06.2023;0.216
24.06.2023;0.209
25.06.2023;0.208
26.06.2023;0.206
27.06.2023;0.204
28.06.2023;0.201
29.06.2023;0.194
30.06.2023;0.225
1.07.2023;0.297
2.07.2023;0.243
3.07.2023;0.262
4.07.2023;0.231
5.07.2023;0.295
6.07.2023;0.335
7.07.2023;0.258
8.07.2023;0.225
9.07.2023;0.207
10.07.2023;0.192
11.07.2023;0.19
12.07.2023;0.201
13.07.2023;0.216
14.07.2023;0.216
15.07.2023;0.197
16.07.2023;0.178
17.07.2023;0.163
18.07.2023;0.156
19.07.2023;0.149
20.07.2023;0.147
21.07.2023;0.143
22.07.2023;0.129
23.07.2023;0.104
24.07.2023;0.096
25.07.2023;0.17
26.07.2023;0.635
27.07.2023;0.264
28.07.2023;0.205
29.07.2023;0.207
30.07.2023;1.59
31.07.2023;0.79
1.08.2023;0.453
2.08.2023;1.27
3.08.2023;0.91
4.08.2023;0.655
5.08.2023;1.33
6.08.2023;1.14
7.08.2023;1.98
8.08.2023;0.786
9.08.2023;0.374
10.08.2023;0.282
11.08.2023;0.246
12.08.2023;0.229
13.08.2023;0.226
14.08.2023;0.208
15.08.2023;0.189
16.08.2023;0.177
17.08.2023;0.165
18.08.2023;0.157
19.08.2023;0.146
20.08.2023;0.135
21.08.2023;0.123
22.08.2023;0.116
23.08.2023;0.109
24.08.2023;0.104
25.08.2023;0.103
26.08.2023;0.108
27.08.2023;1.78
28.08.2023;1.15
29.08.2023;0.483
30.08.2023;0.505
31.08.2023;0.304
1.09.2023;0.245
2.09.2023;0.214
3.09.2023;0.187
4.09.2023;0.168
5.09.2023;0.159
6.09.2023;0.149
7.09.2023;0.142
8.09.2023;0.133
9.09.2023;0.122
10.09.2023;0.113
11.09.2023;0.1
12.09.2023;0.093
13.09.2023;0.123
14.09.2023;0.182
15.09.2023;0.142
16.09.2023;0.12
17.09.2023;0.097
18.09.2023;0.952
19.09.2023;2.77
20.09.2023;1.54
21.09.2023;1.13
22.09.2023;3.95
23.09.2023;3.16
24.09.2023;1.66
25.09.2023;0.666
26.09.2023;0.413
27.09.2023;0.317
28.09.2023;0.277
29.09.2023;0.249
30.09.2023;0.231
1.10.2023;0.211
2.10.2023;0.199
3.10.2023;0.189
4.10.2023;0.179
5.10.2023;0.172
6.10.2023;0.165
7.10.2023;0.16
8.10.2023;0.152
9.10.2023;0.148
10.10.2023;0.145
11.10.2023;0.14
12.10.2023;0.133
13.10.2023;0.129
14.10.2023;0.2
15.10.2023;0.27
16.10.2023;0.2
17.10.2023;0.169
18.10.2023;0.155
19.10.2023;0.548
20.10.2023;4.25
21.10.2023;3.99
22.10.2023;2.67
23.10.2023;1.38
24.10.2023;3
25.10.2023;3.36
26.10.2023;6.1
27.10.2023;8.57
28.10.2023;5.16
29.10.2023;3.48
30.10.2023;4.52
31.10.2023;6.57
1.11.2023;4.71
2.11.2023;8.12
3.11.2023;6.55
4.11.2023;6.29
5.11.2023;8.17
6.11.2023;5.59
7.11.2023;5.37
8.11.2023;3.99
9.11.2023;2.97
10.11.2023;6.01
11.11.2023;5.71
12.11.2023;6.73
13.11.2023;9.55
14.11.2023;15.5
15.11.2023;14.6
16.11.2023;8.88
17.11.2023;9.12
18.11.2023;6.23
19.11.2023;5.78
20.11.2023;5.07
21.11.2023;3.74
22.11.2023;3.26
23.11.2023;2.64
24.11.2023;2.16
25.11.2023;1.92
26.11.2023;1.48
27.11.2023;1.12
28.11.2023;1.09
29.11.2023;0.839
30.11.2023;7.05
1.12.2023;10.4
2.12.2023;5.43
3.12.2023;3.72
4.12.2023;2.68
5.12.2023;2.58
6.12.2023;2.09
7.12.2023;1.47
8.12.2023;2.6
9.12.2023;5.39
10.12.2023;9.74
11.12.2023;14.6
12.12.2023;16.2
13.12.2023;13.7
14.12.2023;10.3
15.12.2023;7.66
16.12.2023;5.83
17.12.2023;4.71
18.12.2023;3.77
19.12.2023;2.93
20.12.2023;2.56
21.12.2023;2.9
22.12.2023;8.57
23.12.2023;8.05
24.12.2023;4.93
25.12.2023;3.78
26.12.2023;2.81
27.12.2023;2.25
28.12.2023;1.62
29.12.2023;1.56
30.12.2023;2.37
31.12.2023;1.75
1.01.2024;1.35
