Region;Carpathians
Country;Romania
#;13
Spring Name/Station Name;Abator
Literature;Yes
Lat;45.00
Lon;22.80
Elev;284
Start Date;1.01.1977
End Date;30.06.1986
Resolution;Daily
Data Source;National Institute for Meteorology and Hidrology
Data License;Open data
Contact Person;Virgil Dragusin
Spring ID;CAR_13_RO
Date;Discharge m^3/s
1.01.1977;0,108
2.01.1977;0,108
3.01.1977;0,108
4.01.1977;0,109
5.01.1977;0,11
6.01.1977;0,112
7.01.1977;0,117
8.01.1977;0,119
9.01.1977;0,119
10.01.1977;0,116
11.01.1977;0,113
12.01.1977;0,109
13.01.1977;0,107
14.01.1977;0,104
15.01.1977;0,103
16.01.1977;0,104
17.01.1977;0,105
18.01.1977;0,106
19.01.1977;0,107
20.01.1977;0,108
21.01.1977;0,108
22.01.1977;0,108
23.01.1977;0,109
24.01.1977;0,11
25.01.1977;0,11
26.01.1977;0,111
27.01.1977;0,11
28.01.1977;0,11
29.01.1977;0,109
30.01.1977;0,108
31.01.1977;0,107
1.02.1977;0,107
2.02.1977;0,113
3.02.1977;0,118
4.02.1977;0,119
5.02.1977;0,118
6.02.1977;0,115
7.02.1977;0,107
8.02.1977;0,107
9.02.1977;0,108
10.02.1977;0,109
11.02.1977;0,111
12.02.1977;0,114
13.02.1977;0,12
14.02.1977;0,123
15.02.1977;0,118
16.02.1977;0,108
17.02.1977;0,107
18.02.1977;0,107
19.02.1977;0,107
20.02.1977;0,107
21.02.1977;0,108
22.02.1977;0,114
23.02.1977;0,121
24.02.1977;0,121
25.02.1977;0,12
26.02.1977;0,12
27.02.1977;0,117
28.02.1977;0,114
1.03.1977;0,114
2.03.1977;0,114
3.03.1977;0,114
4.03.1977;0,116
5.03.1977;0,122
6.03.1977;0,124
7.03.1977;0,122
8.03.1977;0,117
9.03.1977;0,113
10.03.1977;0,111
11.03.1977;0,112
12.03.1977;0,115
13.03.1977;0,123
14.03.1977;0,127
15.03.1977;0,129
16.03.1977;0,131
17.03.1977;0,132
18.03.1977;0,131
19.03.1977;0,125
20.03.1977;0,12
21.03.1977;0,119
22.03.1977;0,119
23.03.1977;0,118
24.03.1977;0,118
25.03.1977;0,118
26.03.1977;0,117
27.03.1977;0,117
28.03.1977;0,117
29.03.1977;0,118
30.03.1977;0,12
31.03.1977;0,123
1.04.1977;0,125
2.04.1977;0,126
3.04.1977;0,126
4.04.1977;0,126
5.04.1977;0,125
6.04.1977;0,125
7.04.1977;0,124
8.04.1977;0,123
9.04.1977;0,122
10.04.1977;0,12
11.04.1977;0,117
12.04.1977;0,113
13.04.1977;0,108
14.04.1977;0,109
15.04.1977;0,12
16.04.1977;0,128
17.04.1977;0,128
18.04.1977;0,128
19.04.1977;0,128
20.04.1977;0,128
21.04.1977;0,129
22.04.1977;0,129
23.04.1977;0,125
24.04.1977;0,115
25.04.1977;0,106
26.04.1977;0,107
27.04.1977;0,109
28.04.1977;0,111
29.04.1977;0,118
30.04.1977;0,124
1.05.1977;0,13
2.05.1977;0,135
3.05.1977;0,137
4.05.1977;0,133
5.05.1977;0,119
6.05.1977;0,108
7.05.1977;0,11
8.05.1977;0,115
9.05.1977;0,118
10.05.1977;0,118
11.05.1977;0,117
12.05.1977;0,116
13.05.1977;0,115
14.05.1977;0,115
15.05.1977;0,116
16.05.1977;0,117
17.05.1977;0,115
18.05.1977;0,111
19.05.1977;0,108
20.05.1977;0,109
21.05.1977;0,113
22.05.1977;0,117
23.05.1977;0,116
24.05.1977;0,115
25.05.1977;0,112
26.05.1977;0,11
27.05.1977;0,11
28.05.1977;0,111
29.05.1977;0,112
30.05.1977;0,113
31.05.1977;0,115
1.06.1977;0,116
2.06.1977;0,117
3.06.1977;0,118
4.06.1977;0,118
5.06.1977;0,117
6.06.1977;0,114
7.06.1977;0,114
8.06.1977;0,114
9.06.1977;0,114
10.06.1977;0,115
11.06.1977;0,116
12.06.1977;0,118
13.06.1977;0,12
14.06.1977;0,12
15.06.1977;0,118
16.06.1977;0,112
17.06.1977;0,109
18.06.1977;0,108
19.06.1977;0,108
20.06.1977;0,107
21.06.1977;0,107
22.06.1977;0,107
23.06.1977;0,107
24.06.1977;0,108
25.06.1977;0,109
26.06.1977;0,109
27.06.1977;0,109
28.06.1977;0,109
29.06.1977;0,109
30.06.1977;0,109
1.07.1977;0,109
2.07.1977;0,108
3.07.1977;0,108
4.07.1977;0,107
5.07.1977;0,108
6.07.1977;0,109
7.07.1977;0,11
8.07.1977;0,11
9.07.1977;0,109
10.07.1977;0,109
11.07.1977;0,108
12.07.1977;0,107
13.07.1977;0,106
14.07.1977;0,106
15.07.1977;0,107
16.07.1977;0,108
17.07.1977;0,108
18.07.1977;0,108
19.07.1977;0,108
20.07.1977;0,107
21.07.1977;0,105
22.07.1977;0,103
23.07.1977;0,104
24.07.1977;0,107
25.07.1977;0,113
26.07.1977;0,114
27.07.1977;0,113
28.07.1977;0,106
29.07.1977;0,102
30.07.1977;0,103
31.07.1977;0,105
1.08.1977;0,116
2.08.1977;0,115
3.08.1977;0,117
4.08.1977;0,116
5.08.1977;0,115
6.08.1977;0,114
7.08.1977;0,112
8.08.1977;0,11
9.08.1977;0,108
10.08.1977;0,107
11.08.1977;0,106
12.08.1977;0,107
13.08.1977;0,112
14.08.1977;0,117
15.08.1977;0,116
16.08.1977;0,113
17.08.1977;0,107
18.08.1977;0,107
19.08.1977;0,109
20.08.1977;0,112
21.08.1977;0,115
22.08.1977;0,117
23.08.1977;0,118
24.08.1977;0,117
25.08.1977;0,117
26.08.1977;0,117
27.08.1977;0,116
28.08.1977;0,116
29.08.1977;0,116
30.08.1977;0,115
31.08.1977;0,115
1.09.1977;0,115
2.09.1977;0,114
3.09.1977;0,113
4.09.1977;0,111
5.09.1977;0,111
6.09.1977;0,112
7.09.1977;0,114
8.09.1977;0,114
9.09.1977;0,115
10.09.1977;0,116
11.09.1977;0,115
12.09.1977;0,115
13.09.1977;0,114
14.09.1977;0,113
15.09.1977;0,112
16.09.1977;0,113
17.09.1977;0,115
18.09.1977;0,119
19.09.1977;0,121
20.09.1977;0,12
21.09.1977;0,119
22.09.1977;0,118
23.09.1977;0,118
24.09.1977;0,118
25.09.1977;0,117
26.09.1977;0,117
27.09.1977;0,117
28.09.1977;0,117
29.09.1977;0,117
30.09.1977;0,117
1.10.1977;0,117
2.10.1977;0,117
3.10.1977;0,117
4.10.1977;0,117
5.10.1977;0,117
6.10.1977;0,116
7.10.1977;0,116
8.10.1977;0,116
9.10.1977;0,116
10.10.1977;0,116
11.10.1977;0,116
12.10.1977;0,116
13.10.1977;0,116
14.10.1977;0,116
15.10.1977;0,116
16.10.1977;0,115
17.10.1977;0,115
18.10.1977;0,115
19.10.1977;0,115
20.10.1977;0,115
21.10.1977;0,115
22.10.1977;0,115
23.10.1977;0,116
24.10.1977;0,117
25.10.1977;0,118
26.10.1977;0,118
27.10.1977;0,118
28.10.1977;0,118
29.10.1977;0,118
30.10.1977;0,117
31.10.1977;0,117
1.11.1977;0,117
2.11.1977;0,117
3.11.1977;0,117
4.11.1977;0,117
5.11.1977;0,116
6.11.1977;0,114
7.11.1977;0,112
8.11.1977;0,111
9.11.1977;0,11
10.11.1977;0,109
11.11.1977;0,11
12.11.1977;0,111
13.11.1977;0,112
14.11.1977;0,113
15.11.1977;0,117
16.11.1977;0,123
17.11.1977;0,128
18.11.1977;0,131
19.11.1977;0,129
20.11.1977;0,125
21.11.1977;0,12
22.11.1977;0,12
23.11.1977;0,121
24.11.1977;0,121
25.11.1977;0,127
26.11.1977;0,133
27.11.1977;0,138
28.11.1977;0,137
29.11.1977;0,134
30.11.1977;0,13
1.12.1977;0,127
2.12.1977;0,124
3.12.1977;0,12
4.12.1977;0,122
5.12.1977;0,124
6.12.1977;0,126
7.12.1977;0,125
8.12.1977;0,124
9.12.1977;0,124
10.12.1977;0,123
11.12.1977;0,12
12.12.1977;0,118
13.12.1977;0,119
14.12.1977;0,12
15.12.1977;0,123
16.12.1977;0,124
17.12.1977;0,123
18.12.1977;0,12
19.12.1977;0,118
20.12.1977;0,118
21.12.1977;0,119
22.12.1977;0,12
23.12.1977;0,12
24.12.1977;0,12
25.12.1977;0,12
26.12.1977;0,12
27.12.1977;0,121
28.12.1977;0,121
29.12.1977;0,121
30.12.1977;0,121
31.12.1977;0,121
1.01.1978;0,123
2.01.1978;0,124
3.01.1978;0,127
4.01.1978;0,126
5.01.1978;0,124
6.01.1978;0,123
7.01.1978;0,123
8.01.1978;0,124
9.01.1978;0,124
10.01.1978;0,121
11.01.1978;0,119
12.01.1978;0,116
13.01.1978;0,113
14.01.1978;0,111
15.01.1978;0,107
16.01.1978;0,106
17.01.1978;0,104
18.01.1978;0,112
19.01.1978;0,12
20.01.1978;0,127
21.01.1978;0,127
22.01.1978;0,127
23.01.1978;0,128
24.01.1978;0,128
25.01.1978;0,128
26.01.1978;0,124
27.01.1978;0,12
28.01.1978;0,115
29.01.1978;0,11
30.01.1978;0,105
31.01.1978;0,108
1.02.1978;0,11
2.02.1978;0,113
3.02.1978;0,116
4.02.1978;0,114
5.02.1978;0,112
6.02.1978;0,11
7.02.1978;0,112
8.02.1978;0,115
9.02.1978;0,117
10.02.1978;0,117
11.02.1978;0,116
12.02.1978;0,116
13.02.1978;0,115
14.02.1978;0,122
15.02.1978;0,128
16.02.1978;0,138
17.02.1978;0,131
18.02.1978;0,122
19.02.1978;0,112
20.02.1978;0,113
21.02.1978;0,114
22.02.1978;0,115
23.02.1978;0,116
24.02.1978;0,117
25.02.1978;0,116
26.02.1978;0,115
27.02.1978;0,115
28.02.1978;0,113
1.03.1978;0,112
2.03.1978;0,111
3.03.1978;0,11
4.03.1978;0,11
5.03.1978;0,11
6.03.1978;0,11
7.03.1978;0,109
8.03.1978;0,107
9.03.1978;0,106
10.03.1978;0,105
11.03.1978;0,11
12.03.1978;0,115
13.03.1978;0,119
14.03.1978;0,118
15.03.1978;0,118
16.03.1978;0,118
17.03.1978;0,118
18.03.1978;0,118
19.03.1978;0,118
20.03.1978;0,119
21.03.1978;0,119
22.03.1978;0,119
23.03.1978;0,118
24.03.1978;0,118
25.03.1978;0,118
26.03.1978;0,117
27.03.1978;0,119
28.03.1978;0,122
29.03.1978;0,125
30.03.1978;0,128
31.03.1978;0,131
1.04.1978;0,127
2.04.1978;0,122
3.04.1978;0,117
4.04.1978;0,112
5.04.1978;0,107
6.04.1978;0,109
7.04.1978;0,111
8.04.1978;0,113
9.04.1978;0,11
10.04.1978;0,106
11.04.1978;0,102
12.04.1978;0,094
13.04.1978;0,088
14.04.1978;0,081
15.04.1978;0,088
16.04.1978;0,093
17.04.1978;0,1
18.04.1978;0,106
19.04.1978;0,106
20.04.1978;0,107
21.04.1978;0,108
22.04.1978;0,108
23.04.1978;0,108
24.04.1978;0,109
25.04.1978;0,109
26.04.1978;0,11
27.04.1978;0,11
28.04.1978;0,11
29.04.1978;0,111
30.04.1978;0,111
1.05.1978;0,112
2.05.1978;0,112
3.05.1978;0,113
4.05.1978;0,113
5.05.1978;0,111
6.05.1978;0,109
7.05.1978;0,107
8.05.1978;0,105
9.05.1978;0,108
10.05.1978;0,111
11.05.1978;0,114
12.05.1978;0,112
13.05.1978;0,109
14.05.1978;0,107
15.05.1978;0,104
16.05.1978;0,104
17.05.1978;0,104
18.05.1978;0,104
19.05.1978;0,106
20.05.1978;0,107
21.05.1978;0,108
22.05.1978;0,11
23.05.1978;0,112
24.05.1978;0,112
25.05.1978;0,112
26.05.1978;0,112
27.05.1978;0,112
28.05.1978;0,112
29.05.1978;0,112
30.05.1978;0,112
31.05.1978;0,112
1.06.1978;0,112
2.06.1978;0,112
3.06.1978;0,112
4.06.1978;0,112
5.06.1978;0,112
6.06.1978;0,11
7.06.1978;0,109
8.06.1978;0,107
9.06.1978;0,106
10.06.1978;0,105
11.06.1978;0,105
12.06.1978;0,104
13.06.1978;0,103
14.06.1978;0,102
15.06.1978;0,102
16.06.1978;0,102
17.06.1978;0,101
18.06.1978;0,101
19.06.1978;0,101
20.06.1978;0,101
21.06.1978;0,101
22.06.1978;0,1
23.06.1978;0,1
24.06.1978;0,1
25.06.1978;0,097
26.06.1978;0,094
27.06.1978;0,091
28.06.1978;0,098
29.06.1978;0,103
30.06.1978;0,107
1.07.1978;0,105
2.07.1978;0,102
3.07.1978;0,1
4.07.1978;0,098
5.07.1978;0,099
6.07.1978;0,1
7.07.1978;0,102
8.07.1978;0,103
9.07.1978;0,105
10.07.1978;0,106
11.07.1978;0,106
12.07.1978;0,106
13.07.1978;0,106
14.07.1978;0,106
15.07.1978;0,106
16.07.1978;0,107
17.07.1978;0,107
18.07.1978;0,107
19.07.1978;0,107
20.07.1978;0,107
21.07.1978;0,107
22.07.1978;0,107
23.07.1978;0,107
24.07.1978;0,107
25.07.1978;0,107
26.07.1978;0,108
27.07.1978;0,108
28.07.1978;0,108
29.07.1978;0,108
30.07.1978;0,107
31.07.1978;0,106
1.08.1978;0,106
2.08.1978;0,105
3.08.1978;0,105
4.08.1978;0,104
5.08.1978;0,104
6.08.1978;0,103
7.08.1978;0,103
8.08.1978;0,103
9.08.1978;0,103
10.08.1978;0,103
11.08.1978;0,103
12.08.1978;0,103
13.08.1978;0,103
14.08.1978;0,103
15.08.1978;0,103
16.08.1978;0,103
17.08.1978;0,103
18.08.1978;0,103
19.08.1978;0,103
20.08.1978;0,103
21.08.1978;0,103
22.08.1978;0,102
23.08.1978;0,101
24.08.1978;0,101
25.08.1978;0,1
26.08.1978;0,1
27.08.1978;0,099
28.08.1978;0,098
29.08.1978;0,098
30.08.1978;0,097
31.08.1978;0,095
1.09.1978;0,094
2.09.1978;0,092
3.09.1978;0,091
4.09.1978;0,092
5.09.1978;0,092
6.09.1978;0,093
7.09.1978;0,093
8.09.1978;0,094
9.09.1978;0,095
10.09.1978;0,095
11.09.1978;0,096
12.09.1978;0,096
13.09.1978;0,097
14.09.1978;0,098
15.09.1978;0,098
16.09.1978;0,098
17.09.1978;0,098
18.09.1978;0,098
19.09.1978;0,098
20.09.1978;0,099
21.09.1978;0,1
22.09.1978;0,1
23.09.1978;0,1
24.09.1978;0,1
25.09.1978;0,1
26.09.1978;0,1
27.09.1978;0,1
28.09.1978;0,099
29.09.1978;0,099
30.09.1978;0,099
1.10.1978;0,099
2.10.1978;0,099
3.10.1978;0,099
4.10.1978;0,099
5.10.1978;0,099
6.10.1978;0,099
7.10.1978;0,098
8.10.1978;0,098
9.10.1978;0,098
10.10.1978;0,098
11.10.1978;0,098
12.10.1978;0,096
13.10.1978;0,095
14.10.1978;0,094
15.10.1978;0,092
16.10.1978;0,091
17.10.1978;0,09
18.10.1978;0,098
19.10.1978;0,105
20.10.1978;0,113
21.10.1978;0,113
22.10.1978;0,112
23.10.1978;0,111
24.10.1978;0,11
25.10.1978;0,109
26.10.1978;0,108
27.10.1978;0,108
28.10.1978;0,107
29.10.1978;0,108
30.10.1978;0,108
31.10.1978;0,109
1.11.1978;0,109
2.11.1978;0,11
3.11.1978;0,11
4.11.1978;0,111
5.11.1978;0,112
6.11.1978;0,112
7.11.1978;0,113
8.11.1978;0,113
9.11.1978;0,114
10.11.1978;0,114
11.11.1978;0,115
12.11.1978;0,115
13.11.1978;0,115
14.11.1978;0,116
15.11.1978;0,116
16.11.1978;0,116
17.11.1978;0,116
18.11.1978;0,116
19.11.1978;0,117
20.11.1978;0,116
21.11.1978;0,116
22.11.1978;0,115
23.11.1978;0,115
24.11.1978;0,115
25.11.1978;0,114
26.11.1978;0,113
27.11.1978;0,111
28.11.1978;0,11
29.11.1978;0,109
30.11.1978;0,107
1.12.1978;0,106
2.12.1978;0,105
3.12.1978;0,091
4.12.1978;0,08
5.12.1978;0,073
6.12.1978;0,072
7.12.1978;0,072
8.12.1978;0,074
9.12.1978;0,079
10.12.1978;0,085
11.12.1978;0,088
12.12.1978;0,083
13.12.1978;0,079
14.12.1978;0,074
15.12.1978;0,072
16.12.1978;0,072
17.12.1978;0,071
18.12.1978;0,071
19.12.1978;0,07
20.12.1978;0,07
21.12.1978;0,069
22.12.1978;0,069
23.12.1978;0,068
24.12.1978;0,068
25.12.1978;0,067
26.12.1978;0,067
27.12.1978;0,069
28.12.1978;0,071
29.12.1978;0,072
30.12.1978;0,078
31.12.1978;0,082
1.01.1979;0,085
2.01.1979;0,09
3.01.1979;0,095
4.01.1979;0,102
5.01.1979;0,103
6.01.1979;0,104
7.01.1979;0,105
8.01.1979;0,105
9.01.1979;0,105
10.01.1979;0,105
11.01.1979;0,103
12.01.1979;0,102
13.01.1979;0,1
14.01.1979;0,097
15.01.1979;0,096
16.01.1979;0,096
17.01.1979;0,097
18.01.1979;0,097
19.01.1979;0,098
20.01.1979;0,097
21.01.1979;0,097
22.01.1979;0,096
23.01.1979;0,096
24.01.1979;0,096
25.01.1979;0,096
26.01.1979;0,096
27.01.1979;0,096
28.01.1979;0,096
29.01.1979;0,096
30.01.1979;0,096
31.01.1979;0,096
1.02.1979;0,096
2.02.1979;0,096
3.02.1979;0,097
4.02.1979;0,097
5.02.1979;0,098
6.02.1979;0,1
7.02.1979;0,101
8.02.1979;0,102
9.02.1979;0,102
10.02.1979;0,102
11.02.1979;0,102
12.02.1979;0,101
13.02.1979;0,099
14.02.1979;0,098
15.02.1979;0,095
16.02.1979;0,096
17.02.1979;0,097
18.02.1979;0,101
19.02.1979;0,1
20.02.1979;0,099
21.02.1979;0,098
22.02.1979;0,098
23.02.1979;0,097
24.02.1979;0,097
25.02.1979;0,096
26.02.1979;0,097
27.02.1979;0,097
28.02.1979;0,098
1.03.1979;0,098
2.03.1979;0,097
3.03.1979;0,096
4.03.1979;0,096
5.03.1979;0,095
6.03.1979;0,096
7.03.1979;0,097
8.03.1979;0,099
9.03.1979;0,103
10.03.1979;0,103
11.03.1979;0,103
12.03.1979;0,103
13.03.1979;0,102
14.03.1979;0,1
15.03.1979;0,099
16.03.1979;0,097
17.03.1979;0,094
18.03.1979;0,09
19.03.1979;0,086
20.03.1979;0,087
21.03.1979;0,088
22.03.1979;0,09
23.03.1979;0,092
24.03.1979;0,094
25.03.1979;0,098
26.03.1979;0,101
27.03.1979;0,104
28.03.1979;0,104
29.03.1979;0,103
30.03.1979;0,102
31.03.1979;0,101
1.04.1979;0,1
2.04.1979;0,099
3.04.1979;0,098
4.04.1979;0,098
5.04.1979;0,098
6.04.1979;0,099
7.04.1979;0,099
8.04.1979;0,099
9.04.1979;0,099
10.04.1979;0,1
11.04.1979;0,1
12.04.1979;0,1
13.04.1979;0,101
14.04.1979;0,102
15.04.1979;0,103
16.04.1979;0,103
17.04.1979;0,104
18.04.1979;0,103
19.04.1979;0,103
20.04.1979;0,102
21.04.1979;0,101
22.04.1979;0,101
23.04.1979;0,1
24.04.1979;0,1
25.04.1979;0,098
26.04.1979;0,096
27.04.1979;0,094
28.04.1979;0,093
29.04.1979;0,094
30.04.1979;0,096
1.05.1979;0,097
2.05.1979;0,098
3.05.1979;0,1
4.05.1979;0,102
5.05.1979;0,102
6.05.1979;0,102
7.05.1979;0,102
8.05.1979;0,103
9.05.1979;0,103
10.05.1979;0,103
11.05.1979;0,102
12.05.1979;0,102
13.05.1979;0,103
14.05.1979;0,104
15.05.1979;0,105
16.05.1979;0,105
17.05.1979;0,104
18.05.1979;0,104
19.05.1979;0,105
20.05.1979;0,107
21.05.1979;0,108
22.05.1979;0,107
23.05.1979;0,106
24.05.1979;0,106
25.05.1979;0,105
26.05.1979;0,107
27.05.1979;0,108
28.05.1979;0,11
29.05.1979;0,111
30.05.1979;0,113
31.05.1979;0,114
1.06.1979;0,115
2.06.1979;0,117
3.06.1979;0,118
4.06.1979;0,113
5.06.1979;0,107
6.06.1979;0,101
7.06.1979;0,102
8.06.1979;0,102
9.06.1979;0,103
10.06.1979;0,103
11.06.1979;0,104
12.06.1979;0,107
13.06.1979;0,111
14.06.1979;0,113
15.06.1979;0,116
16.06.1979;0,119
17.06.1979;0,122
18.06.1979;0,122
19.06.1979;0,123
20.06.1979;0,123
21.06.1979;0,123
22.06.1979;0,122
23.06.1979;0,121
24.06.1979;0,119
25.06.1979;0,118
26.06.1979;0,117
27.06.1979;0,116
28.06.1979;0,116
29.06.1979;0,115
30.06.1979;0,115
1.07.1979;0,116
2.07.1979;0,117
3.07.1979;0,118
4.07.1979;0,118
5.07.1979;0,116
6.07.1979;0,115
7.07.1979;0,114
8.07.1979;0,112
9.07.1979;0,111
10.07.1979;0,112
11.07.1979;0,113
12.07.1979;0,114
13.07.1979;0,114
14.07.1979;0,11
15.07.1979;0,106
16.07.1979;0,102
17.07.1979;0,098
18.07.1979;0,097
19.07.1979;0,095
20.07.1979;0,094
21.07.1979;0,093
22.07.1979;0,094
23.07.1979;0,095
24.07.1979;0,096
25.07.1979;0,095
26.07.1979;0,094
27.07.1979;0,093
28.07.1979;0,093
29.07.1979;0,092
30.07.1979;0,092
31.07.1979;0,091
1.08.1979;0,09
2.08.1979;0,089
3.08.1979;0,088
4.08.1979;0,087
5.08.1979;0,088
6.08.1979;0,089
7.08.1979;0,09
8.08.1979;0,091
9.08.1979;0,091
10.08.1979;0,091
11.08.1979;0,092
12.08.1979;0,092
13.08.1979;0,093
14.08.1979;0,095
15.08.1979;0,097
16.08.1979;0,098
17.08.1979;0,099
18.08.1979;0,101
19.08.1979;0,102
20.08.1979;0,101
21.08.1979;0,101
22.08.1979;0,1
23.08.1979;0,099
24.08.1979;0,097
25.08.1979;0,097
26.08.1979;0,096
27.08.1979;0,097
28.08.1979;0,102
29.08.1979;0,104
30.08.1979;0,105
31.08.1979;0,106
1.09.1979;0,107
2.09.1979;0,108
3.09.1979;0,11
4.09.1979;0,111
5.09.1979;0,112
6.09.1979;0,112
7.09.1979;0,112
8.09.1979;0,112
9.09.1979;0,112
10.09.1979;0,113
11.09.1979;0,113
12.09.1979;0,112
13.09.1979;0,11
14.09.1979;0,109
15.09.1979;0,108
16.09.1979;0,107
17.09.1979;0,105
18.09.1979;0,104
19.09.1979;0,103
20.09.1979;0,106
21.09.1979;0,108
22.09.1979;0,11
23.09.1979;0,111
24.09.1979;0,113
25.09.1979;0,113
26.09.1979;0,112
27.09.1979;0,112
28.09.1979;0,112
29.09.1979;0,112
30.09.1979;0,111
1.10.1979;0,111
2.10.1979;0,111
3.10.1979;0,111
4.10.1979;0,11
5.10.1979;0,11
6.10.1979;0,109
7.10.1979;0,108
8.10.1979;0,107
9.10.1979;0,106
10.10.1979;0,107
11.10.1979;0,108
12.10.1979;0,109
13.10.1979;0,11
14.10.1979;0,112
15.10.1979;0,113
16.10.1979;0,113
17.10.1979;0,113
18.10.1979;0,112
19.10.1979;0,112
20.10.1979;0,112
21.10.1979;0,112
22.10.1979;0,113
23.10.1979;0,114
24.10.1979;0,113
25.10.1979;0,112
26.10.1979;0,111
27.10.1979;0,109
28.10.1979;0,108
29.10.1979;0,107
30.10.1979;0,106
31.10.1979;0,104
1.11.1979;0,101
2.11.1979;0,099
3.11.1979;0,096
4.11.1979;0,094
5.11.1979;0,092
6.11.1979;0,089
7.11.1979;0,097
8.11.1979;0,104
9.11.1979;0,112
10.11.1979;0,112
11.11.1979;0,112
12.11.1979;0,112
13.11.1979;0,107
14.11.1979;0,102
15.11.1979;0,097
16.11.1979;0,1
17.11.1979;0,103
18.11.1979;0,106
19.11.1979;0,109
20.11.1979;0,112
21.11.1979;0,11
22.11.1979;0,107
23.11.1979;0,105
24.11.1979;0,106
25.11.1979;0,107
26.11.1979;0,108
27.11.1979;0,11
28.11.1979;0,111
29.11.1979;0,111
30.11.1979;0,111
1.12.1979;0,11
2.12.1979;0,11
3.12.1979;0,11
4.12.1979;0,11
5.12.1979;0,11
6.12.1979;0,11
7.12.1979;0,109
8.12.1979;0,109
9.12.1979;0,11
10.12.1979;0,111
11.12.1979;0,112
12.12.1979;0,113
13.12.1979;0,114
14.12.1979;0,116
15.12.1979;0,114
16.12.1979;0,113
17.12.1979;0,111
18.12.1979;0,111
19.12.1979;0,111
20.12.1979;0,111
21.12.1979;0,111
22.12.1979;0,111
23.12.1979;0,11
24.12.1979;0,11
25.12.1979;0,111
26.12.1979;0,113
27.12.1979;0,114
28.12.1979;0,117
29.12.1979;0,116
30.12.1979;0,115
31.12.1979;0,114
1.01.1980;0,113
2.01.1980;0,112
3.01.1980;0,112
4.01.1980;0,111
5.01.1980;0,109
6.01.1980;0,108
7.01.1980;0,107
8.01.1980;0,106
9.01.1980;0,105
10.01.1980;0,11
11.01.1980;0,114
12.01.1980;0,118
13.01.1980;0,118
14.01.1980;0,118
15.01.1980;0,118
16.01.1980;0,119
17.01.1980;0,119
18.01.1980;0,12
19.01.1980;0,121
20.01.1980;0,122
21.01.1980;0,124
22.01.1980;0,125
23.01.1980;0,126
24.01.1980;0,117
25.01.1980;0,11
26.01.1980;0,103
27.01.1980;0,104
28.01.1980;0,104
29.01.1980;0,105
30.01.1980;0,107
31.01.1980;0,108
1.02.1980;0,109
2.02.1980;0,11
3.02.1980;0,111
4.02.1980;0,112
5.02.1980;0,114
6.02.1980;0,115
7.02.1980;0,117
8.02.1980;0,115
9.02.1980;0,113
10.02.1980;0,111
11.02.1980;0,11
12.02.1980;0,108
13.02.1980;0,115
14.02.1980;0,122
15.02.1980;0,127
16.02.1980;0,133
17.02.1980;0,126
18.02.1980;0,12
19.02.1980;0,115
20.02.1980;0,115
21.02.1980;0,115
22.02.1980;0,116
23.02.1980;0,116
24.02.1980;0,116
25.02.1980;0,115
26.02.1980;0,115
27.02.1980;0,115
28.02.1980;0,115
29.02.1980;0,115
1.03.1980;0,114
2.03.1980;0,114
3.03.1980;0,114
4.03.1980;0,114
5.03.1980;0,114
6.03.1980;0,114
7.03.1980;0,114
8.03.1980;0,113
9.03.1980;0,111
10.03.1980;0,109
11.03.1980;0,108
12.03.1980;0,109
13.03.1980;0,111
14.03.1980;0,113
15.03.1980;0,115
16.03.1980;0,117
17.03.1980;0,116
18.03.1980;0,115
19.03.1980;0,114
20.03.1980;0,113
21.03.1980;0,112
22.03.1980;0,113
23.03.1980;0,114
24.03.1980;0,116
25.03.1980;0,116
26.03.1980;0,116
27.03.1980;0,115
28.03.1980;0,115
29.03.1980;0,115
30.03.1980;0,115
31.03.1980;0,115
1.04.1980;0,115
2.04.1980;0,114
3.04.1980;0,114
4.04.1980;0,114
5.04.1980;0,114
6.04.1980;0,113
7.04.1980;0,113
8.04.1980;0,114
9.04.1980;0,115
10.04.1980;0,117
11.04.1980;0,126
12.04.1980;0,137
13.04.1980;0,143
14.04.1980;0,136
15.04.1980;0,122
16.04.1980;0,128
17.04.1980;0,128
18.04.1980;0,128
19.04.1980;0,128
20.04.1980;0,128
21.04.1980;0,128
22.04.1980;0,128
23.04.1980;0,129
24.04.1980;0,129
25.04.1980;0,129
26.04.1980;0,13
27.04.1980;0,13
28.04.1980;0,13
29.04.1980;0,128
30.04.1980;0,126
1.05.1980;0,125
2.05.1980;0,123
3.05.1980;0,121
4.05.1980;0,12
5.05.1980;0,118
6.05.1980;0,119
7.05.1980;0,12
8.05.1980;0,122
9.05.1980;0,123
10.05.1980;0,124
11.05.1980;0,125
12.05.1980;0,127
13.05.1980;0,13
14.05.1980;0,132
15.05.1980;0,135
16.05.1980;0,137
17.05.1980;0,14
18.05.1980;0,142
19.05.1980;0,141
20.05.1980;0,14
21.05.1980;0,139
22.05.1980;0,138
23.05.1980;0,142
24.05.1980;0,146
25.05.1980;0,151
26.05.1980;0,148
27.05.1980;0,146
28.05.1980;0,143
29.05.1980;0,14
30.05.1980;0,137
31.05.1980;0,134
1.06.1980;0,132
2.06.1980;0,128
3.06.1980;0,126
4.06.1980;0,123
5.06.1980;0,121
6.06.1980;0,121
7.06.1980;0,12
8.06.1980;0,12
9.06.1980;0,12
10.06.1980;0,12
11.06.1980;0,12
12.06.1980;0,12
13.06.1980;0,134
14.06.1980;0,146
15.06.1980;0,155
16.06.1980;0,145
17.06.1980;0,135
18.06.1980;0,125
19.06.1980;0,118
20.06.1980;0,118
21.06.1980;0,119
22.06.1980;0,119
23.06.1980;0,119
24.06.1980;0,119
25.06.1980;0,12
26.06.1980;0,12
27.06.1980;0,12
28.06.1980;0,118
29.06.1980;0,116
30.06.1980;0,115
1.07.1980;0,109
2.07.1980;0,111
3.07.1980;0,112
4.07.1980;0,112
5.07.1980;0,111
6.07.1980;0,11
7.07.1980;0,109
8.07.1980;0,108
9.07.1980;0,108
10.07.1980;0,108
11.07.1980;0,108
12.07.1980;0,108
13.07.1980;0,108
14.07.1980;0,108
15.07.1980;0,108
16.07.1980;0,108
17.07.1980;0,108
18.07.1980;0,108
19.07.1980;0,108
20.07.1980;0,107
21.07.1980;0,107
22.07.1980;0,106
23.07.1980;0,106
24.07.1980;0,105
25.07.1980;0,106
26.07.1980;0,107
27.07.1980;0,108
28.07.1980;0,108
29.07.1980;0,108
30.07.1980;0,108
31.07.1980;0,108
1.08.1980;0,107
2.08.1980;0,107
3.08.1980;0,107
4.08.1980;0,107
5.08.1980;0,107
6.08.1980;0,108
7.08.1980;0,108
8.08.1980;0,108
9.08.1980;0,109
10.08.1980;0,11
11.08.1980;0,11
12.08.1980;0,111
13.08.1980;0,11
14.08.1980;0,11
15.08.1980;0,109
16.08.1980;0,108
17.08.1980;0,108
18.08.1980;0,11
19.08.1980;0,111
20.08.1980;0,111
21.08.1980;0,111
22.08.1980;0,11
23.08.1980;0,11
24.08.1980;0,11
25.08.1980;0,11
26.08.1980;0,11
27.08.1980;0,11
28.08.1980;0,11
29.08.1980;0,11
30.08.1980;0,111
31.08.1980;0,111
1.09.1980;0,112
2.09.1980;0,112
3.09.1980;0,113
4.09.1980;0,113
5.09.1980;0,114
6.09.1980;0,114
7.09.1980;0,112
8.09.1980;0,106
9.09.1980;0,105
10.09.1980;0,105
11.09.1980;0,104
12.09.1980;0,103
13.09.1980;0,102
14.09.1980;0,102
15.09.1980;0,102
16.09.1980;0,102
17.09.1980;0,103
18.09.1980;0,103
19.09.1980;0,104
20.09.1980;0,104
21.09.1980;0,097
22.09.1980;0,095
23.09.1980;0,095
24.09.1980;0,098
25.09.1980;0,1
26.09.1980;0,102
27.09.1980;0,103
28.09.1980;0,103
29.09.1980;0,11
30.09.1980;0,113
1.10.1980;0,114
2.10.1980;0,115
3.10.1980;0,117
4.10.1980;0,117
5.10.1980;0,115
6.10.1980;0,113
7.10.1980;0,113
8.10.1980;0,113
9.10.1980;0,113
10.10.1980;0,113
11.10.1980;0,113
12.10.1980;0,113
13.10.1980;0,113
14.10.1980;0,114
15.10.1980;0,114
16.10.1980;0,114
17.10.1980;0,114
18.10.1980;0,114
19.10.1980;0,114
20.10.1980;0,114
21.10.1980;0,114
22.10.1980;0,114
23.10.1980;0,114
24.10.1980;0,114
25.10.1980;0,114
26.10.1980;0,114
27.10.1980;0,114
28.10.1980;0,114
29.10.1980;0,115
30.10.1980;0,115
31.10.1980;0,111
1.11.1980;0,11
2.11.1980;0,108
3.11.1980;0,107
4.11.1980;0,107
5.11.1980;0,107
6.11.1980;0,108
7.11.1980;0,11
8.11.1980;0,111
9.11.1980;0,112
10.11.1980;0,111
11.11.1980;0,11
12.11.1980;0,11
13.11.1980;0,12
14.11.1980;0,121
15.11.1980;0,121
16.11.1980;0,118
17.11.1980;0,113
18.11.1980;0,11
19.11.1980;0,112
20.11.1980;0,114
21.11.1980;0,116
22.11.1980;0,116
23.11.1980;0,117
24.11.1980;0,117
25.11.1980;0,118
26.11.1980;0,118
27.11.1980;0,118
28.11.1980;0,119
29.11.1980;0,119
30.11.1980;0,12
1.12.1980;0,121
2.12.1980;0,121
3.12.1980;0,121
4.12.1980;0,122
5.12.1980;0,125
6.12.1980;0,127
7.12.1980;0,13
8.12.1980;0,133
9.12.1980;0,141
10.12.1980;0,16
11.12.1980;0,167
12.12.1980;0,16
13.12.1980;0,151
14.12.1980;0,14
15.12.1980;0,127
16.12.1980;0,127
17.12.1980;0,127
18.12.1980;0,127
19.12.1980;0,137
20.12.1980;0,149
21.12.1980;0,16
22.12.1980;0,173
23.12.1980;0,17
24.12.1980;0,167
25.12.1980;0,164
26.12.1980;0,161
27.12.1980;0,158
28.12.1980;0,155
29.12.1980;0,152
30.12.1980;0,149
31.12.1980;0,146
1.01.1981;0,131
2.01.1981;0,126
3.01.1981;0,122
4.01.1981;0,118
5.01.1981;0,118
6.01.1981;0,119
7.01.1981;0,119
8.01.1981;0,12
9.01.1981;0,125
10.01.1981;0,127
11.01.1981;0,129
12.01.1981;0,128
13.01.1981;0,126
14.01.1981;0,125
15.01.1981;0,123
16.01.1981;0,123
17.01.1981;0,122
18.01.1981;0,122
19.01.1981;0,122
20.01.1981;0,122
21.01.1981;0,123
22.01.1981;0,123
23.01.1981;0,123
24.01.1981;0,123
25.01.1981;0,123
26.01.1981;0,122
27.01.1981;0,121
28.01.1981;0,121
29.01.1981;0,122
30.01.1981;0,122
31.01.1981;0,122
1.02.1981;0,122
2.02.1981;0,122
3.02.1981;0,122
4.02.1981;0,123
5.02.1981;0,123
6.02.1981;0,124
7.02.1981;0,124
8.02.1981;0,124
9.02.1981;0,123
10.02.1981;0,122
11.02.1981;0,121
12.02.1981;0,122
13.02.1981;0,124
14.02.1981;0,125
15.02.1981;0,124
16.02.1981;0,124
17.02.1981;0,124
18.02.1981;0,124
19.02.1981;0,124
20.02.1981;0,124
21.02.1981;0,124
22.02.1981;0,124
23.02.1981;0,124
24.02.1981;0,124
25.02.1981;0,124
26.02.1981;0,124
27.02.1981;0,124
28.02.1981;0,124
1.03.1981;0,136
2.03.1981;0,148
3.03.1981;0,151
4.03.1981;0,169
5.03.1981;0,18
6.03.1981;0,163
7.03.1981;0,147
8.03.1981;0,13
9.03.1981;0,132
10.03.1981;0,136
11.03.1981;0,139
12.03.1981;0,138
13.03.1981;0,138
14.03.1981;0,138
15.03.1981;0,138
16.03.1981;0,14
17.03.1981;0,143
18.03.1981;0,145
19.03.1981;0,148
20.03.1981;0,161
21.03.1981;0,17
22.03.1981;0,184
23.03.1981;0,176
24.03.1981;0,166
25.03.1981;0,155
26.03.1981;0,144
27.03.1981;0,142
28.03.1981;0,141
29.03.1981;0,14
30.03.1981;0,138
31.03.1981;0,137
1.04.1981;0,136
2.04.1981;0,134
3.04.1981;0,132
4.04.1981;0,131
5.04.1981;0,13
6.04.1981;0,129
7.04.1981;0,128
8.04.1981;0,126
9.04.1981;0,124
10.04.1981;0,122
11.04.1981;0,12
12.04.1981;0,126
13.04.1981;0,134
14.04.1981;0,138
15.04.1981;0,136
16.04.1981;0,134
17.04.1981;0,132
18.04.1981;0,13
19.04.1981;0,128
20.04.1981;0,126
21.04.1981;0,124
22.04.1981;0,123
23.04.1981;0,121
24.04.1981;0,124
25.04.1981;0,128
26.04.1981;0,133
27.04.1981;0,137
28.04.1981;0,136
29.04.1981;0,132
30.04.1981;0,133
1.05.1981;0,133
2.05.1981;0,134
3.05.1981;0,135
4.05.1981;0,135
5.05.1981;0,136
6.05.1981;0,137
7.05.1981;0,138
8.05.1981;0,139
9.05.1981;0,139
10.05.1981;0,139
11.05.1981;0,14
12.05.1981;0,14
13.05.1981;0,14
14.05.1981;0,14
15.05.1981;0,14
16.05.1981;0,14
17.05.1981;0,14
18.05.1981;0,14
19.05.1981;0,137
20.05.1981;0,134
21.05.1981;0,131
22.05.1981;0,128
23.05.1981;0,134
24.05.1981;0,139
25.05.1981;0,143
26.05.1981;0,142
27.05.1981;0,141
28.05.1981;0,14
29.05.1981;0,139
30.05.1981;0,139
31.05.1981;0,14
1.06.1981;0,14
2.06.1981;0,141
3.06.1981;0,141
4.06.1981;0,141
5.06.1981;0,141
6.06.1981;0,141
7.06.1981;0,142
8.06.1981;0,142
9.06.1981;0,141
10.06.1981;0,14
11.06.1981;0,14
12.06.1981;0,139
13.06.1981;0,138
14.06.1981;0,137
15.06.1981;0,136
16.06.1981;0,135
17.06.1981;0,135
18.06.1981;0,135
19.06.1981;0,135
20.06.1981;0,135
21.06.1981;0,136
22.06.1981;0,136
23.06.1981;0,135
24.06.1981;0,134
25.06.1981;0,133
26.06.1981;0,132
27.06.1981;0,131
28.06.1981;0,131
29.06.1981;0,131
30.06.1981;0,132
1.07.1981;0,132
2.07.1981;0,132
3.07.1981;0,133
4.07.1981;0,134
5.07.1981;0,134
6.07.1981;0,134
7.07.1981;0,135
8.07.1981;0,134
9.07.1981;0,132
10.07.1981;0,131
11.07.1981;0,13
12.07.1981;0,134
13.07.1981;0,138
14.07.1981;0,142
15.07.1981;0,145
16.07.1981;0,145
17.07.1981;0,146
18.07.1981;0,146
19.07.1981;0,146
20.07.1981;0,145
21.07.1981;0,144
22.07.1981;0,143
23.07.1981;0,142
24.07.1981;0,141
25.07.1981;0,142
26.07.1981;0,142
27.07.1981;0,143
28.07.1981;0,144
29.07.1981;0,144
30.07.1981;0,144
31.07.1981;0,144
1.08.1981;0,144
2.08.1981;0,144
3.08.1981;0,144
4.08.1981;0,144
5.08.1981;0,144
6.08.1981;0,144
7.08.1981;0,144
8.08.1981;0,144
9.08.1981;0,144
10.08.1981;0,144
11.08.1981;0,145
12.08.1981;0,145
13.08.1981;0,146
14.08.1981;0,147
15.08.1981;0,147
16.08.1981;0,143
17.08.1981;0,14
18.08.1981;0,139
19.08.1981;0,139
20.08.1981;0,139
21.08.1981;0,14
22.08.1981;0,14
23.08.1981;0,14
24.08.1981;0,14
25.08.1981;0,14
26.08.1981;0,14
27.08.1981;0,141
28.08.1981;0,141
29.08.1981;0,141
30.08.1981;0,141
31.08.1981;0,141
1.09.1981;0,141
2.09.1981;0,141
3.09.1981;0,141
4.09.1981;0,14
5.09.1981;0,14
6.09.1981;0,138
7.09.1981;0,138
8.09.1981;0,138
9.09.1981;0,139
10.09.1981;0,139
11.09.1981;0,14
12.09.1981;0,141
13.09.1981;0,148
14.09.1981;0,156
15.09.1981;0,164
16.09.1981;0,172
17.09.1981;0,161
18.09.1981;0,151
19.09.1981;0,14
20.09.1981;0,138
21.09.1981;0,137
22.09.1981;0,135
23.09.1981;0,133
24.09.1981;0,131
25.09.1981;0,13
26.09.1981;0,129
27.09.1981;0,131
28.09.1981;0,133
29.09.1981;0,136
30.09.1981;0,137
1.10.1981;0,139
2.10.1981;0,141
3.10.1981;0,143
4.10.1981;0,145
5.10.1981;0,157
6.10.1981;0,166
7.10.1981;0,174
8.10.1981;0,176
9.10.1981;0,177
10.10.1981;0,178
11.10.1981;0,179
12.10.1981;0,171
13.10.1981;0,165
14.10.1981;0,157
15.10.1981;0,15
16.10.1981;0,146
17.10.1981;0,144
18.10.1981;0,143
19.10.1981;0,142
20.10.1981;0,141
21.10.1981;0,141
22.10.1981;0,142
23.10.1981;0,143
24.10.1981;0,144
25.10.1981;0,145
26.10.1981;0,146
27.10.1981;0,147
28.10.1981;0,147
29.10.1981;0,146
30.10.1981;0,145
31.10.1981;0,143
1.11.1981;0,142
2.11.1981;0,141
3.11.1981;0,14
4.11.1981;0,138
5.11.1981;0,136
6.11.1981;0,133
7.11.1981;0,133
8.11.1981;0,134
9.11.1981;0,136
10.11.1981;0,137
11.11.1981;0,137
12.11.1981;0,137
13.11.1981;0,136
14.11.1981;0,136
15.11.1981;0,136
16.11.1981;0,136
17.11.1981;0,136
18.11.1981;0,136
19.11.1981;0,136
20.11.1981;0,136
21.11.1981;0,136
22.11.1981;0,136
23.11.1981;0,136
24.11.1981;0,136
25.11.1981;0,136
26.11.1981;0,135
27.11.1981;0,135
28.11.1981;0,135
29.11.1981;0,135
30.11.1981;0,135
1.12.1981;0,135
2.12.1981;0,135
3.12.1981;0,134
4.12.1981;0,134
5.12.1981;0,138
6.12.1981;0,144
7.12.1981;0,152
8.12.1981;0,154
9.12.1981;0,152
10.12.1981;0,15
11.12.1981;0,149
12.12.1981;0,148
13.12.1981;0,147
14.12.1981;0,144
15.12.1981;0,143
16.12.1981;0,143
17.12.1981;0,143
18.12.1981;0,143
19.12.1981;0,143
20.12.1981;0,143
21.12.1981;0,143
22.12.1981;0,143
23.12.1981;0,143
24.12.1981;0,143
25.12.1981;0,143
26.12.1981;0,143
27.12.1981;0,143
28.12.1981;0,143
29.12.1981;0,143
30.12.1981;0,143
31.12.1981;0,143
1.01.1982;0,142
2.01.1982;0,143
3.01.1982;0,144
4.01.1982;0,144
5.01.1982;0,148
6.01.1982;0,152
7.01.1982;0,156
8.01.1982;0,159
9.01.1982;0,156
10.01.1982;0,154
11.01.1982;0,151
12.01.1982;0,149
13.01.1982;0,148
14.01.1982;0,146
15.01.1982;0,145
16.01.1982;0,144
17.01.1982;0,143
18.01.1982;0,142
19.01.1982;0,142
20.01.1982;0,141
21.01.1982;0,14
22.01.1982;0,14
23.01.1982;0,14
24.01.1982;0,139
25.01.1982;0,139
26.01.1982;0,138
27.01.1982;0,138
28.01.1982;0,137
29.01.1982;0,137
30.01.1982;0,136
31.01.1982;0,136
1.02.1982;0,136
2.02.1982;0,135
3.02.1982;0,135
4.02.1982;0,135
5.02.1982;0,137
6.02.1982;0,139
7.02.1982;0,141
8.02.1982;0,143
9.02.1982;0,139
10.02.1982;0,136
11.02.1982;0,132
12.02.1982;0,128
13.02.1982;0,128
14.02.1982;0,129
15.02.1982;0,13
16.02.1982;0,132
17.02.1982;0,134
18.02.1982;0,135
19.02.1982;0,137
20.02.1982;0,139
21.02.1982;0,141
22.02.1982;0,143
23.02.1982;0,145
24.02.1982;0,146
25.02.1982;0,135
26.02.1982;0,123
27.02.1982;0,116
28.02.1982;0,123
1.03.1982;0,127
2.03.1982;0,133
3.03.1982;0,137
4.03.1982;0,143
5.03.1982;0,143
6.03.1982;0,142
7.03.1982;0,142
8.03.1982;0,142
9.03.1982;0,142
10.03.1982;0,141
11.03.1982;0,141
12.03.1982;0,14
13.03.1982;0,14
14.03.1982;0,14
15.03.1982;0,14
16.03.1982;0,141
17.03.1982;0,141
18.03.1982;0,141
19.03.1982;0,141
20.03.1982;0,141
21.03.1982;0,141
22.03.1982;0,141
23.03.1982;0,142
24.03.1982;0,142
25.03.1982;0,143
26.03.1982;0,143
27.03.1982;0,144
28.03.1982;0,144
29.03.1982;0,144
30.03.1982;0,145
31.03.1982;0,146
1.04.1982;0,147
2.04.1982;0,148
3.04.1982;0,149
4.04.1982;0,15
5.04.1982;0,152
6.04.1982;0,154
7.04.1982;0,156
8.04.1982;0,159
9.04.1982;0,157
10.04.1982;0,156
11.04.1982;0,155
12.04.1982;0,153
13.04.1982;0,152
14.04.1982;0,148
15.04.1982;0,142
16.04.1982;0,133
17.04.1982;0,128
18.04.1982;0,126
19.04.1982;0,124
20.04.1982;0,125
21.04.1982;0,13
22.04.1982;0,131
23.04.1982;0,133
24.04.1982;0,137
25.04.1982;0,141
26.04.1982;0,15
27.04.1982;0,164
28.04.1982;0,187
29.04.1982;0,183
30.04.1982;0,18
1.05.1982;0,176
2.05.1982;0,173
3.05.1982;0,17
4.05.1982;0,169
5.05.1982;0,167
6.05.1982;0,161
7.05.1982;0,155
8.05.1982;0,15
9.05.1982;0,141
10.05.1982;0,139
11.05.1982;0,138
12.05.1982;0,138
13.05.1982;0,137
14.05.1982;0,136
15.05.1982;0,136
16.05.1982;0,13
17.05.1982;0,128
18.05.1982;0,126
19.05.1982;0,123
20.05.1982;0,125
21.05.1982;0,126
22.05.1982;0,128
23.05.1982;0,129
24.05.1982;0,13
25.05.1982;0,13
26.05.1982;0,13
27.05.1982;0,129
28.05.1982;0,129
29.05.1982;0,13
30.05.1982;0,131
31.05.1982;0,132
1.06.1982;0,133
2.06.1982;0,134
3.06.1982;0,135
4.06.1982;0,133
5.06.1982;0,129
6.06.1982;0,127
7.06.1982;0,126
8.06.1982;0,125
9.06.1982;0,125
10.06.1982;0,124
11.06.1982;0,124
12.06.1982;0,127
13.06.1982;0,128
14.06.1982;0,129
15.06.1982;0,13
16.06.1982;0,131
17.06.1982;0,125
18.06.1982;0,123
19.06.1982;0,122
20.06.1982;0,12
21.06.1982;0,121
22.06.1982;0,122
23.06.1982;0,122
24.06.1982;0,123
25.06.1982;0,123
26.06.1982;0,124
27.06.1982;0,127
28.06.1982;0,128
29.06.1982;0,13
30.06.1982;0,131
1.07.1982;0,132
2.07.1982;0,133
3.07.1982;0,134
4.07.1982;0,135
5.07.1982;0,132
6.07.1982;0,13
7.07.1982;0,13
8.07.1982;0,129
9.07.1982;0,13
10.07.1982;0,131
11.07.1982;0,132
12.07.1982;0,132
13.07.1982;0,137
14.07.1982;0,139
15.07.1982;0,141
16.07.1982;0,146
17.07.1982;0,143
18.07.1982;0,13
19.07.1982;0,126
20.07.1982;0,124
21.07.1982;0,125
22.07.1982;0,127
23.07.1982;0,128
24.07.1982;0,13
25.07.1982;0,13
26.07.1982;0,131
27.07.1982;0,131
28.07.1982;0,132
29.07.1982;0,132
30.07.1982;0,133
31.07.1982;0,13
1.08.1982;0,123
2.08.1982;0,118
3.08.1982;0,113
4.08.1982;0,111
5.08.1982;0,11
6.08.1982;0,108
7.08.1982;0,107
8.08.1982;0,104
9.08.1982;0,1
10.08.1982;0,101
11.08.1982;0,103
12.08.1982;0,104
13.08.1982;0,109
14.08.1982;0,107
15.08.1982;0,105
16.08.1982;0,103
17.08.1982;0,102
18.08.1982;0,104
19.08.1982;0,106
20.08.1982;0,109
21.08.1982;0,109
22.08.1982;0,109
23.08.1982;0,109
24.08.1982;0,108
25.08.1982;0,108
26.08.1982;0,108
27.08.1982;0,108
28.08.1982;0,108
29.08.1982;0,108
30.08.1982;0,108
31.08.1982;0,108
1.09.1982;0,106
2.09.1982;0,104
3.09.1982;0,103
4.09.1982;0,102
5.09.1982;0,1
6.09.1982;0,102
7.09.1982;0,103
8.09.1982;0,104
9.09.1982;0,105
10.09.1982;0,104
11.09.1982;0,1
12.09.1982;0,096
13.09.1982;0,093
14.09.1982;0,09
15.09.1982;0,092
16.09.1982;0,093
17.09.1982;0,095
18.09.1982;0,1
19.09.1982;0,099
20.09.1982;0,095
21.09.1982;0,09
22.09.1982;0,08
23.09.1982;0,07
24.09.1982;0,066
25.09.1982;0,064
26.09.1982;0,063
27.09.1982;0,062
28.09.1982;0,06
29.09.1982;0,059
30.09.1982;0,059
1.10.1982;0,059
2.10.1982;0,059
3.10.1982;0,059
4.10.1982;0,06
5.10.1982;0,06
6.10.1982;0,065
7.10.1982;0,07
8.10.1982;0,074
9.10.1982;0,101
10.10.1982;0,095
11.10.1982;0,085
12.10.1982;0,07
13.10.1982;0,065
14.10.1982;0,06
15.10.1982;0,06
16.10.1982;0,059
17.10.1982;0,059
18.10.1982;0,058
19.10.1982;0,058
20.10.1982;0,058
21.10.1982;0,058
22.10.1982;0,058
23.10.1982;0,058
24.10.1982;0,059
25.10.1982;0,059
26.10.1982;0,06
27.10.1982;0,062
28.10.1982;0,064
29.10.1982;0,066
30.10.1982;0,068
31.10.1982;0,068
1.11.1982;0,069
2.11.1982;0,07
3.11.1982;0,07
4.11.1982;0,071
5.11.1982;0,072
6.11.1982;0,07
7.11.1982;0,069
8.11.1982;0,068
9.11.1982;0,068
10.11.1982;0,067
11.11.1982;0,067
12.11.1982;0,068
13.11.1982;0,069
14.11.1982;0,07
15.11.1982;0,071
16.11.1982;0,072
17.11.1982;0,073
18.11.1982;0,074
19.11.1982;0,07
20.11.1982;0,067
21.11.1982;0,062
22.11.1982;0,063
23.11.1982;0,067
24.11.1982;0,069
25.11.1982;0,072
26.11.1982;0,074
27.11.1982;0,078
28.11.1982;0,079
29.11.1982;0,081
30.11.1982;0,083
1.12.1982;0,08
2.12.1982;0,078
3.12.1982;0,074
4.12.1982;0,073
5.12.1982;0,07
6.12.1982;0,068
7.12.1982;0,07
8.12.1982;0,072
9.12.1982;0,073
10.12.1982;0,075
11.12.1982;0,076
12.12.1982;0,077
13.12.1982;0,079
14.12.1982;0,079
15.12.1982;0,08
16.12.1982;0,08
17.12.1982;0,08
18.12.1982;0,08
19.12.1982;0,08
20.12.1982;0,08
21.12.1982;0,08
22.12.1982;0,079
23.12.1982;0,079
24.12.1982;0,078
25.12.1982;0,078
26.12.1982;0,078
27.12.1982;0,077
28.12.1982;0,075
29.12.1982;0,074
30.12.1982;0,073
31.12.1982;0,071
1.01.1983;0,068
2.01.1983;0,066
3.01.1983;0,064
4.01.1983;0,063
5.01.1983;0,061
6.01.1983;0,062
7.01.1983;0,063
8.01.1983;0,065
9.01.1983;0,066
10.01.1983;0,067
11.01.1983;0,071
12.01.1983;0,075
13.01.1983;0,079
14.01.1983;0,083
15.01.1983;0,087
16.01.1983;0,088
17.01.1983;0,088
18.01.1983;0,088
19.01.1983;0,088
20.01.1983;0,089
21.01.1983;0,089
22.01.1983;0,09
23.01.1983;0,087
24.01.1983;0,084
25.01.1983;0,082
26.01.1983;0,079
27.01.1983;0,076
28.01.1983;0,073
29.01.1983;0,071
30.01.1983;0,068
31.01.1983;0,066
1.02.1983;0,064
2.02.1983;0,064
3.02.1983;0,063
4.02.1983;0,063
5.02.1983;0,064
6.02.1983;0,065
7.02.1983;0,065
8.02.1983;0,066
9.02.1983;0,067
10.02.1983;0,066
11.02.1983;0,065
12.02.1983;0,064
13.02.1983;0,063
14.02.1983;0,064
15.02.1983;0,064
16.02.1983;0,065
17.02.1983;0,066
18.02.1983;0,067
19.02.1983;0,069
20.02.1983;0,078
21.02.1983;0,081
22.02.1983;0,084
23.02.1983;0,086
24.02.1983;0,09
25.02.1983;0,092
26.02.1983;0,09
27.02.1983;0,089
28.02.1983;0,088
1.03.1983;0,087
2.03.1983;0,086
3.03.1983;0,086
4.03.1983;0,086
5.03.1983;0,087
6.03.1983;0,088
7.03.1983;0,089
8.03.1983;0,09
9.03.1983;0,088
10.03.1983;0,086
11.03.1983;0,082
12.03.1983;0,081
13.03.1983;0,081
14.03.1983;0,081
15.03.1983;0,081
16.03.1983;0,081
17.03.1983;0,081
18.03.1983;0,082
19.03.1983;0,084
20.03.1983;0,086
21.03.1983;0,087
22.03.1983;0,089
23.03.1983;0,089
24.03.1983;0,089
25.03.1983;0,089
26.03.1983;0,09
27.03.1983;0,09
28.03.1983;0,09
29.03.1983;0,09
30.03.1983;0,085
31.03.1983;0,082
1.04.1983;0,078
2.04.1983;0,074
3.04.1983;0,071
4.04.1983;0,068
5.04.1983;0,066
6.04.1983;0,065
7.04.1983;0,065
8.04.1983;0,066
9.04.1983;0,066
10.04.1983;0,067
11.04.1983;0,068
12.04.1983;0,069
13.04.1983;0,07
14.04.1983;0,068
15.04.1983;0,067
16.04.1983;0,066
17.04.1983;0,065
18.04.1983;0,065
19.04.1983;0,066
20.04.1983;0,066
21.04.1983;0,066
22.04.1983;0,066
23.04.1983;0,067
24.04.1983;0,067
25.04.1983;0,068
26.04.1983;0,068
27.04.1983;0,068
28.04.1983;0,068
29.04.1983;0,068
30.04.1983;0,068
1.05.1983;0,068
2.05.1983;0,068
3.05.1983;0,068
4.05.1983;0,068
5.05.1983;0,068
6.05.1983;0,068
7.05.1983;0,068
8.05.1983;0,069
9.05.1983;0,069
10.05.1983;0,069
11.05.1983;0,07
12.05.1983;0,07
13.05.1983;0,071
14.05.1983;0,07
15.05.1983;0,07
16.05.1983;0,069
17.05.1983;0,069
18.05.1983;0,069
19.05.1983;0,069
20.05.1983;0,069
21.05.1983;0,069
22.05.1983;0,069
23.05.1983;0,069
24.05.1983;0,069
25.05.1983;0,069
26.05.1983;0,069
27.05.1983;0,069
28.05.1983;0,068
29.05.1983;0,068
30.05.1983;0,068
31.05.1983;0,067
1.06.1983;0,067
2.06.1983;0,066
3.06.1983;0,066
4.06.1983;0,065
5.06.1983;0,064
6.06.1983;0,064
7.06.1983;0,063
8.06.1983;0,063
9.06.1983;0,066
10.06.1983;0,068
11.06.1983;0,069
12.06.1983;0,071
13.06.1983;0,072
14.06.1983;0,072
15.06.1983;0,072
16.06.1983;0,072
17.06.1983;0,072
18.06.1983;0,072
19.06.1983;0,071
20.06.1983;0,071
21.06.1983;0,071
22.06.1983;0,071
23.06.1983;0,071
24.06.1983;0,072
25.06.1983;0,072
26.06.1983;0,072
27.06.1983;0,072
28.06.1983;0,073
29.06.1983;0,073
30.06.1983;0,073
1.07.1983;0,074
2.07.1983;0,075
3.07.1983;0,076
4.07.1983;0,078
5.07.1983;0,076
6.07.1983;0,075
7.07.1983;0,074
8.07.1983;0,073
9.07.1983;0,073
10.07.1983;0,072
11.07.1983;0,072
12.07.1983;0,072
13.07.1983;0,072
14.07.1983;0,072
15.07.1983;0,073
16.07.1983;0,073
17.07.1983;0,072
18.07.1983;0,072
19.07.1983;0,072
20.07.1983;0,072
21.07.1983;0,072
22.07.1983;0,073
23.07.1983;0,073
24.07.1983;0,074
25.07.1983;0,074
26.07.1983;0,075
27.07.1983;0,075
28.07.1983;0,076
29.07.1983;0,076
30.07.1983;0,077
31.07.1983;0,078
1.08.1983;0,079
2.08.1983;0,079
3.08.1983;0,079
4.08.1983;0,08
5.08.1983;0,081
6.08.1983;0,082
7.08.1983;0,083
8.08.1983;0,085
9.08.1983;0,086
10.08.1983;0,086
11.08.1983;0,086
12.08.1983;0,084
13.08.1983;0,076
14.08.1983;0,076
15.08.1983;0,075
16.08.1983;0,073
17.08.1983;0,07
18.08.1983;0,068
19.08.1983;0,066
20.08.1983;0,065
21.08.1983;0,064
22.08.1983;0,064
23.08.1983;0,065
24.08.1983;0,067
25.08.1983;0,07
26.08.1983;0,072
27.08.1983;0,074
28.08.1983;0,077
29.08.1983;0,08
30.08.1983;0,084
31.08.1983;0,088
1.09.1983;0,093
2.09.1983;0,095
3.09.1983;0,096
4.09.1983;0,095
5.09.1983;0,094
6.09.1983;0,093
7.09.1983;0,093
8.09.1983;0,095
9.09.1983;0,096
10.09.1983;0,097
11.09.1983;0,097
12.09.1983;0,098
13.09.1983;0,098
14.09.1983;0,098
15.09.1983;0,098
16.09.1983;0,097
17.09.1983;0,096
18.09.1983;0,096
19.09.1983;0,095
20.09.1983;0,095
21.09.1983;0,095
22.09.1983;0,094
23.09.1983;0,094
24.09.1983;0,094
25.09.1983;0,094
26.09.1983;0,095
27.09.1983;0,095
28.09.1983;0,096
29.09.1983;0,096
30.09.1983;0,096
1.10.1983;0,09
2.10.1983;0,084
3.10.1983;0,083
4.10.1983;0,084
5.10.1983;0,087
6.10.1983;0,09
7.10.1983;0,092
8.10.1983;0,092
9.10.1983;0,092
10.10.1983;0,092
11.10.1983;0,092
12.10.1983;0,092
13.10.1983;0,092
14.10.1983;0,092
15.10.1983;0,092
16.10.1983;0,092
17.10.1983;0,093
18.10.1983;0,093
19.10.1983;0,092
20.10.1983;0,091
21.10.1983;0,09
22.10.1983;0,088
23.10.1983;0,087
24.10.1983;0,086
25.10.1983;0,086
26.10.1983;0,086
27.10.1983;0,086
28.10.1983;0,088
29.10.1983;0,089
30.10.1983;0,09
31.10.1983;0,09
1.11.1983;0,09
2.11.1983;0,089
3.11.1983;0,089
4.11.1983;0,089
5.11.1983;0,089
6.11.1983;0,089
7.11.1983;0,089
8.11.1983;0,089
9.11.1983;0,089
10.11.1983;0,088
11.11.1983;0,087
12.11.1983;0,087
13.11.1983;0,088
14.11.1983;0,088
15.11.1983;0,089
16.11.1983;0,089
17.11.1983;0,089
18.11.1983;0,089
19.11.1983;0,088
20.11.1983;0,088
21.11.1983;0,087
22.11.1983;0,086
23.11.1983;0,086
24.11.1983;0,086
25.11.1983;0,086
26.11.1983;0,086
27.11.1983;0,086
28.11.1983;0,086
29.11.1983;0,086
30.11.1983;0,086
1.12.1983;0,087
2.12.1983;0,088
3.12.1983;0,09
4.12.1983;0,091
5.12.1983;0,091
6.12.1983;0,09
7.12.1983;0,09
8.12.1983;0,09
9.12.1983;0,09
10.12.1983;0,09
11.12.1983;0,09
12.12.1983;0,091
13.12.1983;0,091
14.12.1983;0,091
15.12.1983;0,091
16.12.1983;0,092
17.12.1983;0,092
18.12.1983;0,093
19.12.1983;0,094
20.12.1983;0,095
21.12.1983;0,096
22.12.1983;0,099
23.12.1983;0,1
24.12.1983;0,102
25.12.1983;0,102
26.12.1983;0,101
27.12.1983;0,1
28.12.1983;0,099
29.12.1983;0,098
30.12.1983;0,098
31.12.1983;0,098
1.01.1984;NA
2.01.1984;NA
3.01.1984;NA
4.01.1984;NA
5.01.1984;NA
6.01.1984;NA
7.01.1984;NA
8.01.1984;NA
9.01.1984;NA
10.01.1984;NA
11.01.1984;NA
12.01.1984;NA
13.01.1984;NA
14.01.1984;NA
15.01.1984;NA
16.01.1984;NA
17.01.1984;NA
18.01.1984;NA
19.01.1984;NA
20.01.1984;NA
21.01.1984;NA
22.01.1984;NA
23.01.1984;NA
24.01.1984;NA
25.01.1984;NA
26.01.1984;NA
27.01.1984;NA
28.01.1984;NA
29.01.1984;NA
30.01.1984;NA
31.01.1984;NA
1.02.1984;NA
2.02.1984;NA
3.02.1984;NA
4.02.1984;NA
5.02.1984;NA
6.02.1984;NA
7.02.1984;NA
8.02.1984;NA
9.02.1984;NA
10.02.1984;NA
11.02.1984;NA
12.02.1984;NA
13.02.1984;NA
14.02.1984;NA
15.02.1984;NA
16.02.1984;NA
17.02.1984;NA
18.02.1984;NA
19.02.1984;NA
20.02.1984;NA
21.02.1984;NA
22.02.1984;NA
23.02.1984;NA
24.02.1984;NA
25.02.1984;NA
26.02.1984;NA
27.02.1984;NA
28.02.1984;NA
29.02.1984;NA
1.03.1984;NA
2.03.1984;NA
3.03.1984;NA
4.03.1984;NA
5.03.1984;NA
6.03.1984;NA
7.03.1984;NA
8.03.1984;NA
9.03.1984;NA
10.03.1984;NA
11.03.1984;NA
12.03.1984;NA
13.03.1984;NA
14.03.1984;NA
15.03.1984;NA
16.03.1984;NA
17.03.1984;NA
18.03.1984;NA
19.03.1984;NA
20.03.1984;NA
21.03.1984;NA
22.03.1984;NA
23.03.1984;NA
24.03.1984;NA
25.03.1984;NA
26.03.1984;NA
27.03.1984;NA
28.03.1984;NA
29.03.1984;NA
30.03.1984;NA
31.03.1984;NA
1.04.1984;NA
2.04.1984;NA
3.04.1984;NA
4.04.1984;NA
5.04.1984;NA
6.04.1984;NA
7.04.1984;NA
8.04.1984;NA
9.04.1984;NA
10.04.1984;NA
11.04.1984;NA
12.04.1984;NA
13.04.1984;NA
14.04.1984;NA
15.04.1984;NA
16.04.1984;NA
17.04.1984;NA
18.04.1984;NA
19.04.1984;NA
20.04.1984;NA
21.04.1984;NA
22.04.1984;NA
23.04.1984;NA
24.04.1984;NA
25.04.1984;NA
26.04.1984;NA
27.04.1984;NA
28.04.1984;NA
29.04.1984;NA
30.04.1984;NA
1.05.1984;NA
2.05.1984;NA
3.05.1984;NA
4.05.1984;NA
5.05.1984;NA
6.05.1984;NA
7.05.1984;NA
8.05.1984;NA
9.05.1984;NA
10.05.1984;NA
11.05.1984;NA
12.05.1984;NA
13.05.1984;NA
14.05.1984;NA
15.05.1984;NA
16.05.1984;NA
17.05.1984;NA
18.05.1984;NA
19.05.1984;NA
20.05.1984;NA
21.05.1984;NA
22.05.1984;NA
23.05.1984;NA
24.05.1984;NA
25.05.1984;NA
26.05.1984;NA
27.05.1984;NA
28.05.1984;NA
29.05.1984;NA
30.05.1984;NA
31.05.1984;NA
1.06.1984;NA
2.06.1984;NA
3.06.1984;NA
4.06.1984;NA
5.06.1984;NA
6.06.1984;NA
7.06.1984;NA
8.06.1984;NA
9.06.1984;NA
10.06.1984;NA
11.06.1984;NA
12.06.1984;NA
13.06.1984;NA
14.06.1984;NA
15.06.1984;NA
16.06.1984;NA
17.06.1984;NA
18.06.1984;NA
19.06.1984;NA
20.06.1984;NA
21.06.1984;NA
22.06.1984;NA
23.06.1984;NA
24.06.1984;NA
25.06.1984;NA
26.06.1984;NA
27.06.1984;NA
28.06.1984;NA
29.06.1984;NA
30.06.1984;NA
1.07.1984;NA
2.07.1984;NA
3.07.1984;NA
4.07.1984;NA
5.07.1984;NA
6.07.1984;NA
7.07.1984;NA
8.07.1984;NA
9.07.1984;NA
10.07.1984;NA
11.07.1984;NA
12.07.1984;NA
13.07.1984;NA
14.07.1984;NA
15.07.1984;NA
16.07.1984;NA
17.07.1984;NA
18.07.1984;NA
19.07.1984;NA
20.07.1984;NA
21.07.1984;NA
22.07.1984;NA
23.07.1984;NA
24.07.1984;NA
25.07.1984;NA
26.07.1984;NA
27.07.1984;NA
28.07.1984;NA
29.07.1984;NA
30.07.1984;NA
31.07.1984;NA
1.08.1984;NA
2.08.1984;NA
3.08.1984;NA
4.08.1984;NA
5.08.1984;NA
6.08.1984;NA
7.08.1984;NA
8.08.1984;NA
9.08.1984;NA
10.08.1984;NA
11.08.1984;NA
12.08.1984;NA
13.08.1984;NA
14.08.1984;NA
15.08.1984;NA
16.08.1984;NA
17.08.1984;NA
18.08.1984;NA
19.08.1984;NA
20.08.1984;NA
21.08.1984;NA
22.08.1984;NA
23.08.1984;NA
24.08.1984;NA
25.08.1984;NA
26.08.1984;NA
27.08.1984;NA
28.08.1984;NA
29.08.1984;NA
30.08.1984;NA
31.08.1984;NA
1.09.1984;NA
2.09.1984;NA
3.09.1984;NA
4.09.1984;NA
5.09.1984;NA
6.09.1984;NA
7.09.1984;NA
8.09.1984;NA
9.09.1984;NA
10.09.1984;NA
11.09.1984;NA
12.09.1984;NA
13.09.1984;NA
14.09.1984;NA
15.09.1984;NA
16.09.1984;NA
17.09.1984;NA
18.09.1984;NA
19.09.1984;NA
20.09.1984;NA
21.09.1984;NA
22.09.1984;NA
23.09.1984;NA
24.09.1984;NA
25.09.1984;NA
26.09.1984;NA
27.09.1984;NA
28.09.1984;NA
29.09.1984;NA
30.09.1984;NA
1.10.1984;NA
2.10.1984;NA
3.10.1984;NA
4.10.1984;NA
5.10.1984;NA
6.10.1984;NA
7.10.1984;NA
8.10.1984;NA
9.10.1984;NA
10.10.1984;NA
11.10.1984;NA
12.10.1984;NA
13.10.1984;NA
14.10.1984;NA
15.10.1984;NA
16.10.1984;NA
17.10.1984;NA
18.10.1984;NA
19.10.1984;NA
20.10.1984;NA
21.10.1984;NA
22.10.1984;NA
23.10.1984;NA
24.10.1984;NA
25.10.1984;NA
26.10.1984;NA
27.10.1984;NA
28.10.1984;NA
29.10.1984;NA
30.10.1984;NA
31.10.1984;NA
1.11.1984;NA
2.11.1984;NA
3.11.1984;NA
4.11.1984;NA
5.11.1984;NA
6.11.1984;NA
7.11.1984;NA
8.11.1984;NA
9.11.1984;NA
10.11.1984;NA
11.11.1984;NA
12.11.1984;NA
13.11.1984;NA
14.11.1984;NA
15.11.1984;NA
16.11.1984;NA
17.11.1984;NA
18.11.1984;NA
19.11.1984;NA
20.11.1984;NA
21.11.1984;NA
22.11.1984;NA
23.11.1984;NA
24.11.1984;NA
25.11.1984;NA
26.11.1984;NA
27.11.1984;NA
28.11.1984;NA
29.11.1984;NA
30.11.1984;NA
1.12.1984;NA
2.12.1984;NA
3.12.1984;NA
4.12.1984;NA
5.12.1984;NA
6.12.1984;NA
7.12.1984;NA
8.12.1984;NA
9.12.1984;NA
10.12.1984;NA
11.12.1984;NA
12.12.1984;NA
13.12.1984;NA
14.12.1984;NA
15.12.1984;NA
16.12.1984;NA
17.12.1984;NA
18.12.1984;NA
19.12.1984;NA
20.12.1984;NA
21.12.1984;NA
22.12.1984;NA
23.12.1984;NA
24.12.1984;NA
25.12.1984;NA
26.12.1984;NA
27.12.1984;NA
28.12.1984;NA
29.12.1984;NA
30.12.1984;NA
31.12.1984;NA
1.01.1985;0,174
2.01.1985;0,17
3.01.1985;0,169
4.01.1985;0,168
5.01.1985;0,168
6.01.1985;0,168
7.01.1985;0,168
8.01.1985;0,168
9.01.1985;0,17
10.01.1985;0,175
11.01.1985;0,182
12.01.1985;0,185
13.01.1985;0,184
14.01.1985;0,183
15.01.1985;0,181
16.01.1985;0,18
17.01.1985;0,186
18.01.1985;0,193
19.01.1985;0,202
20.01.1985;0,207
21.01.1985;0,207
22.01.1985;0,207
23.01.1985;0,207
24.01.1985;0,207
25.01.1985;0,204
26.01.1985;0,202
27.01.1985;0,2
28.01.1985;0,198
29.01.1985;0,195
30.01.1985;0,192
31.01.1985;0,19
1.02.1985;0,189
2.02.1985;0,188
3.02.1985;0,186
4.02.1985;0,185
5.02.1985;0,184
6.02.1985;0,184
7.02.1985;0,184
8.02.1985;0,184
9.02.1985;0,183
10.02.1985;0,183
11.02.1985;0,187
12.02.1985;0,192
13.02.1985;0,199
14.02.1985;0,204
15.02.1985;0,204
16.02.1985;0,204
17.02.1985;0,204
18.02.1985;0,205
19.02.1985;0,198
20.02.1985;0,191
21.02.1985;0,18
22.02.1985;0,173
23.02.1985;0,173
24.02.1985;0,173
25.02.1985;0,173
26.02.1985;0,173
27.02.1985;0,173
28.02.1985;0,173
1.03.1985;0,173
2.03.1985;0,172
3.03.1985;0,172
4.03.1985;0,172
5.03.1985;0,174
6.03.1985;0,178
7.03.1985;0,182
8.03.1985;0,186
9.03.1985;0,184
10.03.1985;0,18
11.03.1985;0,176
12.03.1985;0,174
13.03.1985;0,179
14.03.1985;0,184
15.03.1985;0,189
16.03.1985;0,193
17.03.1985;0,196
18.03.1985;0,198
19.03.1985;0,2
20.03.1985;0,204
21.03.1985;0,204
22.03.1985;0,204
23.03.1985;0,204
24.03.1985;0,204
25.03.1985;0,2
26.03.1985;0,197
27.03.1985;0,193
28.03.1985;0,191
29.03.1985;0,188
30.03.1985;0,186
31.03.1985;0,183
1.04.1985;0,181
2.04.1985;0,18
3.04.1985;0,178
4.04.1985;0,174
5.04.1985;0,174
6.04.1985;0,17
7.04.1985;0,165
8.04.1985;0,162
9.04.1985;0,16
10.04.1985;0,154
11.04.1985;0,152
12.04.1985;0,151
13.04.1985;0,15
14.04.1985;0,149
15.04.1985;0,149
16.04.1985;0,148
17.04.1985;0,148
18.04.1985;0,147
19.04.1985;0,147
20.04.1985;0,146
21.04.1985;0,145
22.04.1985;0,144
23.04.1985;0,143
24.04.1985;0,143
25.04.1985;0,144
26.04.1985;0,144
27.04.1985;0,145
28.04.1985;0,145
29.04.1985;0,145
30.04.1985;0,145
1.05.1985;0,145
2.05.1985;0,145
3.05.1985;0,145
4.05.1985;0,145
5.05.1985;0,145
6.05.1985;0,145
7.05.1985;0,145
8.05.1985;0,145
9.05.1985;0,145
10.05.1985;0,145
11.05.1985;0,145
12.05.1985;0,14
13.05.1985;0,136
14.05.1985;0,13
15.05.1985;0,125
16.05.1985;0,125
17.05.1985;0,126
18.05.1985;0,126
19.05.1985;0,126
20.05.1985;0,126
21.05.1985;0,126
22.05.1985;0,126
23.05.1985;0,125
24.05.1985;0,125
25.05.1985;0,128
26.05.1985;0,13
27.05.1985;0,134
28.05.1985;0,14
29.05.1985;0,145
30.05.1985;0,145
31.05.1985;0,145
1.06.1985;0,144
2.06.1985;0,144
3.06.1985;0,144
4.06.1985;0,144
5.06.1985;0,144
6.06.1985;0,145
7.06.1985;0,146
8.06.1985;0,147
9.06.1985;0,142
10.06.1985;0,138
11.06.1985;0,133
12.06.1985;0,129
13.06.1985;0,13
14.06.1985;0,131
15.06.1985;0,133
16.06.1985;0,135
17.06.1985;0,134
18.06.1985;0,132
19.06.1985;0,13
20.06.1985;0,128
21.06.1985;0,122
22.06.1985;0,118
23.06.1985;0,113
24.06.1985;0,109
25.06.1985;0,107
26.06.1985;0,107
27.06.1985;0,106
28.06.1985;0,106
29.06.1985;0,106
30.06.1985;0,106
1.07.1985;0,105
2.07.1985;0,104
3.07.1985;0,102
4.07.1985;0,101
5.07.1985;0,1
6.07.1985;0,099
7.07.1985;0,098
8.07.1985;0,096
9.07.1985;0,095
10.07.1985;0,092
11.07.1985;0,091
12.07.1985;0,09
13.07.1985;0,09
14.07.1985;0,089
15.07.1985;0,088
16.07.1985;0,087
17.07.1985;0,086
18.07.1985;0,084
19.07.1985;0,082
20.07.1985;0,078
21.07.1985;0,076
22.07.1985;0,076
23.07.1985;0,076
24.07.1985;0,075
25.07.1985;0,075
26.07.1985;0,076
27.07.1985;0,078
28.07.1985;0,081
29.07.1985;0,084
30.07.1985;0,087
31.07.1985;0,091
1.08.1985;0,094
2.08.1985;0,098
3.08.1985;0,102
4.08.1985;0,104
5.08.1985;0,105
6.08.1985;0,104
7.08.1985;0,103
8.08.1985;0,102
9.08.1985;0,101
10.08.1985;0,1
11.08.1985;0,099
12.08.1985;0,098
13.08.1985;0,097
14.08.1985;0,096
15.08.1985;0,096
16.08.1985;0,095
17.08.1985;0,094
18.08.1985;0,093
19.08.1985;0,092
20.08.1985;0,092
21.08.1985;0,093
22.08.1985;0,096
23.08.1985;0,106
24.08.1985;0,13
25.08.1985;0,145
26.08.1985;0,146
27.08.1985;0,148
28.08.1985;0,15
29.08.1985;0,152
30.08.1985;0,155
31.08.1985;0,154
1.09.1985;0,154
2.09.1985;0,153
3.09.1985;0,153
4.09.1985;0,152
5.09.1985;0,152
6.09.1985;0,15
7.09.1985;0,148
8.09.1985;0,146
9.09.1985;0,145
10.09.1985;0,144
11.09.1985;0,142
12.09.1985;0,138
13.09.1985;0,132
14.09.1985;0,13
15.09.1985;0,127
16.09.1985;0,129
17.09.1985;0,13
18.09.1985;0,132
19.09.1985;0,135
20.09.1985;0,137
21.09.1985;0,14
22.09.1985;0,141
23.09.1985;0,142
24.09.1985;0,143
25.09.1985;0,144
26.09.1985;0,14
27.09.1985;0,134
28.09.1985;0,128
29.09.1985;0,124
30.09.1985;0,121
1.10.1985;0,125
2.10.1985;0,13
3.10.1985;0,134
4.10.1985;0,136
5.10.1985;0,138
6.10.1985;0,136
7.10.1985;0,134
8.10.1985;0,132
9.10.1985;0,13
10.10.1985;0,128
11.10.1985;0,127
12.10.1985;0,126
13.10.1985;0,126
14.10.1985;0,125
15.10.1985;0,124
16.10.1985;0,124
17.10.1985;0,124
18.10.1985;0,124
19.10.1985;0,125
20.10.1985;0,125
21.10.1985;0,125
22.10.1985;0,125
23.10.1985;0,125
24.10.1985;0,125
25.10.1985;0,126
26.10.1985;0,126
27.10.1985;0,127
28.10.1985;0,127
29.10.1985;0,128
30.10.1985;0,128
31.10.1985;0,128
1.11.1985;0,127
2.11.1985;0,127
3.11.1985;0,127
4.11.1985;0,126
5.11.1985;0,126
6.11.1985;0,128
7.11.1985;0,132
8.11.1985;0,135
9.11.1985;0,139
10.11.1985;0,14
11.11.1985;0,142
12.11.1985;0,144
13.11.1985;0,145
14.11.1985;0,146
15.11.1985;0,147
16.11.1985;0,15
17.11.1985;0,152
18.11.1985;0,154
19.11.1985;0,156
20.11.1985;0,158
21.11.1985;0,158
22.11.1985;0,159
23.11.1985;0,159
24.11.1985;0,16
25.11.1985;0,16
26.11.1985;0,16
27.11.1985;0,159
28.11.1985;0,159
29.11.1985;0,158
30.11.1985;0,158
1.12.1985;0,158
2.12.1985;0,158
3.12.1985;0,157
4.12.1985;0,157
5.12.1985;0,156
6.12.1985;0,155
7.12.1985;0,154
8.12.1985;0,153
9.12.1985;0,152
10.12.1985;0,152
11.12.1985;0,151
12.12.1985;0,15
13.12.1985;0,148
14.12.1985;0,147
15.12.1985;0,146
16.12.1985;0,146
17.12.1985;0,143
18.12.1985;0,145
19.12.1985;0,144
20.12.1985;0,144
21.12.1985;0,145
22.12.1985;0,145
23.12.1985;0,146
24.12.1985;0,146
25.12.1985;0,147
26.12.1985;0,148
27.12.1985;0,15
28.12.1985;0,152
29.12.1985;0,154
30.12.1985;0,155
31.12.1985;0,154
1.01.1986;0,151
2.01.1986;0,152
3.01.1986;0,153
4.01.1986;0,153
5.01.1986;0,153
6.01.1986;0,153
7.01.1986;0,153
8.01.1986;0,154
9.01.1986;0,154
10.01.1986;0,153
11.01.1986;0,151
12.01.1986;0,149
13.01.1986;0,147
14.01.1986;0,146
15.01.1986;0,145
16.01.1986;0,141
17.01.1986;0,136
18.01.1986;0,132
19.01.1986;0,13
20.01.1986;0,129
21.01.1986;0,127
22.01.1986;0,124
23.01.1986;0,122
24.01.1986;0,118
25.01.1986;0,116
26.01.1986;0,116
27.01.1986;0,117
28.01.1986;0,121
29.01.1986;0,127
30.01.1986;0,13
31.01.1986;0,133
1.02.1986;0,138
2.02.1986;0,141
3.02.1986;0,145
4.02.1986;0,147
5.02.1986;0,148
6.02.1986;0,149
7.02.1986;0,151
8.02.1986;0,152
9.02.1986;0,153
10.02.1986;0,152
11.02.1986;0,152
12.02.1986;0,151
13.02.1986;0,151
14.02.1986;0,15
15.02.1986;0,15
16.02.1986;0,149
17.02.1986;0,147
18.02.1986;0,145
19.02.1986;0,142
20.02.1986;0,141
21.02.1986;0,141
22.02.1986;0,141
23.02.1986;0,14
24.02.1986;0,14
25.02.1986;0,14
26.02.1986;0,139
27.02.1986;0,137
28.02.1986;0,132
1.03.1986;0,13
2.03.1986;0,126
3.03.1986;0,123
4.03.1986;0,121
5.03.1986;0,119
6.03.1986;0,123
7.03.1986;0,126
8.03.1986;0,132
9.03.1986;0,138
10.03.1986;0,144
11.03.1986;0,145
12.03.1986;0,147
13.03.1986;0,148
14.03.1986;0,149
15.03.1986;0,15
16.03.1986;0,152
17.03.1986;0,154
18.03.1986;0,158
19.03.1986;0,165
20.03.1986;0,172
21.03.1986;0,172
22.03.1986;0,172
23.03.1986;0,171
24.03.1986;0,171
25.03.1986;0,17
26.03.1986;0,17
27.03.1986;0,171
28.03.1986;0,174
29.03.1986;0,178
30.03.1986;0,176
31.03.1986;0,173
1.04.1986;0,168
2.04.1986;0,16
3.04.1986;0,156
4.04.1986;0,154
5.04.1986;0,154
6.04.1986;0,152
7.04.1986;0,148
8.04.1986;0,145
9.04.1986;0,142
10.04.1986;0,141
11.04.1986;0,141
12.04.1986;0,142
13.04.1986;0,142
14.04.1986;0,142
15.04.1986;0,142
16.04.1986;0,142
17.04.1986;0,142
18.04.1986;0,141
19.04.1986;0,141
20.04.1986;0,141
21.04.1986;0,14
22.04.1986;0,14
23.04.1986;0,139
24.04.1986;0,139
25.04.1986;0,138
26.04.1986;0,137
27.04.1986;0,136
28.04.1986;0,135
29.04.1986;0,134
30.04.1986;0,134
1.05.1986;0,133
2.05.1986;0,133
3.05.1986;0,132
4.05.1986;0,132
5.05.1986;0,131
6.05.1986;0,132
7.05.1986;0,133
8.05.1986;0,136
9.05.1986;0,138
10.05.1986;0,139
11.05.1986;0,13
12.05.1986;0,123
13.05.1986;0,12
14.05.1986;0,119
15.05.1986;0,118
16.05.1986;0,118
17.05.1986;0,118
18.05.1986;0,118
19.05.1986;0,117
20.05.1986;0,117
21.05.1986;0,118
22.05.1986;0,12
23.05.1986;0,124
24.05.1986;0,126
25.05.1986;0,127
26.05.1986;0,126
27.05.1986;0,125
28.05.1986;0,124
29.05.1986;0,123
30.05.1986;0,12
31.05.1986;0,121
1.06.1986;0,122
2.06.1986;0,124
3.06.1986;0,126
4.06.1986;0,129
5.06.1986;0,132
6.06.1986;0,132
7.06.1986;0,132
8.06.1986;0,131
9.06.1986;0,131
10.06.1986;0,131
11.06.1986;0,126
12.06.1986;0,123
13.06.1986;0,12
14.06.1986;0,118
15.06.1986;0,116
16.06.1986;0,119
17.06.1986;0,13
18.06.1986;0,14
19.06.1986;0,148
20.06.1986;0,152
21.06.1986;0,15
22.06.1986;0,148
23.06.1986;0,147
24.06.1986;0,145
25.06.1986;0,143
26.06.1986;0,14
27.06.1986;0,138
28.06.1986;0,136
29.06.1986;0,135
30.06.1986;0,131