Region;Carpathians
Country;Slovakia
#;5
Spring Name/Station Name;Cierna vyvieracka / Slavec
Literature;Yes
Lat;48.562
Lon;20.465
Elev (m);250
Recharge Area (km2);
Start Date;1.11.2015
End Date;31.10.2024
Resolution;Daily
Data Source;https://www.shmu.sk/sk/?page=2649
Data License;Open data, Slovakian law free access
Contact For License;Peter Malik provided the data
Spring ID;CAR_05_SK
Date;Discharge m^3/s
1.11.2015;0.04066
2.11.2015;0.03953
3.11.2015;0.03825
4.11.2015;0.03713
5.11.2015;0.03591
6.11.2015;0.0339
7.11.2015;0.03273
8.11.2015;0.0314
9.11.2015;0.03089
10.11.2015;0.03046
11.11.2015;0.02958
12.11.2015;0.02853
13.11.2015;0.02749
14.11.2015;0.02703
15.11.2015;0.02717
16.11.2015;0.02757
17.11.2015;0.02601
18.11.2015;0.02633
19.11.2015;0.02661
20.11.2015;0.02706
21.11.2015;0.02939
22.11.2015;0.02939
23.11.2015;0.02698
24.11.2015;0.02692
25.11.2015;0.02746
26.11.2015;0.02845
27.11.2015;0.02811
28.11.2015;0.02859
29.11.2015;0.02896
30.11.2015;0.03004
1.12.2015;0.03564
2.12.2015;0.04075
3.12.2015;0.04304
4.12.2015;0.04358
5.12.2015;0.04369
6.12.2015;0.04288
7.12.2015;0.04188
8.12.2015;0.04085
9.12.2015;0.04104
10.12.2015;0.0411
11.12.2015;0.04056
12.12.2015;0.04056
13.12.2015;0.0405
14.12.2015;0.0387
15.12.2015;0.0369
16.12.2015;0.03588
17.12.2015;0.03459
18.12.2015;0.03482
19.12.2015;0.03437
20.12.2015;0.03378
21.12.2015;0.03361
22.12.2015;0.03313
23.12.2015;0.03301
24.12.2015;0.03244
25.12.2015;0.03236
26.12.2015;0.03222
27.12.2015;0.03236
28.12.2015;0.03236
29.12.2015;0.03236
30.12.2015;0.03196
31.12.2015;0.03168
1.01.2016;0.03244
2.01.2016;0.03236
3.01.2016;0.0327
4.01.2016;0.03397
5.01.2016;0.03491
6.01.2016;0.03381
7.01.2016;0.03397
8.01.2016;0.03273
9.01.2016;0.03137
10.01.2016;0.03258
11.01.2016;0.03787
12.01.2016;0.07481
13.01.2016;0.09877
14.01.2016;0.09307
15.01.2016;0.09281
16.01.2016;0.08896
17.01.2016;0.08072
18.01.2016;0.07507
19.01.2016;0.07084
20.01.2016;0.06795
21.01.2016;0.0646
22.01.2016;0.05851
23.01.2016;0.05561
24.01.2016;0.05436
25.01.2016;0.05264
26.01.2016;0.05135
27.01.2016;0.04949
28.01.2016;0.04851
29.01.2016;0.04612
30.01.2016;0.0446
31.01.2016;0.04608
1.02.2016;0.04608
2.02.2016;0.05182
3.02.2016;0.05708
4.02.2016;0.06385
5.02.2016;0.07057
6.02.2016;0.08036
7.02.2016;0.08535
8.02.2016;0.08809
9.02.2016;0.08983
10.02.2016;0.2188
11.02.2016;0.8099
12.02.2016;0.61251
13.02.2016;0.5276
14.02.2016;0.53897
15.02.2016;0.68934
16.02.2016;0.96247
17.02.2016;0.77442
18.02.2016;0.60278
19.02.2016;0.59254
20.02.2016;1.00515
21.02.2016;0.91175
22.02.2016;0.70596
23.02.2016;0.56372
24.02.2016;0.46707
25.02.2016;0.39236
26.02.2016;0.34695
27.02.2016;0.29887
28.02.2016;0.2636
29.02.2016;0.2414
1.03.2016;0.25633
2.03.2016;0.36725
3.03.2016;0.39848
4.03.2016;0.37002
5.03.2016;0.32692
6.03.2016;0.29807
7.03.2016;0.27965
8.03.2016;0.27073
9.03.2016;0.27569
10.03.2016;0.29238
11.03.2016;0.28428
12.03.2016;0.26288
13.03.2016;0.24198
14.03.2016;0.2239
15.03.2016;0.21334
16.03.2016;0.19972
17.03.2016;0.18815
18.03.2016;0.18566
19.03.2016;0.18079
20.03.2016;0.17261
21.03.2016;0.16849
22.03.2016;0.1638
23.03.2016;0.1571
24.03.2016;0.15225
25.03.2016;0.14275
26.03.2016;0.13375
27.03.2016;0.12624
28.03.2016;0.1217
29.03.2016;0.11831
30.03.2016;0.1124
31.03.2016;0.10837
1.04.2016;0.10561
2.04.2016;0.09913
3.04.2016;0.09536
4.04.2016;0.0943
5.04.2016;0.09357
6.04.2016;0.09132
7.04.2016;0.08915
8.04.2016;0.08729
9.04.2016;0.0858
10.04.2016;0.08208
11.04.2016;0.07752
12.04.2016;0.07444
13.04.2016;0.07291
14.04.2016;0.07193
15.04.2016;0.06892
16.04.2016;0.0665
17.04.2016;0.06517
18.04.2016;0.0624
19.04.2016;0.06054
20.04.2016;0.05863
21.04.2016;0.05661
22.04.2016;0.05679
23.04.2016;0.05708
24.04.2016;0.05708
25.04.2016;0.05565
26.04.2016;0.05368
27.04.2016;0.05196
28.04.2016;0.05046
29.04.2016;0.04875
30.04.2016;0.04763
1.05.2016;0.04743
2.05.2016;0.04696
3.05.2016;0.04696
4.05.2016;0.04669
5.05.2016;0.0448
6.05.2016;0.04456
7.05.2016;0.0445
8.05.2016;0.04396
9.05.2016;0.04372
10.05.2016;0.04311
11.05.2016;0.04325
12.05.2016;0.04358
13.05.2016;0.04473
14.05.2016;0.04514
15.05.2016;0.04595
16.05.2016;0.0447
17.05.2016;0.04355
18.05.2016;0.04237
19.05.2016;0.04139
20.05.2016;0.0404
21.05.2016;0.0394
22.05.2016;0.03889
23.05.2016;0.03819
24.05.2016;0.03828
25.05.2016;0.03806
26.05.2016;0.03687
27.05.2016;0.03568
28.05.2016;0.03523
29.05.2016;0.03498
30.05.2016;0.0345
31.05.2016;0.03389
1.06.2016;0.03341
2.06.2016;0.03304
3.06.2016;0.03298
4.06.2016;0.03236
5.06.2016;0.03202
6.06.2016;0.031
7.06.2016;0.03015
8.06.2016;0.02964
9.06.2016;0.02958
10.06.2016;0.0295
11.06.2016;0.02907
12.06.2016;0.02896
13.06.2016;0.02896
14.06.2016;0.02896
15.06.2016;0.02902
16.06.2016;0.02865
17.06.2016;0.02802
18.06.2016;0.02692
19.06.2016;0.02627
20.06.2016;0.0261
21.06.2016;0.02516
22.06.2016;0.02482
23.06.2016;0.02426
24.06.2016;0.02448
25.06.2016;0.02463
26.06.2016;0.0242
27.06.2016;0.02414
28.06.2016;0.02372
29.06.2016;0.02375
30.06.2016;0.02346
1.07.2016;0.02329
2.07.2016;0.02352
3.07.2016;0.02423
4.07.2016;0.02471
5.07.2016;0.02417
6.07.2016;0.0242
7.07.2016;0.02372
8.07.2016;0.02318
9.07.2016;0.02386
10.07.2016;0.02287
11.07.2016;0.0227
12.07.2016;0.02292
13.07.2016;0.02301
14.07.2016;0.02706
15.07.2016;0.02981
16.07.2016;0.02768
17.07.2016;0.02777
18.07.2016;0.03642
19.07.2016;0.03581
20.07.2016;0.03358
21.07.2016;0.03137
22.07.2016;0.03001
23.07.2016;0.02964
24.07.2016;0.02956
25.07.2016;0.02876
26.07.2016;0.02885
27.07.2016;0.02933
28.07.2016;0.02916
29.07.2016;0.03094
30.07.2016;0.03239
31.07.2016;0.03174
1.08.2016;0.03106
2.08.2016;0.03029
3.08.2016;0.02967
4.08.2016;0.0295
5.08.2016;0.02859
6.08.2016;0.02822
7.08.2016;0.02723
8.08.2016;0.0261
9.08.2016;0.02556
10.08.2016;0.02502
11.08.2016;0.02471
12.08.2016;0.02485
13.08.2016;0.02375
14.08.2016;0.02329
15.08.2016;0.02273
16.08.2016;0.02239
17.08.2016;0.02352
18.08.2016;0.02474
19.08.2016;0.02437
20.08.2016;0.0248
21.08.2016;0.02437
22.08.2016;0.02746
23.08.2016;0.02958
24.08.2016;0.02822
25.08.2016;0.02706
26.08.2016;0.02618
27.08.2016;0.02448
28.08.2016;0.02406
29.08.2016;0.02352
30.08.2016;0.02175
31.08.2016;0.01987
1.09.2016;0.01962
2.09.2016;0.0192
3.09.2016;0.01883
4.09.2016;0.01847
5.09.2016;0.01881
6.09.2016;0.01942
7.09.2016;0.01925
8.09.2016;0.01903
9.09.2016;0.01888
10.09.2016;0.01844
11.09.2016;0.01837
12.09.2016;0.01788
13.09.2016;0.01785
14.09.2016;0.01758
15.09.2016;0.01684
16.09.2016;0.01689
17.09.2016;0.01743
18.09.2016;0.01773
19.09.2016;0.01667
20.09.2016;0.01692
21.09.2016;0.01832
22.09.2016;0.01763
23.09.2016;0.0166
24.09.2016;0.01576
25.09.2016;0.01522
26.09.2016;0.01462
27.09.2016;0.01398
28.09.2016;0.01331
29.09.2016;0.01304
30.09.2016;0.01241
1.10.2016;0.01165
2.10.2016;0.01123
3.10.2016;0.0123
4.10.2016;0.01527
5.10.2016;0.01893
6.10.2016;0.01987
7.10.2016;0.01962
8.10.2016;0.01893
9.10.2016;0.01807
10.10.2016;0.01709
11.10.2016;0.01657
12.10.2016;0.01716
13.10.2016;0.01662
14.10.2016;0.01509
15.10.2016;0.01424
16.10.2016;0.01513
17.10.2016;0.01608
18.10.2016;0.01756
19.10.2016;0.01834
20.10.2016;0.01851
21.10.2016;0.02694
22.10.2016;0.07264
23.10.2016;0.07707
24.10.2016;0.0689
25.10.2016;0.06271
26.10.2016;0.05879
27.10.2016;0.05504
28.10.2016;0.05106
29.10.2016;0.04922
30.10.2016;0.04696
31.10.2016;0.04396
1.11.2016;0.04218
2.11.2016;0.0411
3.11.2016;0.03896
4.11.2016;0.03633
5.11.2016;0.03517
6.11.2016;0.04519
7.11.2016;0.13846
8.11.2016;0.17641
9.11.2016;0.15905
10.11.2016;0.13741
11.11.2016;0.12217
12.11.2016;0.10758
13.11.2016;0.09776
14.11.2016;0.08665
15.11.2016;0.07936
16.11.2016;0.07562
17.11.2016;0.0726
18.11.2016;0.069
19.11.2016;0.06612
20.11.2016;0.06358
21.11.2016;0.06009
22.11.2016;0.05769
23.11.2016;0.05529
24.11.2016;0.05428
25.11.2016;0.05428
26.11.2016;0.05389
27.11.2016;0.05446
28.11.2016;0.0531
29.11.2016;0.04939
30.11.2016;0.04797
1.12.2016;0.04895
2.12.2016;0.05103
3.12.2016;0.04824
4.12.2016;0.04504
5.12.2016;0.04396
6.12.2016;0.04433
7.12.2016;0.04228
8.12.2016;0.04143
9.12.2016;0.04278
10.12.2016;0.04244
11.12.2016;0.04264
12.12.2016;0.04328
13.12.2016;0.04011
14.12.2016;0.03902
15.12.2016;0.03879
16.12.2016;0.03729
17.12.2016;0.03594
18.12.2016;0.03597
19.12.2016;0.03591
20.12.2016;0.03527
21.12.2016;0.03469
22.12.2016;0.0344
23.12.2016;0.03434
24.12.2016;0.034
25.12.2016;0.03423
26.12.2016;0.03375
27.12.2016;0.03313
28.12.2016;0.03262
29.12.2016;0.0312
30.12.2016;0.03032
31.12.2016;0.03001
1.01.2017;0.02992
2.01.2017;0.03009
3.01.2017;0.02924
4.01.2017;0.02944
5.01.2017;0.02907
6.01.2017;0.02703
7.01.2017;0.02593
8.01.2017;0.02562
9.01.2017;0.02785
10.01.2017;0.02811
11.01.2017;0.0276
12.01.2017;0.02808
13.01.2017;0.02785
14.01.2017;0.02808
15.01.2017;0.02678
16.01.2017;0.0255
17.01.2017;0.02463
18.01.2017;0.02366
19.01.2017;0.02352
20.01.2017;0.02318
21.01.2017;0.02335
22.01.2017;0.02309
23.01.2017;0.02188
24.01.2017;0.02131
25.01.2017;0.02083
26.01.2017;0.02026
27.01.2017;0.01999
28.01.2017;0.02004
29.01.2017;0.01982
30.01.2017;0.01969
31.01.2017;0.01982
1.02.2017;0.01969
2.02.2017;0.01989
3.02.2017;0.02038
4.02.2017;0.02094
5.02.2017;0.02633
6.02.2017;0.04008
7.02.2017;0.0448
8.02.2017;0.03851
9.02.2017;0.03253
10.02.2017;0.02978
11.02.2017;0.02848
12.02.2017;0.02868
13.02.2017;0.0278
14.02.2017;0.02842
15.02.2017;0.02888
16.02.2017;0.02995
17.02.2017;0.03063
18.02.2017;0.02958
19.02.2017;0.03089
20.02.2017;0.03428
21.02.2017;0.03369
22.02.2017;0.04245
23.02.2017;0.12439
24.02.2017;0.21405
25.02.2017;0.23172
26.02.2017;0.22875
27.02.2017;0.16975
28.02.2017;0.1556
1.03.2017;0.16883
2.03.2017;0.23702
3.03.2017;0.22349
4.03.2017;0.20058
5.03.2017;0.18675
6.03.2017;0.20378
7.03.2017;0.26227
8.03.2017;0.24653
9.03.2017;0.22571
10.03.2017;0.20667
11.03.2017;0.18442
12.03.2017;0.16844
13.03.2017;0.15105
14.03.2017;0.13595
15.03.2017;0.12639
16.03.2017;0.1196
17.03.2017;0.11364
18.03.2017;0.11034
19.03.2017;0.10585
20.03.2017;0.09943
21.03.2017;0.09328
22.03.2017;0.08903
23.03.2017;0.08452
24.03.2017;0.08068
25.03.2017;0.07684
26.03.2017;0.07597
27.03.2017;0.07186
28.03.2017;0.07005
29.03.2017;0.06841
30.03.2017;0.06612
31.03.2017;0.06365
1.04.2017;0.06312
2.04.2017;0.06199
3.04.2017;0.05997
4.04.2017;0.05922
5.04.2017;0.0588
6.04.2017;0.05866
7.04.2017;0.05579
8.04.2017;0.05285
9.04.2017;0.05021
10.04.2017;0.04922
11.04.2017;0.04926
12.04.2017;0.0478
13.04.2017;0.04787
14.04.2017;0.04706
15.04.2017;0.04561
16.04.2017;0.04483
17.04.2017;0.04379
18.04.2017;0.04358
19.04.2017;0.0445
20.04.2017;0.0449
21.04.2017;0.04595
22.04.2017;0.04895
23.04.2017;0.0502
24.04.2017;0.04949
25.04.2017;0.05024
26.04.2017;0.05039
27.04.2017;0.04942
28.04.2017;0.04995
29.04.2017;0.05504
30.04.2017;0.05328
1.05.2017;0.05278
2.05.2017;0.05235
3.05.2017;0.05145
4.05.2017;0.59436
5.05.2017;0.49308
6.05.2017;0.38813
7.05.2017;0.33547
8.05.2017;0.29841
9.05.2017;0.253
10.05.2017;0.22232
11.05.2017;0.19153
12.05.2017;0.16743
13.05.2017;0.15835
14.05.2017;0.148
15.05.2017;0.1368
16.05.2017;0.12785
17.05.2017;0.13625
18.05.2017;0.13435
19.05.2017;0.12606
20.05.2017;0.11895
21.05.2017;0.11203
22.05.2017;0.10522
23.05.2017;0.10071
24.05.2017;0.09656
25.05.2017;0.09128
26.05.2017;0.08617
27.05.2017;0.08184
28.05.2017;0.07712
29.05.2017;0.07499
30.05.2017;0.07264
31.05.2017;0.06884
1.06.2017;0.06684
2.06.2017;0.06449
3.06.2017;0.06255
4.06.2017;0.06028
5.06.2017;0.05831
6.06.2017;0.05665
7.06.2017;0.05975
8.06.2017;0.05601
9.06.2017;0.05342
10.06.2017;0.05178
11.06.2017;0.05167
12.06.2017;0.05021
13.06.2017;0.04915
14.06.2017;0.0471
15.06.2017;0.04544
16.06.2017;0.04416
17.06.2017;0.04375
18.06.2017;0.04264
19.06.2017;0.04101
20.06.2017;0.0403
21.06.2017;0.03966
22.06.2017;0.03889
23.06.2017;0.03838
24.06.2017;0.03706
25.06.2017;0.03607
26.06.2017;0.03549
27.06.2017;0.03459
28.06.2017;0.03443
29.06.2017;0.03478
30.06.2017;0.03459
1.07.2017;0.03406
2.07.2017;0.03415
3.07.2017;0.03381
4.07.2017;0.03372
5.07.2017;0.03318
6.07.2017;0.03304
7.07.2017;0.03304
8.07.2017;0.03304
9.07.2017;0.03304
10.07.2017;0.03236
11.07.2017;0.03168
12.07.2017;0.03168
13.07.2017;0.03168
14.07.2017;0.03123
15.07.2017;0.031
16.07.2017;0.03066
17.07.2017;0.03032
18.07.2017;0.03026
19.07.2017;0.02964
20.07.2017;0.02964
21.07.2017;0.02964
22.07.2017;0.02964
23.07.2017;0.02964
24.07.2017;0.02964
25.07.2017;0.02876
26.07.2017;0.02785
27.07.2017;0.02689
28.07.2017;0.02616
29.07.2017;0.02511
30.07.2017;0.0244
31.07.2017;0.02389
1.08.2017;0.02335
2.08.2017;0.02292
3.08.2017;0.02292
4.08.2017;0.02312
5.08.2017;0.02239
6.08.2017;0.02179
7.08.2017;0.02106
8.08.2017;0.02128
9.08.2017;0.0208
10.08.2017;0.02048
11.08.2017;0.02021
12.08.2017;0.02016
13.08.2017;0.01967
14.08.2017;0.01871
15.08.2017;0.01842
16.08.2017;0.01839
17.08.2017;0.01844
18.08.2017;0.01797
19.08.2017;0.01788
20.08.2017;0.01815
21.08.2017;0.01817
22.08.2017;0.01768
23.08.2017;0.01768
24.08.2017;0.01728
25.08.2017;0.01726
26.08.2017;0.01711
27.08.2017;0.01758
28.08.2017;0.01746
29.08.2017;0.01667
30.08.2017;0.0166
31.08.2017;0.01667
1.09.2017;0.01672
2.09.2017;0.01743
3.09.2017;0.01677
4.09.2017;0.01645
5.09.2017;0.01618
6.09.2017;0.0166
7.09.2017;0.0165
8.09.2017;0.01635
9.09.2017;0.0165
10.09.2017;0.01672
11.09.2017;0.01687
12.09.2017;0.01724
13.09.2017;0.01642
14.09.2017;0.01574
15.09.2017;0.01519
16.09.2017;0.0149
17.09.2017;0.01556
18.09.2017;0.01586
19.09.2017;0.01542
20.09.2017;0.01537
21.09.2017;0.01608
22.09.2017;0.01694
23.09.2017;0.0167
24.09.2017;0.01726
25.09.2017;0.01719
26.09.2017;0.01667
27.09.2017;0.01714
28.09.2017;0.01701
29.09.2017;0.01738
30.09.2017;0.01768
1.10.2017;0.01765
2.10.2017;0.01756
3.10.2017;0.01751
4.10.2017;0.01876
5.10.2017;0.01947
6.10.2017;0.0207
7.10.2017;0.01984
8.10.2017;0.01908
9.10.2017;0.01802
10.10.2017;0.01609
11.10.2017;0.0144
12.10.2017;0.01405
13.10.2017;0.01372
14.10.2017;0.01322
15.10.2017;0.01396
16.10.2017;0.01468
17.10.2017;0.01482
18.10.2017;0.01531
19.10.2017;0.01822
20.10.2017;0.01866
21.10.2017;0.01827
22.10.2017;0.01871
23.10.2017;0.02064
24.10.2017;0.02208
25.10.2017;0.0227
26.10.2017;0.02278
27.10.2017;0.0225
28.10.2017;0.02028
29.10.2017;0.01743
30.10.2017;0.0227
31.10.2017;0.01697
1.11.2017;0.0149
2.11.2017;0.01495
3.11.2017;0.0149
4.11.2017;0.01407
5.11.2017;0.01422
6.11.2017;0.01414
7.11.2017;0.01383
8.11.2017;0.01379
9.11.2017;0.01434
10.11.2017;0.01392
11.11.2017;0.01394
12.11.2017;0.0148
13.11.2017;0.01711
14.11.2017;0.02112
15.11.2017;0.02284
16.11.2017;0.02258
17.11.2017;0.02196
18.11.2017;0.02157
19.11.2017;0.02196
20.11.2017;0.02179
21.11.2017;0.02059
22.11.2017;0.01972
23.11.2017;0.01923
24.11.2017;0.01896
25.11.2017;0.01952
26.11.2017;0.021
27.11.2017;0.04566
28.11.2017;0.044
29.11.2017;0.03857
30.11.2017;0.03742
1.12.2017;0.03611
2.12.2017;0.0327
3.12.2017;0.03134
4.12.2017;0.03049
5.12.2017;0.02888
6.12.2017;0.02768
7.12.2017;0.02686
8.12.2017;0.02647
9.12.2017;0.02715
10.12.2017;0.02652
11.12.2017;0.02624
12.12.2017;0.02599
13.12.2017;0.02723
14.12.2017;0.03776
15.12.2017;0.04656
16.12.2017;0.06641
17.12.2017;0.0849
18.12.2017;0.08556
19.12.2017;0.07813
20.12.2017;0.07197
21.12.2017;0.06734
22.12.2017;0.06392
23.12.2017;0.06054
24.12.2017;0.05787
25.12.2017;0.05446
26.12.2017;0.05196
27.12.2017;0.05124
28.12.2017;0.05231
29.12.2017;0.0641
30.12.2017;0.093
31.12.2017;0.10486
1.01.2018;0.10841
2.01.2018;0.10828
3.01.2018;0.10905
4.01.2018;0.11332
5.01.2018;0.11364
6.01.2018;0.11419
7.01.2018;0.1224
8.01.2018;0.1524
9.01.2018;0.17239
10.01.2018;0.17033
11.01.2018;0.16383
12.01.2018;0.14815
13.01.2018;0.12822
14.01.2018;0.11721
15.01.2018;0.10792
16.01.2018;0.1038
17.01.2018;0.10292
18.01.2018;0.09534
19.01.2018;0.08806
20.01.2018;0.08118
21.01.2018;0.07821
22.01.2018;0.07425
23.01.2018;0.06881
24.01.2018;0.06388
25.01.2018;0.06164
26.01.2018;0.06039
27.01.2018;0.05904
28.01.2018;0.05654
29.01.2018;0.0555
30.01.2018;0.05712
31.01.2018;0.06085
1.02.2018;0.06555
2.02.2018;0.07215
3.02.2018;0.2099
4.02.2018;0.27217
5.02.2018;0.24052
6.02.2018;0.21632
7.02.2018;0.1965
8.02.2018;0.18545
9.02.2018;0.17998
10.02.2018;0.18203
11.02.2018;0.18588
12.02.2018;0.18371
13.02.2018;0.17629
14.02.2018;0.1719
15.02.2018;0.15986
16.02.2018;0.1468
17.02.2018;0.1393
18.02.2018;0.1345
19.02.2018;0.12849
20.02.2018;0.12629
21.02.2018;0.12239
22.02.2018;0.11689
23.02.2018;0.11162
24.02.2018;0.10601
25.02.2018;0.10089
26.02.2018;0.09553
27.02.2018;0.09425
28.02.2018;0.09039
1.03.2018;0.08497
2.03.2018;0.08448
3.03.2018;0.08435
4.03.2018;0.08147
5.03.2018;0.07833
6.03.2018;0.07695
7.03.2018;0.07784
8.03.2018;0.08089
9.03.2018;0.08597
10.03.2018;0.11009
11.03.2018;0.25062
12.03.2018;0.39007
13.03.2018;0.43345
14.03.2018;0.3683
15.03.2018;0.32013
16.03.2018;0.28767
17.03.2018;0.30974
18.03.2018;0.29028
19.03.2018;0.27578
20.03.2018;0.25885
21.03.2018;0.22833
22.03.2018;0.20587
23.03.2018;0.19931
24.03.2018;0.1862
25.03.2018;0.16563
26.03.2018;0.1545
27.03.2018;0.1482
28.03.2018;0.1391
29.03.2018;0.13181
30.03.2018;0.1262
31.03.2018;0.13132
1.04.2018;0.25487
2.04.2018;0.61294
3.04.2018;0.49776
4.04.2018;0.41805
5.04.2018;0.36378
6.04.2018;0.31015
7.04.2018;0.26673
8.04.2018;0.24018
9.04.2018;0.21976
10.04.2018;0.20771
11.04.2018;0.20267
12.04.2018;0.19178
13.04.2018;0.1751
14.04.2018;0.15975
15.04.2018;0.15375
16.04.2018;0.149
17.04.2018;0.1399
18.04.2018;0.12886
19.04.2018;0.1228
20.04.2018;0.11891
21.04.2018;0.1151
22.04.2018;0.11423
23.04.2018;0.10979
24.04.2018;0.10416
25.04.2018;0.09921
26.04.2018;0.09626
27.04.2018;0.09068
28.04.2018;0.087
29.04.2018;0.08378
30.04.2018;0.0827
1.05.2018;0.07912
2.05.2018;0.07581
3.05.2018;0.07338
4.05.2018;0.0708
5.05.2018;0.06799
6.05.2018;0.06635
7.05.2018;0.06464
8.05.2018;0.06327
9.05.2018;0.06229
10.05.2018;0.06028
11.05.2018;0.05758
12.05.2018;0.05776
13.05.2018;0.05751
14.05.2018;0.05529
15.05.2018;0.05296
16.05.2018;0.05228
17.05.2018;0.04969
18.05.2018;0.04693
19.05.2018;0.04571
20.05.2018;0.04389
21.05.2018;0.04284
22.05.2018;0.0424
23.05.2018;0.04136
24.05.2018;0.04056
25.05.2018;0.03985
26.05.2018;0.03889
27.05.2018;0.03822
28.05.2018;0.03754
29.05.2018;0.03738
30.05.2018;0.03684
31.05.2018;0.03642
1.06.2018;0.036
2.06.2018;0.03559
3.06.2018;0.03546
4.06.2018;0.03514
5.06.2018;0.03507
6.06.2018;0.03482
7.06.2018;0.03438
8.06.2018;0.03504
9.06.2018;0.03472
10.06.2018;0.03403
11.06.2018;0.03433
12.06.2018;0.0892
13.06.2018;0.08751
14.06.2018;0.12374
15.06.2018;0.12075
16.06.2018;0.10111
17.06.2018;0.08038
18.06.2018;0.0669
19.06.2018;0.06051
20.06.2018;0.05798
21.06.2018;0.05425
22.06.2018;0.05678
23.06.2018;0.06488
24.06.2018;0.0993
25.06.2018;0.10979
26.06.2018;0.09931
27.06.2018;0.0878
28.06.2018;0.09415
29.06.2018;0.10584
30.06.2018;0.10226
1.07.2018;0.09298
2.07.2018;0.08485
3.07.2018;0.07949
4.07.2018;0.07515
5.07.2018;0.07092
6.07.2018;0.06627
7.07.2018;0.06161
8.07.2018;0.05658
9.07.2018;0.05235
10.07.2018;0.05053
11.07.2018;0.05428
12.07.2018;0.05274
13.07.2018;0.04912
14.07.2018;0.045
15.07.2018;0.04219
16.07.2018;0.04056
17.07.2018;0.03924
18.07.2018;0.03841
19.07.2018;0.03732
20.07.2018;0.03677
21.07.2018;0.03594
22.07.2018;0.03523
23.07.2018;0.03511
24.07.2018;0.03403
25.07.2018;0.03287
26.07.2018;0.03154
27.07.2018;0.03041
28.07.2018;0.02936
29.07.2018;0.0276
30.07.2018;0.02729
31.07.2018;0.0265
1.08.2018;0.02556
2.08.2018;0.0257
3.08.2018;0.02533
4.08.2018;0.02494
5.08.2018;0.02531
6.08.2018;0.02451
7.08.2018;0.02389
8.08.2018;0.02312
9.08.2018;0.02273
10.08.2018;0.02227
11.08.2018;0.02236
12.08.2018;0.02114
13.08.2018;0.01979
14.08.2018;0.01967
15.08.2018;0.01969
16.08.2018;0.01888
17.08.2018;0.01866
18.08.2018;0.01844
19.08.2018;0.01792
20.08.2018;0.01785
21.08.2018;0.01741
22.08.2018;0.01714
23.08.2018;0.01689
24.08.2018;0.01674
25.08.2018;0.01716
26.08.2018;0.01728
27.08.2018;0.01785
28.08.2018;0.01758
29.08.2018;0.01694
30.08.2018;0.01652
31.08.2018;0.0162
1.09.2018;0.01559
2.09.2018;0.01532
3.09.2018;0.01515
4.09.2018;0.01574
5.09.2018;0.01687
6.09.2018;0.01778
7.09.2018;0.0176
8.09.2018;0.01711
9.09.2018;0.0166
10.09.2018;0.0162
11.09.2018;0.01601
12.09.2018;0.01559
13.09.2018;0.01542
14.09.2018;0.01547
15.09.2018;0.01493
16.09.2018;0.01455
17.09.2018;0.01438
18.09.2018;0.01494
19.09.2018;0.01544
20.09.2018;0.01515
21.09.2018;0.01499
22.09.2018;0.01513
23.09.2018;0.01481
24.09.2018;0.01544
25.09.2018;0.01442
26.09.2018;0.01429
27.09.2018;0.01444
28.09.2018;0.01488
29.09.2018;0.01561
30.09.2018;0.01537
1.10.2018;0.01556
2.10.2018;0.01591
3.10.2018;0.01593
4.10.2018;0.0163
5.10.2018;0.01542
6.10.2018;0.01535
7.10.2018;0.01519
8.10.2018;0.01453
9.10.2018;0.01424
10.10.2018;0.01381
11.10.2018;0.01361
12.10.2018;0.01339
13.10.2018;0.01254
14.10.2018;0.01226
15.10.2018;0.01163
16.10.2018;0.01149
17.10.2018;0.01121
18.10.2018;0.01095
19.10.2018;0.0108
20.10.2018;0.01077
21.10.2018;0.01219
22.10.2018;0.01243
23.10.2018;0.01237
24.10.2018;0.0123
25.10.2018;0.0128
26.10.2018;0.01287
27.10.2018;0.0128
28.10.2018;0.0128
29.10.2018;0.01289
30.10.2018;0.01333
31.10.2018;0.01359
1.11.2018;0.01477
2.11.2018;0.01875
3.11.2018;0.01617
4.11.2018;0.01272
5.11.2018;0.01237
6.11.2018;0.0123
7.11.2018;0.0118
8.11.2018;0.01182
9.11.2018;0.01186
10.11.2018;0.01191
11.11.2018;0.0118
12.11.2018;0.01149
13.11.2018;0.01132
14.11.2018;0.01125
15.11.2018;0.01097
16.11.2018;0.01042
17.11.2018;0.01053
18.11.2018;0.01053
19.11.2018;0.01045
20.11.2018;0.0104
21.11.2018;0.01069
22.11.2018;0.01058
23.11.2018;0.01023
24.11.2018;0.01051
25.11.2018;0.01097
26.11.2018;0.01215
27.11.2018;0.01681
28.11.2018;0.01869
29.11.2018;0.0166
30.11.2018;0.01569
1.12.2018;0.01438
2.12.2018;0.01401
3.12.2018;0.01405
4.12.2018;0.01414
5.12.2018;0.01387
6.12.2018;0.01359
7.12.2018;0.01337
8.12.2018;0.01401
9.12.2018;0.0151
10.12.2018;0.01549
11.12.2018;0.01549
12.12.2018;0.0151
13.12.2018;0.01477
14.12.2018;0.01462
15.12.2018;0.01442
16.12.2018;0.01446
17.12.2018;0.0139
18.12.2018;0.01348
19.12.2018;0.01337
20.12.2018;0.0132
21.12.2018;0.0132
22.12.2018;0.01361
23.12.2018;0.01355
24.12.2018;0.01459
25.12.2018;0.01578
26.12.2018;0.0161
27.12.2018;0.01606
28.12.2018;0.01606
29.12.2018;0.01601
30.12.2018;0.01578
31.12.2018;0.01596
1.01.2019;0.01559
2.01.2019;0.0163
3.01.2019;0.01566
4.01.2019;0.0149
5.01.2019;0.01515
6.01.2019;0.01529
7.01.2019;0.01491
8.01.2019;0.01507
9.01.2019;0.01578
10.01.2019;0.01418
11.01.2019;0.01165
12.01.2019;0.01154
13.01.2019;0.0116
14.01.2019;0.01228
15.01.2019;0.01171
16.01.2019;0.01149
17.01.2019;0.01141
18.01.2019;0.01158
19.01.2019;0.01101
20.01.2019;0.01097
21.01.2019;0.01073
22.01.2019;0.01066
23.01.2019;0.01117
24.01.2019;0.01134
25.01.2019;0.01165
26.01.2019;0.0116
27.01.2019;0.01158
28.01.2019;0.01219
29.01.2019;0.0121
30.01.2019;0.01182
31.01.2019;0.01184
1.02.2019;0.01186
2.02.2019;0.01206
3.02.2019;0.01289
4.02.2019;0.01556
5.02.2019;0.01937
6.02.2019;0.01955
7.02.2019;0.02056
8.02.2019;0.02097
9.02.2019;0.02114
10.02.2019;0.02148
11.02.2019;0.02636
12.02.2019;0.03703
13.02.2019;0.03803
14.02.2019;0.03324
15.02.2019;0.03475
16.02.2019;0.04018
17.02.2019;0.04277
18.02.2019;0.04363
19.02.2019;0.04315
20.02.2019;0.04239
21.02.2019;0.04008
22.02.2019;0.04569
23.02.2019;0.06043
24.02.2019;0.06111
25.02.2019;0.0587
26.02.2019;0.05901
27.02.2019;0.07374
28.02.2019;0.055
1.03.2019;0.03552
2.03.2019;0.03399
3.03.2019;0.0325
4.03.2019;0.03236
5.03.2019;0.03209
6.03.2019;0.03108
7.03.2019;0.03032
8.03.2019;0.02984
9.03.2019;0.02913
10.03.2019;0.0299
11.03.2019;0.03529
12.03.2019;0.03546
13.03.2019;0.0344
14.03.2019;0.03482
15.03.2019;0.03527
16.03.2019;0.03478
17.03.2019;0.03363
18.03.2019;0.03327
19.03.2019;0.03236
20.03.2019;0.03072
21.03.2019;0.02981
22.03.2019;0.02995
23.03.2019;0.03055
24.03.2019;0.03134
25.03.2019;0.03256
26.03.2019;0.03188
27.03.2019;0.03086
28.03.2019;0.02981
29.03.2019;0.02939
30.03.2019;0.02987
31.03.2019;0.03041
1.04.2019;0.02998
2.04.2019;0.0293
3.04.2019;0.02936
4.04.2019;0.02961
5.04.2019;0.02905
6.04.2019;0.02924
7.04.2019;0.03193
8.04.2019;0.03193
9.04.2019;0.0321
10.04.2019;0.03199
11.04.2019;0.03191
12.04.2019;0.03572
13.04.2019;0.03748
14.04.2019;0.04075
15.04.2019;0.04168
16.04.2019;0.04224
17.04.2019;0.04335
18.04.2019;0.0445
19.04.2019;0.04402
20.04.2019;0.04352
21.04.2019;0.0447
22.04.2019;0.04541
23.04.2019;0.04429
24.04.2019;0.03947
25.04.2019;0.03434
26.04.2019;0.03417
27.04.2019;0.03453
28.04.2019;0.03888
29.04.2019;0.04649
30.04.2019;0.0477
1.05.2019;0.04632
2.05.2019;0.04231
3.05.2019;0.04001
4.05.2019;0.03912
5.05.2019;0.03889
6.05.2019;0.03835
7.05.2019;0.04128
8.05.2019;0.04301
9.05.2019;0.04551
10.05.2019;0.05245
11.05.2019;0.0591
12.05.2019;0.0621
13.05.2019;0.06164
14.05.2019;0.06092
15.05.2019;0.06377
16.05.2019;0.06415
17.05.2019;0.06696
18.05.2019;0.06737
19.05.2019;0.06787
20.05.2019;0.06768
21.05.2019;0.06418
22.05.2019;0.06369
23.05.2019;0.07433
24.05.2019;0.08204
25.05.2019;0.09239
26.05.2019;0.09664
27.05.2019;0.09553
28.05.2019;0.09443
29.05.2019;0.11736
30.05.2019;0.19168
31.05.2019;0.35719
1.06.2019;0.29371
2.06.2019;0.23732
3.06.2019;0.20372
4.06.2019;0.16372
5.06.2019;0.1474
6.06.2019;0.1386
7.06.2019;0.14255
8.06.2019;0.13135
9.06.2019;0.1217
10.06.2019;0.11053
11.06.2019;0.10341
12.06.2019;0.09362
13.06.2019;0.08602
14.06.2019;0.07852
15.06.2019;0.07295
16.06.2019;0.06955
17.06.2019;0.07052
18.06.2019;0.06904
19.06.2019;0.068
20.06.2019;0.06013
21.06.2019;0.05769
22.06.2019;0.06885
23.06.2019;0.06739
24.06.2019;0.06775
25.06.2019;0.06278
26.06.2019;0.05837
27.06.2019;0.05622
28.06.2019;0.05274
29.06.2019;0.04865
30.06.2019;0.04645
1.07.2019;0.04456
2.07.2019;0.04328
3.07.2019;0.04098
4.07.2019;0.03761
5.07.2019;0.03559
6.07.2019;0.03504
7.07.2019;0.03511
8.07.2019;0.0344
9.07.2019;0.03262
10.07.2019;0.03159
11.07.2019;0.03111
12.07.2019;0.03123
13.07.2019;0.0308
14.07.2019;0.03038
15.07.2019;0.0293
16.07.2019;0.02584
17.07.2019;0.02491
18.07.2019;0.0238
19.07.2019;0.02273
20.07.2019;0.02244
21.07.2019;0.02219
22.07.2019;0.02191
23.07.2019;0.02199
24.07.2019;0.02148
25.07.2019;0.02131
26.07.2019;0.02094
27.07.2019;0.02086
28.07.2019;0.0208
29.07.2019;0.02096
30.07.2019;0.02085
31.07.2019;0.01982
1.08.2019;0.01915
2.08.2019;0.01974
3.08.2019;0.02024
4.08.2019;0.02024
5.08.2019;0.02024
6.08.2019;0.01984
7.08.2019;0.01881
8.08.2019;0.01807
9.08.2019;0.01748
10.08.2019;0.01726
11.08.2019;0.03292
12.08.2019;0.01896
13.08.2019;0.01682
14.08.2019;0.02434
15.08.2019;0.0308
16.08.2019;0.0257
17.08.2019;0.02318
18.08.2019;0.02157
19.08.2019;0.02018
20.08.2019;0.01893
21.08.2019;0.01827
22.08.2019;0.01864
23.08.2019;0.01881
24.08.2019;0.01896
25.08.2019;0.01893
26.08.2019;0.01847
27.08.2019;0.01795
28.08.2019;0.01859
29.08.2019;0.01741
30.08.2019;0.01692
31.08.2019;0.01635
1.09.2019;0.0166
2.09.2019;0.0161
3.09.2019;0.01566
4.09.2019;0.01554
5.09.2019;0.01578
6.09.2019;0.01552
7.09.2019;0.01504
8.09.2019;0.01598
9.09.2019;0.01697
10.09.2019;0.02447
11.09.2019;0.02195
12.09.2019;0.01891
13.09.2019;0.01773
14.09.2019;0.01655
15.09.2019;0.01505
16.09.2019;0.01608
17.09.2019;0.01556
18.09.2019;0.01482
19.09.2019;0.01409
20.09.2019;0.0139
21.09.2019;0.01377
22.09.2019;0.01444
23.09.2019;0.01521
24.09.2019;0.01561
25.09.2019;0.01603
26.09.2019;0.01513
27.09.2019;0.01542
28.09.2019;0.01489
29.09.2019;0.0152
30.09.2019;0.01758
1.10.2019;0.02004
2.10.2019;0.02264
3.10.2019;0.03296
4.10.2019;0.0327
5.10.2019;0.03101
6.10.2019;0.03637
7.10.2019;0.02406
8.10.2019;0.02097
9.10.2019;0.0212
10.10.2019;0.02134
11.10.2019;0.02085
12.10.2019;0.02028
13.10.2019;0.01989
14.10.2019;0.01982
15.10.2019;0.01972
16.10.2019;0.01947
17.10.2019;0.01883
18.10.2019;0.01893
19.10.2019;0.01942
20.10.2019;0.01979
21.10.2019;0.01994
22.10.2019;0.0194
23.10.2019;0.01948
24.10.2019;0.02004
25.10.2019;0.01984
26.10.2019;0.01928
27.10.2019;0.01945
28.10.2019;0.01906
29.10.2019;0.02281
30.10.2019;0.02225
31.10.2019;0.02247
1.11.2019;0.02301
2.11.2019;0.0255
3.11.2019;0.02766
4.11.2019;0.02831
5.11.2019;0.03923
6.11.2019;0.078
7.11.2019;0.07496
8.11.2019;0.05941
9.11.2019;0.05536
10.11.2019;0.0631
11.11.2019;0.13727
12.11.2019;0.14075
13.11.2019;0.17495
14.11.2019;0.34433
15.11.2019;0.2672
16.11.2019;0.21313
17.11.2019;0.18008
18.11.2019;0.15425
19.11.2019;0.13243
20.11.2019;0.11662
21.11.2019;0.11538
22.11.2019;0.13818
23.11.2019;0.15975
24.11.2019;0.16547
25.11.2019;0.1604
26.11.2019;0.14935
27.11.2019;0.13845
28.11.2019;0.1308
29.11.2019;0.15044
30.11.2019;0.18122
1.12.2019;0.18718
2.12.2019;0.18707
3.12.2019;0.1728
4.12.2019;0.15205
5.12.2019;0.1388
6.12.2019;0.12909
7.12.2019;0.12051
8.12.2019;0.11378
9.12.2019;0.10906
10.12.2019;0.10765
11.12.2019;0.12136
12.12.2019;0.1477
13.12.2019;0.16982
14.12.2019;0.18838
15.12.2019;0.24943
16.12.2019;0.27874
17.12.2019;0.26658
18.12.2019;0.24052
19.12.2019;0.21427
20.12.2019;0.20421
21.12.2019;0.20485
22.12.2019;0.20034
23.12.2019;0.2524
24.12.2019;0.3819
25.12.2019;0.37666
26.12.2019;0.34325
27.12.2019;0.30365
28.12.2019;0.26874
29.12.2019;0.23539
30.12.2019;0.20772
31.12.2019;0.19617
1.01.2020;0.18295
2.01.2020;0.16271
3.01.2020;0.15085
4.01.2020;0.1439
5.01.2020;0.13501
6.01.2020;0.12349
7.01.2020;0.11524
8.01.2020;0.10799
9.01.2020;0.10283
10.01.2020;0.09895
11.01.2020;0.09302
12.01.2020;0.08593
13.01.2020;0.08184
14.01.2020;0.07826
15.01.2020;0.07374
16.01.2020;0.06966
17.01.2020;0.06631
18.01.2020;0.0649
19.01.2020;0.06267
20.01.2020;0.05879
21.01.2020;0.05633
22.01.2020;0.05661
23.01.2020;0.05529
24.01.2020;0.05364
25.01.2020;0.05335
26.01.2020;0.0521
27.01.2020;0.05185
28.01.2020;0.05196
29.01.2020;0.05185
30.01.2020;0.04949
31.01.2020;0.04858
1.02.2020;0.04723
2.02.2020;0.0473
3.02.2020;0.04885
4.02.2020;0.05612
5.02.2020;0.09186
6.02.2020;0.10257
7.02.2020;0.10614
8.02.2020;0.10279
9.02.2020;0.10036
10.02.2020;0.10376
11.02.2020;0.10411
12.02.2020;0.10023
13.02.2020;0.09294
14.02.2020;0.08979
15.02.2020;0.08419
16.02.2020;0.07944
17.02.2020;0.07994
18.02.2020;0.07978
19.02.2020;0.07779
20.02.2020;0.07668
21.02.2020;0.07421
22.02.2020;0.07068
23.02.2020;0.07064
24.02.2020;0.07432
25.02.2020;0.07244
26.02.2020;0.07495
27.02.2020;0.07295
28.02.2020;0.06853
29.02.2020;0.06422
1.03.2020;0.06487
2.03.2020;0.08417
3.03.2020;0.16842
4.03.2020;0.18821
5.03.2020;0.19438
6.03.2020;0.21014
7.03.2020;0.20842
8.03.2020;0.19314
9.03.2020;0.18907
10.03.2020;0.18193
11.03.2020;0.17407
12.03.2020;0.16252
13.03.2020;0.15435
14.03.2020;0.14575
15.03.2020;0.13237
16.03.2020;0.1218
17.03.2020;0.11579
18.03.2020;0.11144
19.03.2020;0.10672
20.03.2020;0.10283
21.03.2020;0.09983
22.03.2020;0.09481
23.03.2020;0.09141
24.03.2020;0.08814
25.03.2020;0.0846
26.03.2020;0.08204
27.03.2020;0.08122
28.03.2020;0.08068
29.03.2020;0.07998
30.03.2020;0.07625
31.03.2020;0.07205
1.04.2020;0.06986
2.04.2020;0.06927
3.04.2020;0.06845
4.04.2020;0.06513
5.04.2020;0.06229
6.04.2020;0.05997
7.04.2020;0.05869
8.04.2020;0.05837
9.04.2020;0.05884
10.04.2020;0.05815
11.04.2020;0.05654
12.04.2020;0.0554
13.04.2020;0.05611
14.04.2020;0.05654
15.04.2020;0.05375
16.04.2020;0.05472
17.04.2020;0.05579
18.04.2020;0.05482
19.04.2020;0.05371
20.04.2020;0.05203
21.04.2020;0.05038
22.04.2020;0.04949
23.04.2020;0.04851
24.04.2020;0.04865
25.04.2020;0.04909
26.04.2020;0.04794
27.04.2020;0.04622
28.04.2020;0.04521
29.04.2020;0.04534
30.04.2020;0.0444
1.05.2020;0.04331
2.05.2020;0.04265
3.05.2020;0.04069
4.05.2020;0.03992
5.05.2020;0.03979
6.05.2020;0.03899
7.05.2020;0.03803
8.05.2020;0.03684
9.05.2020;0.03703
10.05.2020;0.037
11.05.2020;0.03876
12.05.2020;0.03905
13.05.2020;0.03655
14.05.2020;0.03665
15.05.2020;0.036
16.05.2020;0.03501
17.05.2020;0.03406
18.05.2020;0.03298
19.05.2020;0.03267
20.05.2020;0.03216
21.05.2020;0.03114
22.05.2020;0.02987
23.05.2020;0.02913
24.05.2020;0.02984
25.05.2020;0.02899
26.05.2020;0.02836
27.05.2020;0.0278
28.05.2020;0.02822
29.05.2020;0.02839
30.05.2020;0.02828
31.05.2020;0.02828
1.06.2020;0.02627
2.06.2020;0.02573
3.06.2020;0.02584
4.06.2020;0.02599
5.06.2020;0.02576
6.06.2020;0.0248
7.06.2020;0.0236
8.06.2020;0.02213
9.06.2020;0.02176
10.06.2020;0.02244
11.06.2020;0.02326
12.06.2020;0.02437
13.06.2020;0.02525
14.06.2020;0.02582
15.06.2020;0.02514
16.06.2020;0.0255
17.06.2020;0.02437
18.06.2020;0.02508
19.06.2020;0.0276
20.06.2020;0.02607
21.06.2020;0.02712
22.06.2020;0.02599
23.06.2020;0.02672
24.06.2020;0.02409
25.06.2020;0.02309
26.06.2020;0.02292
27.06.2020;0.02715
28.06.2020;0.03077
29.06.2020;0.02919
30.06.2020;0.02922
1.07.2020;0.02822
2.07.2020;0.02712
3.07.2020;0.02686
4.07.2020;0.03055
5.07.2020;0.02859
6.07.2020;0.02686
7.07.2020;0.02638
8.07.2020;0.02477
9.07.2020;0.02332
10.07.2020;0.02244
11.07.2020;0.02191
12.07.2020;0.02695
13.07.2020;0.02808
14.07.2020;0.02548
15.07.2020;0.0242
16.07.2020;0.02315
17.07.2020;0.02341
18.07.2020;0.02692
19.07.2020;0.02913
20.07.2020;0.02565
21.07.2020;0.02463
22.07.2020;0.02497
23.07.2020;0.02411
24.07.2020;0.02264
25.07.2020;0.02222
26.07.2020;0.0211
27.07.2020;0.02163
28.07.2020;0.02106
29.07.2020;0.02041
30.07.2020;0.01947
31.07.2020;0.01874
1.08.2020;0.01805
2.08.2020;0.01866
3.08.2020;0.01916
4.08.2020;0.01834
5.08.2020;0.01701
6.08.2020;0.01758
7.08.2020;0.01711
8.08.2020;0.01633
9.08.2020;0.01682
10.08.2020;0.01684
11.08.2020;0.01709
12.08.2020;0.01608
13.08.2020;0.01407
14.08.2020;0.01431
15.08.2020;0.01407
16.08.2020;0.01459
17.08.2020;0.01471
18.08.2020;0.01485
19.08.2020;0.01597
20.08.2020;0.02321
21.08.2020;0.02038
22.08.2020;0.01783
23.08.2020;0.01721
24.08.2020;0.01603
25.08.2020;0.01522
26.08.2020;0.0149
27.08.2020;0.01407
28.08.2020;0.01267
29.08.2020;0.01219
30.08.2020;0.0116
31.08.2020;0.01141
1.09.2020;0.0128
2.09.2020;0.01381
3.09.2020;0.01381
4.09.2020;0.01259
5.09.2020;0.0123
6.09.2020;0.01248
7.09.2020;0.01443
8.09.2020;0.01458
9.09.2020;0.01692
10.09.2020;0.01694
11.09.2020;0.01561
12.09.2020;0.01491
13.09.2020;0.01307
14.09.2020;0.01064
15.09.2020;0.01071
16.09.2020;0.01206
17.09.2020;0.0123
18.09.2020;0.01171
19.09.2020;0.01169
20.09.2020;0.0128
21.09.2020;0.013
22.09.2020;0.01307
23.09.2020;0.01346
24.09.2020;0.01296
25.09.2020;0.01372
26.09.2020;0.01254
27.09.2020;0.01064
28.09.2020;0.01034
29.09.2020;0.01066
30.09.2020;0.01163
1.10.2020;0.01267
2.10.2020;0.01372
3.10.2020;0.01368
4.10.2020;0.01307
5.10.2020;0.01222
6.10.2020;0.0113
7.10.2020;0.01084
8.10.2020;0.01381
9.10.2020;0.01615
10.10.2020;0.01492
11.10.2020;0.01403
12.10.2020;0.01458
13.10.2020;0.04638
14.10.2020;0.39068
15.10.2020;0.48928
16.10.2020;0.32522
17.10.2020;0.28365
18.10.2020;0.25673
19.10.2020;0.24181
20.10.2020;0.22565
21.10.2020;0.2024
22.10.2020;0.1875
23.10.2020;0.175
24.10.2020;0.15715
25.10.2020;0.14565
26.10.2020;0.14445
27.10.2020;0.14415
28.10.2020;0.14375
29.10.2020;0.14245
30.10.2020;0.13845
31.10.2020;0.1333
1.11.2020;0.12661
2.11.2020;0.12257
3.11.2020;0.1168
4.11.2020;0.11025
5.11.2020;0.11006
6.11.2020;0.11854
7.11.2020;0.12569
8.11.2020;0.1319
9.11.2020;0.13305
10.11.2020;0.12882
11.11.2020;0.12381
12.11.2020;0.11831
13.11.2020;0.1119
14.11.2020;0.10076
15.11.2020;0.09264
16.11.2020;0.08692
17.11.2020;0.08155
18.11.2020;0.07629
19.11.2020;0.0728
20.11.2020;0.07213
21.11.2020;0.06788
22.11.2020;0.06509
23.11.2020;0.06335
24.11.2020;0.06138
25.11.2020;0.05975
26.11.2020;0.05823
27.11.2020;0.05661
28.11.2020;0.05511
29.11.2020;0.05364
30.11.2020;0.05375
1.12.2020;0.05843
2.12.2020;0.05918
3.12.2020;0.05952
4.12.2020;0.06244
5.12.2020;0.06578
6.12.2020;0.07013
7.12.2020;0.07366
8.12.2020;0.07653
9.12.2020;0.078
10.12.2020;0.08031
11.12.2020;0.08419
12.12.2020;0.08784
13.12.2020;0.0906
14.12.2020;0.0926
15.12.2020;0.09328
16.12.2020;0.09481
17.12.2020;0.09549
18.12.2020;0.0954
19.12.2020;0.09536
20.12.2020;0.09536
21.12.2020;0.09447
22.12.2020;0.09506
23.12.2020;0.09689
24.12.2020;0.0978
25.12.2020;0.09798
26.12.2020;0.09366
27.12.2020;0.09234
28.12.2020;0.09774
29.12.2020;0.10949
30.12.2020;0.16641
31.12.2020;0.34597
1.01.2021;0.33229
2.01.2021;0.29018
3.01.2021;0.26617
4.01.2021;0.24694
5.01.2021;0.23457
6.01.2021;0.21422
7.01.2021;0.21054
8.01.2021;0.21608
9.01.2021;0.22477
10.01.2021;0.22425
11.01.2021;0.22069
12.01.2021;0.21229
13.01.2021;0.20503
14.01.2021;0.19547
15.01.2021;0.18225
16.01.2021;0.16643
17.01.2021;0.1558
18.01.2021;0.1454
19.01.2021;0.13685
20.01.2021;0.1309
21.01.2021;0.12478
22.01.2021;0.11905
23.01.2021;0.11698
24.01.2021;0.12074
25.01.2021;0.12377
26.01.2021;0.12326
27.01.2021;0.12413
28.01.2021;0.12725
29.01.2021;0.1315
30.01.2021;0.13255
31.01.2021;0.1273
1.02.2021;0.12203
2.02.2021;0.11515
3.02.2021;0.10897
4.02.2021;0.10821
5.02.2021;0.124
6.02.2021;0.1462
7.02.2021;0.18285
8.02.2021;0.39676
9.02.2021;0.78233
10.02.2021;0.65442
11.02.2021;0.52342
12.02.2021;0.41478
13.02.2021;0.3504
14.02.2021;0.30587
15.02.2021;0.27458
16.02.2021;0.25395
17.02.2021;0.24023
18.02.2021;0.2204
19.02.2021;0.20164
20.02.2021;0.18648
21.02.2021;0.17488
22.02.2021;0.16568
23.02.2021;0.17234
24.02.2021;0.18539
25.02.2021;0.20807
26.02.2021;0.23323
27.02.2021;0.2386
28.02.2021;0.23282
1.03.2021;0.22186
2.03.2021;0.20639
3.03.2021;0.19493
4.03.2021;0.1881
5.03.2021;0.18014
6.03.2021;0.16367
7.03.2021;0.1528
8.03.2021;0.15085
9.03.2021;0.14265
10.03.2021;0.13465
11.03.2021;0.12827
12.03.2021;0.12647
13.03.2021;0.12386
14.03.2021;0.12203
15.03.2021;0.11946
16.03.2021;0.1152
17.03.2021;0.10974
18.03.2021;0.10788
19.03.2021;0.10279
20.03.2021;0.0983
21.03.2021;0.09506
22.03.2021;0.09502
23.03.2021;0.08996
24.03.2021;0.08742
25.03.2021;0.08526
26.03.2021;0.08295
27.03.2021;0.08039
28.03.2021;0.07776
29.03.2021;0.07581
30.03.2021;0.07507
31.03.2021;0.07417
1.04.2021;0.07479
2.04.2021;0.07589
3.04.2021;0.07421
4.04.2021;0.07123
5.04.2021;0.07084
6.04.2021;0.07217
7.04.2021;0.0717
8.04.2021;0.069
9.04.2021;0.06725
10.04.2021;0.06837
11.04.2021;0.06931
12.04.2021;0.07146
13.04.2021;0.07338
14.04.2021;0.0781
15.04.2021;0.08023
16.04.2021;0.08394
17.04.2021;0.08679
18.04.2021;0.08882
19.04.2021;0.08882
20.04.2021;0.0903
21.04.2021;0.09039
22.04.2021;0.08958
23.04.2021;0.08856
24.04.2021;0.0872
25.04.2021;0.08818
26.04.2021;0.08856
27.04.2021;0.08877
28.04.2021;0.08805
29.04.2021;0.08724
30.04.2021;0.08633
1.05.2021;0.08431
2.05.2021;0.08522
3.05.2021;0.0851
4.05.2021;0.08365
5.05.2021;0.08751
6.05.2021;0.08801
7.05.2021;0.08758
8.05.2021;0.08539
9.05.2021;0.08258
10.05.2021;0.08167
11.05.2021;0.08167
12.05.2021;0.08118
13.05.2021;0.08266
14.05.2021;0.08559
15.05.2021;0.0832
16.05.2021;0.08682
17.05.2021;0.09826
18.05.2021;0.43946
19.05.2021;0.4736
20.05.2021;0.40678
21.05.2021;0.34672
22.05.2021;0.30433
23.05.2021;0.26805
24.05.2021;0.23831
25.05.2021;0.21964
26.05.2021;0.19634
27.05.2021;0.18203
28.05.2021;0.17175
29.05.2021;0.15545
30.05.2021;0.14525
31.05.2021;0.13495
1.06.2021;0.12716
2.06.2021;0.11978
3.06.2021;0.11258
4.06.2021;0.10601
5.06.2021;0.10257
6.06.2021;0.10133
7.06.2021;0.09786
8.06.2021;0.09336
9.06.2021;0.08856
10.06.2021;0.08435
11.06.2021;0.08043
12.06.2021;0.07708
13.06.2021;0.07471
14.06.2021;0.07033
15.06.2021;0.06757
16.06.2021;0.0657
17.06.2021;0.06236
18.06.2021;0.06051
19.06.2021;0.05855
20.06.2021;0.05694
21.06.2021;0.05597
22.06.2021;0.0545
23.06.2021;0.05199
24.06.2021;0.05045
25.06.2021;0.04956
26.06.2021;0.04828
27.06.2021;0.04686
28.06.2021;0.04585
29.06.2021;0.04591
30.06.2021;0.04628
1.07.2021;0.04585
2.07.2021;0.04473
3.07.2021;0.04345
4.07.2021;0.04172
5.07.2021;0.04123
6.07.2021;0.03995
7.07.2021;0.03931
8.07.2021;0.03812
9.07.2021;0.03748
10.07.2021;0.03957
11.07.2021;0.05363
12.07.2021;0.09509
13.07.2021;0.0839
14.07.2021;0.07886
15.07.2021;0.06893
16.07.2021;0.0632
17.07.2021;0.05876
18.07.2021;0.05443
19.07.2021;0.05299
20.07.2021;0.05008
21.07.2021;0.04733
22.07.2021;0.045
23.07.2021;0.04433
24.07.2021;0.04413
25.07.2021;0.04278
26.07.2021;0.04175
27.07.2021;0.0404
28.07.2021;0.03928
29.07.2021;0.0387
30.07.2021;0.03742
31.07.2021;0.03671
1.08.2021;0.03668
2.08.2021;0.03863
3.08.2021;0.03806
4.08.2021;0.03674
5.08.2021;0.03633
6.08.2021;0.03645
7.08.2021;0.03488
8.08.2021;0.03372
9.08.2021;0.03196
10.08.2021;0.031
11.08.2021;0.03043
12.08.2021;0.02975
13.08.2021;0.02944
14.08.2021;0.03035
15.08.2021;0.03035
16.08.2021;0.03077
17.08.2021;0.04087
18.08.2021;0.04534
19.08.2021;0.04102
20.08.2021;0.03559
21.08.2021;0.0299
22.08.2021;0.02839
23.08.2021;0.02831
24.08.2021;0.02995
25.08.2021;0.02927
26.08.2021;0.02865
27.08.2021;0.02749
28.08.2021;0.02644
29.08.2021;0.0255
30.08.2021;0.02641
31.08.2021;0.0278
1.09.2021;0.02726
2.09.2021;0.02624
3.09.2021;0.02465
4.09.2021;0.02448
5.09.2021;0.02366
6.09.2021;0.02233
7.09.2021;0.02145
8.09.2021;0.02073
9.09.2021;0.02065
10.09.2021;0.02046
11.09.2021;0.0205
12.09.2021;0.02087
13.09.2021;0.02065
14.09.2021;0.01977
15.09.2021;0.01959
16.09.2021;0.0192
17.09.2021;0.02084
18.09.2021;0.03145
19.09.2021;0.02811
20.09.2021;0.02579
21.09.2021;0.02346
22.09.2021;0.0227
23.09.2021;0.02196
24.09.2021;0.02182
25.09.2021;0.02034
26.09.2021;0.01893
27.09.2021;0.01898
28.09.2021;0.01844
29.09.2021;0.01785
30.09.2021;0.01792
1.10.2021;0.01834
2.10.2021;0.01888
3.10.2021;0.019
4.10.2021;0.01834
5.10.2021;0.01797
6.10.2021;0.01819
7.10.2021;0.0178
8.10.2021;0.01689
9.10.2021;0.01736
10.10.2021;0.01812
11.10.2021;0.01788
12.10.2021;0.01788
13.10.2021;0.01876
14.10.2021;0.01856
15.10.2021;0.01866
16.10.2021;0.01883
17.10.2021;0.01851
18.10.2021;0.01805
19.10.2021;0.0177
20.10.2021;0.01802
21.10.2021;0.01753
22.10.2021;0.0178
23.10.2021;0.01861
24.10.2021;0.01929
25.10.2021;0.0195
26.10.2021;0.01918
27.10.2021;0.01888
28.10.2021;0.01878
29.10.2021;0.01953
30.10.2021;0.02247
31.10.2021;0.02318
1.11.2021;0.02343
2.11.2021;0.02406
3.11.2021;0.02477
4.11.2021;0.02545
5.11.2021;0.02491
6.11.2021;0.02089
7.11.2021;0.01955
8.11.2021;0.01874
9.11.2021;0.01711
10.11.2021;0.01618
11.11.2021;0.01576
12.11.2021;0.01588
13.11.2021;0.01608
14.11.2021;0.01608
15.11.2021;0.01544
16.11.2021;0.01507
17.11.2021;0.01547
18.11.2021;0.01547
19.11.2021;0.01502
20.11.2021;0.015
21.11.2021;0.01554
22.11.2021;0.01586
23.11.2021;0.0151
24.11.2021;0.01524
25.11.2021;0.01556
26.11.2021;0.0162
27.11.2021;0.01711
28.11.2021;0.01733
29.11.2021;0.02105
30.11.2021;0.02258
1.12.2021;0.02329
2.12.2021;0.02312
3.12.2021;0.02414
4.12.2021;0.02414
5.12.2021;0.02341
6.12.2021;0.02253
7.12.2021;0.02145
8.12.2021;0.02083
9.12.2021;0.0208
10.12.2021;0.02179
11.12.2021;0.02182
12.12.2021;0.02239
13.12.2021;0.02511
14.12.2021;0.02301
15.12.2021;0.02338
16.12.2021;0.02312
17.12.2021;0.02273
18.12.2021;0.02287
19.12.2021;0.02239
20.12.2021;0.02256
21.12.2021;0.02196
22.12.2021;0.02097
23.12.2021;0.02077
24.12.2021;0.02185
25.12.2021;0.02142
26.12.2021;0.02075
27.12.2021;0.02061
28.12.2021;0.0206
29.12.2021;0.02046
30.12.2021;0.01974
31.12.2021;0.01933
1.01.2022;0.01962
2.01.2022;0.01915
3.01.2022;0.01979
4.01.2022;0.02191
5.01.2022;0.02482
6.01.2022;0.02777
7.01.2022;0.02751
8.01.2022;0.0278
9.01.2022;0.03001
10.01.2022;0.02995
11.01.2022;0.09255
12.01.2022;0.23288
13.01.2022;0.11925
14.01.2022;0.05906
15.01.2022;0.26969
16.01.2022;0.26875
17.01.2022;0.273
18.01.2022;0.13667
19.01.2022;0.02112
20.01.2022;0.02191
21.01.2022;0.0221
22.01.2022;0.02088
23.01.2022;0.01984
24.01.2022;0.01898
25.01.2022;0.01891
26.01.2022;0.0191
27.01.2022;0.01928
28.01.2022;0.01957
29.01.2022;0.0193
30.01.2022;0.02075
31.01.2022;0.02097
1.02.2022;0.02075
2.02.2022;0.02077
3.02.2022;0.01974
4.02.2022;0.01957
5.02.2022;0.01972
6.02.2022;0.01982
7.02.2022;0.02148
8.02.2022;0.01999
9.02.2022;0.01959
10.02.2022;0.01957
11.02.2022;0.01974
12.02.2022;0.01923
13.02.2022;0.0193
14.02.2022;0.02018
15.02.2022;0.02159
16.02.2022;0.02151
17.02.2022;0.02326
18.02.2022;0.02202
19.02.2022;0.01795
20.02.2022;0.01741
21.02.2022;0.01795
22.02.2022;0.01778
23.02.2022;0.01711
24.02.2022;0.01672
25.02.2022;0.01709
26.02.2022;0.01665
27.02.2022;0.01647
28.02.2022;0.01667
1.03.2022;0.01672
2.03.2022;0.01721
3.03.2022;0.01756
4.03.2022;0.01741
5.03.2022;0.01714
6.03.2022;0.0153
7.03.2022;0.01302
8.03.2022;0.01291
9.03.2022;0.01289
10.03.2022;0.01272
11.03.2022;0.01256
12.03.2022;0.01256
13.03.2022;0.01302
14.03.2022;0.0128
15.03.2022;0.01265
16.03.2022;0.01331
17.03.2022;0.01315
18.03.2022;0.01296
19.03.2022;0.01296
20.03.2022;0.01291
21.03.2022;0.01296
22.03.2022;0.0132
23.03.2022;0.01346
24.03.2022;0.01381
25.03.2022;0.01363
26.03.2022;0.01405
27.03.2022;0.01839
28.03.2022;0.02046
29.03.2022;0.02287
30.03.2022;0.02261
31.03.2022;0.02304
1.04.2022;0.04163
2.04.2022;0.07111
3.04.2022;0.07276
4.04.2022;0.06358
5.04.2022;0.05995
6.04.2022;0.0545
7.04.2022;0.06591
8.04.2022;0.07174
9.04.2022;0.07128
10.04.2022;0.11415
11.04.2022;0.1352
12.04.2022;0.12786
13.04.2022;0.11478
14.04.2022;0.10767
15.04.2022;0.10235
16.04.2022;0.09699
17.04.2022;0.09077
18.04.2022;0.08801
19.04.2022;0.08547
20.04.2022;0.08151
21.04.2022;0.07858
22.04.2022;0.07616
23.04.2022;0.07507
24.04.2022;0.07327
25.04.2022;0.0728
26.04.2022;0.06923
27.04.2022;0.06699
28.04.2022;0.06665
29.04.2022;0.06506
30.04.2022;0.06517
1.05.2022;0.06578
2.05.2022;0.06635
3.05.2022;0.06695
4.05.2022;0.06966
5.05.2022;0.06745
6.05.2022;0.06525
7.05.2022;0.06388
8.05.2022;0.06248
9.05.2022;0.0607
10.05.2022;0.06028
11.05.2022;0.05948
12.05.2022;0.05841
13.05.2022;0.05697
14.05.2022;0.0554
15.05.2022;0.05593
16.05.2022;0.05486
17.05.2022;0.05278
18.05.2022;0.03891
19.05.2022;0.03072
20.05.2022;0.03066
21.05.2022;0.03094
22.05.2022;0.03055
23.05.2022;0.0297
24.05.2022;0.02882
25.05.2022;0.02802
26.05.2022;0.02692
27.05.2022;0.0261
28.05.2022;0.02618
29.05.2022;0.02582
30.05.2022;0.02497
31.05.2022;0.02358
1.06.2022;0.02318
2.06.2022;0.02304
3.06.2022;0.02171
4.06.2022;0.02131
5.06.2022;0.02199
6.06.2022;0.02151
7.06.2022;0.0214
8.06.2022;0.02125
9.06.2022;0.02389
10.06.2022;0.0227
11.06.2022;0.02247
12.06.2022;0.02225
13.06.2022;0.01944
14.06.2022;0.01802
15.06.2022;0.01778
16.06.2022;0.01778
17.06.2022;0.01824
18.06.2022;0.01819
19.06.2022;0.01763
20.06.2022;0.01647
21.06.2022;0.0163
22.06.2022;0.0161
23.06.2022;0.01682
24.06.2022;0.01556
25.06.2022;0.01496
26.06.2022;0.01464
27.06.2022;0.01442
28.06.2022;0.01427
29.06.2022;0.01424
30.06.2022;0.01429
1.07.2022;0.0144
2.07.2022;0.01422
3.07.2022;0.0142
4.07.2022;0.01374
5.07.2022;0.01357
6.07.2022;0.01377
7.07.2022;0.01427
8.07.2022;0.01438
9.07.2022;0.01438
10.07.2022;0.01444
11.07.2022;0.01568
12.07.2022;0.01657
13.07.2022;0.01692
14.07.2022;0.01952
15.07.2022;0.02077
16.07.2022;0.01625
17.07.2022;0.01582
18.07.2022;0.01608
19.07.2022;0.01633
20.07.2022;0.01638
21.07.2022;0.01613
22.07.2022;0.0161
23.07.2022;0.01583
24.07.2022;0.01478
25.07.2022;0.01541
26.07.2022;0.01601
27.07.2022;0.01559
28.07.2022;0.01564
29.07.2022;0.01591
30.07.2022;0.01625
31.07.2022;0.01709
1.08.2022;0.01662
2.08.2022;0.01542
3.08.2022;0.01497
4.08.2022;0.01491
5.08.2022;0.01505
6.08.2022;0.01515
7.08.2022;0.01613
8.08.2022;0.0153
9.08.2022;0.01477
10.08.2022;0.015
11.08.2022;0.01484
12.08.2022;0.01475
13.08.2022;0.01497
14.08.2022;0.01532
15.08.2022;0.01539
16.08.2022;0.01598
17.08.2022;0.01709
18.08.2022;0.0176
19.08.2022;0.01915
20.08.2022;0.01662
21.08.2022;0.01576
22.08.2022;0.01655
23.08.2022;0.01854
24.08.2022;0.01878
25.08.2022;0.01712
26.08.2022;0.01416
27.08.2022;0.01418
28.08.2022;0.01401
29.08.2022;0.01431
30.08.2022;0.01442
31.08.2022;0.01422
1.09.2022;0.01363
2.09.2022;0.01361
3.09.2022;0.01368
4.09.2022;0.01379
5.09.2022;0.01359
6.09.2022;0.01363
7.09.2022;0.01429
8.09.2022;0.01444
9.09.2022;0.01487
10.09.2022;0.01452
11.09.2022;0.01422
12.09.2022;0.01416
13.09.2022;0.01392
14.09.2022;0.01401
15.09.2022;0.01398
16.09.2022;0.01409
17.09.2022;0.01503
18.09.2022;0.01633
19.09.2022;0.01756
20.09.2022;0.01741
21.09.2022;0.01464
22.09.2022;0.01447
23.09.2022;0.01335
24.09.2022;0.01335
25.09.2022;0.01398
26.09.2022;0.01571
27.09.2022;0.01349
28.09.2022;0.01147
29.09.2022;0.0111
30.09.2022;0.01327
1.10.2022;0.08808
2.10.2022;0.11029
3.10.2022;0.11209
4.10.2022;0.1074
5.10.2022;0.10242
6.10.2022;0.09857
7.10.2022;0.09549
8.10.2022;0.09337
9.10.2022;0.09073
10.10.2022;0.08902
11.10.2022;0.08794
12.10.2022;0.08685
13.10.2022;0.08649
14.10.2022;0.08593
15.10.2022;0.08557
16.10.2022;0.08457
17.10.2022;0.08372
18.10.2022;0.08337
19.10.2022;0.08312
20.10.2022;0.08233
21.10.2022;0.08198
22.10.2022;0.08182
23.10.2022;0.08142
24.10.2022;0.08139
25.10.2022;0.08131
26.10.2022;0.08085
27.10.2022;0.08034
28.10.2022;0.08008
29.10.2022;0.07992
30.10.2022;0.07984
31.10.2022;0.0796
1.11.2022;0.01145
2.11.2022;0.0113
3.11.2022;0.01095
4.11.2022;0.01176
5.11.2022;0.01298
6.11.2022;0.03024
7.11.2022;0.03661
8.11.2022;0.03502
9.11.2022;0.03392
10.11.2022;0.03236
11.11.2022;0.02998
12.11.2022;0.02853
13.11.2022;0.02732
14.11.2022;0.02754
15.11.2022;0.02723
16.11.2022;0.0274
17.11.2022;0.02695
18.11.2022;0.02616
19.11.2022;0.02485
20.11.2022;0.02346
21.11.2022;0.02304
22.11.2022;0.02247
23.11.2022;0.0223
24.11.2022;0.02145
25.11.2022;0.02011
26.11.2022;0.01925
27.11.2022;0.01874
28.11.2022;0.01881
29.11.2022;0.01856
30.11.2022;0.01817
1.12.2022;0.0179
2.12.2022;0.01785
3.12.2022;0.01768
4.12.2022;0.01768
5.12.2022;0.01792
6.12.2022;0.01874
7.12.2022;0.02225
8.12.2022;0.02519
9.12.2022;0.02842
10.12.2022;0.19075
11.12.2022;0.4017
12.12.2022;0.35908
13.12.2022;0.30045
14.12.2022;0.27285
15.12.2022;0.21613
16.12.2022;0.14067
17.12.2022;0.28564
18.12.2022;0.30824
19.12.2022;0.26199
20.12.2022;0.22676
21.12.2022;0.19959
22.12.2022;0.17998
23.12.2022;0.15798
24.12.2022;0.14615
25.12.2022;0.18554
26.12.2022;0.23043
27.12.2022;0.22419
28.12.2022;0.20566
29.12.2022;0.19319
30.12.2022;0.17976
31.12.2022;0.16394
1.01.2023;0.14595
2.01.2023;0.13282
3.01.2023;0.12331
4.01.2023;0.11414
5.01.2023;0.10892
6.01.2023;0.10182
7.01.2023;0.09289
8.01.2023;0.08843
9.01.2023;0.08687
10.01.2023;0.11138
11.01.2023;0.21719
12.01.2023;0.23148
13.01.2023;0.22291
14.01.2023;0.20677
15.01.2023;0.18648
16.01.2023;0.17808
17.01.2023;0.27655
18.01.2023;0.93875
19.01.2023;1.2784
20.01.2023;1.2375
21.01.2023;0.87281
22.01.2023;0.63765
23.01.2023;0.49794
24.01.2023;0.41432
25.01.2023;0.36346
26.01.2023;0.33569
27.01.2023;0.30463
28.01.2023;0.2738
29.01.2023;0.24315
30.01.2023;0.22839
31.01.2023;0.21072
1.02.2023;0.19238
2.02.2023;0.17526
3.02.2023;0.1587
4.02.2023;0.1489
5.02.2023;0.13536
6.02.2023;0.12239
7.02.2023;0.11373
8.02.2023;0.1083
9.02.2023;0.10345
10.02.2023;0.10036
11.02.2023;0.09596
12.02.2023;0.09268
13.02.2023;0.08746
14.02.2023;0.08415
15.02.2023;0.08085
16.02.2023;0.07809
17.02.2023;0.0771
18.02.2023;0.07652
19.02.2023;0.07718
20.02.2023;0.07366
21.02.2023;0.07385
22.02.2023;0.07487
23.02.2023;0.07236
24.02.2023;0.07178
25.02.2023;0.07366
26.02.2023;0.07135
27.02.2023;0.06578
28.02.2023;0.06252
1.03.2023;0.05967
2.03.2023;0.05877
3.03.2023;0.05747
4.03.2023;0.05708
5.03.2023;0.05608
6.03.2023;0.05464
7.03.2023;0.05389
8.03.2023;0.0535
9.03.2023;0.05314
10.03.2023;0.05142
11.03.2023;0.05475
12.03.2023;0.05196
13.03.2023;0.04912
14.03.2023;0.04905
15.03.2023;0.04899
16.03.2023;0.04878
17.03.2023;0.0478
18.03.2023;0.04828
19.03.2023;0.04878
20.03.2023;0.04956
21.03.2023;0.04966
22.03.2023;0.04949
23.03.2023;0.04912
24.03.2023;0.04919
25.03.2023;0.04996
26.03.2023;0.04959
27.03.2023;0.04994
28.03.2023;0.04838
29.03.2023;0.04524
30.03.2023;0.04574
31.03.2023;0.04855
1.04.2023;0.05289
2.04.2023;0.05543
3.04.2023;0.05808
4.04.2023;0.06362
5.04.2023;0.06776
6.04.2023;0.07186
7.04.2023;0.07432
8.04.2023;0.07233
9.04.2023;0.07139
10.04.2023;0.07358
11.04.2023;0.08102
12.04.2023;0.09221
13.04.2023;0.09366
14.04.2023;0.09614
15.04.2023;0.0979
16.04.2023;0.0989
17.04.2023;0.10599
18.04.2023;0.11497
19.04.2023;0.12111
20.04.2023;0.12216
21.04.2023;0.11992
22.04.2023;0.11579
23.04.2023;0.11125
24.04.2023;0.10873
25.04.2023;0.10873
26.04.2023;0.10716
27.04.2023;0.10367
28.04.2023;0.10305
29.04.2023;0.10504
30.04.2023;0.10416
1.05.2023;0.10067
2.05.2023;0.0979
3.05.2023;0.09413
4.05.2023;0.09098
5.05.2023;0.08797
6.05.2023;0.086
7.05.2023;0.08378
8.05.2023;0.08019
9.05.2023;0.07531
10.05.2023;0.07381
11.05.2023;0.07162
12.05.2023;0.06888
13.05.2023;0.06582
14.05.2023;0.06418
15.05.2023;0.07549
16.05.2023;0.10445
17.05.2023;0.18233
18.05.2023;0.33252
19.05.2023;0.30954
20.05.2023;0.27779
21.05.2023;0.24945
22.05.2023;0.22454
23.05.2023;0.20063
24.05.2023;0.18404
25.05.2023;0.16707
26.05.2023;0.15035
27.05.2023;0.1604
28.05.2023;0.16455
29.05.2023;0.15735
30.05.2023;0.15075
31.05.2023;0.1398
1.06.2023;0.12922
2.06.2023;0.12427
3.06.2023;0.12601
4.06.2023;0.11721
5.06.2023;0.11089
6.06.2023;0.1069
7.06.2023;0.32717
8.06.2023;0.43281
9.06.2023;0.55613
10.06.2023;1.0079
11.06.2023;1.2279
12.06.2023;0.83644
13.06.2023;0.61627
14.06.2023;0.47048
15.06.2023;0.38621
16.06.2023;0.33023
17.06.2023;0.28711
18.06.2023;0.25773
19.06.2023;0.22647
20.06.2023;0.20138
21.06.2023;0.18485
22.06.2023;0.17331
23.06.2023;0.16556
24.06.2023;0.54481
25.06.2023;1.008
26.06.2023;0.64874
27.06.2023;0.50222
28.06.2023;0.41021
29.06.2023;0.34507
30.06.2023;0.29663
1.07.2023;0.26503
2.07.2023;0.23487
3.07.2023;0.20635
4.07.2023;0.18843
5.07.2023;0.17526
6.07.2023;0.16234
7.07.2023;0.14745
8.07.2023;0.13455
9.07.2023;0.12684
10.07.2023;0.12083
11.07.2023;0.11497
12.07.2023;0.10975
13.07.2023;0.10544
14.07.2023;0.10151
15.07.2023;0.09756
16.07.2023;0.09473
17.07.2023;0.08899
18.07.2023;0.09026
19.07.2023;0.08696
20.07.2023;0.08407
21.07.2023;0.0806
22.07.2023;0.0774
23.07.2023;0.0746
24.07.2023;0.07244
25.07.2023;0.07182
26.07.2023;0.07201
27.07.2023;0.06998
28.07.2023;0.07213
29.07.2023;0.07096
30.07.2023;0.06778
31.07.2023;0.06593
1.08.2023;0.06377
2.08.2023;0.0657
3.08.2023;0.07029
4.08.2023;0.07166
5.08.2023;0.07707
6.08.2023;0.65981
7.08.2023;0.72141
8.08.2023;0.44227
9.08.2023;0.32508
10.08.2023;0.2627
11.08.2023;0.22308
12.08.2023;0.19805
13.08.2023;0.17484
14.08.2023;0.15915
15.08.2023;0.1491
16.08.2023;0.13685
17.08.2023;0.12786
18.08.2023;0.1223
19.08.2023;0.11662
20.08.2023;0.10866
21.08.2023;0.10522
22.08.2023;0.10085
23.08.2023;0.09797
24.08.2023;0.09925
25.08.2023;0.10098
26.08.2023;0.09639
27.08.2023;0.09192
28.08.2023;0.08856
29.08.2023;0.08609
30.08.2023;0.08832
31.08.2023;0.08836
1.09.2023;0.08213
2.09.2023;0.07813
3.09.2023;0.07589
4.09.2023;0.07776
5.09.2023;0.07475
6.09.2023;0.07248
7.09.2023;0.07064
8.09.2023;0.06919
9.09.2023;0.06764
10.09.2023;0.06551
11.09.2023;0.06308
12.09.2023;0.06092
13.09.2023;0.05986
14.09.2023;0.05844
15.09.2023;0.05672
16.09.2023;0.05493
17.09.2023;0.05299
18.09.2023;0.05192
19.09.2023;0.05045
20.09.2023;0.04899
21.09.2023;0.04804
22.09.2023;0.04753
23.09.2023;0.04615
24.09.2023;0.04433
25.09.2023;0.04372
26.09.2023;0.04369
27.09.2023;0.04291
28.09.2023;0.04197
29.09.2023;0.04104
30.09.2023;0.04008
1.10.2023;0.03947
2.10.2023;0.0379
3.10.2023;0.03671
4.10.2023;0.03671
5.10.2023;0.0361
6.10.2023;0.03594
7.10.2023;0.03466
8.10.2023;0.03361
9.10.2023;0.03304
10.10.2023;0.03296
11.10.2023;0.03159
12.10.2023;0.031
13.10.2023;0.031
14.10.2023;0.03046
15.10.2023;0.02967
16.10.2023;0.02944
17.10.2023;0.03021
18.10.2023;0.03029
19.10.2023;0.03035
20.10.2023;0.03125
21.10.2023;0.03077
22.10.2023;0.03106
23.10.2023;0.03271
24.10.2023;0.03171
25.10.2023;0.04182
26.10.2023;0.04627
27.10.2023;0.08848
28.10.2023;0.1963
29.10.2023;0.14335
30.10.2023;0.12201
31.10.2023;0.1059
1.11.2023;0.09676
2.11.2023;0.08936
3.11.2023;0.08729
4.11.2023;0.10296
5.11.2023;0.28826
6.11.2023;0.69162
7.11.2023;0.45867
8.11.2023;0.3885
9.11.2023;0.34433
10.11.2023;0.3128
11.11.2023;0.29925
12.11.2023;0.40072
13.11.2023;0.4515
14.11.2023;0.41744
15.11.2023;0.3642
16.11.2023;0.30956
17.11.2023;0.39498
18.11.2023;0.60071
19.11.2023;0.51551
20.11.2023;0.44352
21.11.2023;0.37886
22.11.2023;0.32276
23.11.2023;0.28593
24.11.2023;0.27161
25.11.2023;0.24464
26.11.2023;0.21338
27.11.2023;0.19089
28.11.2023;0.18449
29.11.2023;0.17427
30.11.2023;0.15621
1.12.2023;0.15009
2.12.2023;0.15662
3.12.2023;0.30086
4.12.2023;0.33969
5.12.2023;0.32968
6.12.2023;0.30842
7.12.2023;0.28575
8.12.2023;0.25886
9.12.2023;0.23501
10.12.2023;0.22364
11.12.2023;0.21176
12.12.2023;0.20441
13.12.2023;0.26141
14.12.2023;0.49156
15.12.2023;0.47047
16.12.2023;0.43677
17.12.2023;0.40754
18.12.2023;0.37734
19.12.2023;0.34901
20.12.2023;0.32993
21.12.2023;0.3062
22.12.2023;0.39041
23.12.2023;0.39127
24.12.2023;0.36803
25.12.2023;0.37305
26.12.2023;0.42414
27.12.2023;0.44515
28.12.2023;0.42678
29.12.2023;0.39179
30.12.2023;0.3543
31.12.2023;0.32085
1.01.2024;0.32643
2.01.2024;0.33496
3.01.2024;0.34833
4.01.2024;0.34264
5.01.2024;0.31592
6.01.2024;0.29873
7.01.2024;0.34441
8.01.2024;0.35232
9.01.2024;0.33654
10.01.2024;0.3196
11.01.2024;0.30093
12.01.2024;0.28911
13.01.2024;0.26782
14.01.2024;0.24447
15.01.2024;0.23763
16.01.2024;0.21558
17.01.2024;0.20252
18.01.2024;0.19961
19.01.2024;0.19559
20.01.2024;0.17142
21.01.2024;0.1599
22.01.2024;0.15034
23.01.2024;0.14914
24.01.2024;0.14474
25.01.2024;0.14389
26.01.2024;0.13981
27.01.2024;0.13587
28.01.2024;0.12655
29.01.2024;0.1222
30.01.2024;0.11872
31.01.2024;0.11661
1.02.2024;0.11634
2.02.2024;0.11391
3.02.2024;0.11295
4.02.2024;0.11254
5.02.2024;0.11547
6.02.2024;0.11888
7.02.2024;0.11611
8.02.2024;0.1179
9.02.2024;0.12055
10.02.2024;0.12774
11.02.2024;0.16344
12.02.2024;0.29789
13.02.2024;0.32243
14.02.2024;0.29961
15.02.2024;0.28231
16.02.2024;0.26071
17.02.2024;0.23953
18.02.2024;0.21936
19.02.2024;0.20771
20.02.2024;0.19679
21.02.2024;0.18579
22.02.2024;0.18024
23.02.2024;0.17542
24.02.2024;0.16885
25.02.2024;0.15723
26.02.2024;0.16058
27.02.2024;0.19387
28.02.2024;0.21593
29.02.2024;0.22099
1.03.2024;0.2218
2.03.2024;0.21644
3.03.2024;0.20642
4.03.2024;0.19656
5.03.2024;0.18654
6.03.2024;0.17616
7.03.2024;0.16252
8.03.2024;0.15356
9.03.2024;0.14759
10.03.2024;0.14216
11.03.2024;0.13947
12.03.2024;0.13801
13.03.2024;0.13074
14.03.2024;0.12353
15.03.2024;0.11887
16.03.2024;0.11497
17.03.2024;0.1124
18.03.2024;0.11021
19.03.2024;0.10731
20.03.2024;0.10376
21.03.2024;0.10168
22.03.2024;0.10044
23.03.2024;0.10018
24.03.2024;0.10058
25.03.2024;0.09789
26.03.2024;0.09329
27.03.2024;0.09094
28.03.2024;0.09137
29.03.2024;0.09671
30.03.2024;0.10358
31.03.2024;0.11167
1.04.2024;0.12081
2.04.2024;0.14482
3.04.2024;0.25593
4.04.2024;0.26497
5.04.2024;0.24289
6.04.2024;0.22715
7.04.2024;0.21255
8.04.2024;0.19888
9.04.2024;0.18816
10.04.2024;0.17713
11.04.2024;0.1573
12.04.2024;0.14505
13.04.2024;0.13772
14.04.2024;0.13421
15.04.2024;0.13
16.04.2024;0.12967
17.04.2024;0.12556
18.04.2024;0.12075
19.04.2024;0.11181
20.04.2024;0.10821
21.04.2024;0.10469
22.04.2024;0.10022
23.04.2024;0.09662
24.04.2024;0.09916
25.04.2024;0.10509
26.04.2024;0.10323
27.04.2024;0.1015
28.04.2024;0.10036
29.04.2024;0.09819
30.04.2024;0.0959
1.05.2024;0.09564
2.05.2024;0.09504
3.05.2024;0.09303
4.05.2024;0.08911
5.05.2024;0.08538
6.05.2024;0.08348
7.05.2024;0.08163
8.05.2024;0.0773
9.05.2024;0.07338
10.05.2024;0.0716
11.05.2024;0.06987
12.05.2024;0.06791
13.05.2024;0.0659
14.05.2024;0.06439
15.05.2024;0.06247
16.05.2024;0.06051
17.05.2024;0.05953
18.05.2024;0.05972
19.05.2024;0.05853
20.05.2024;0.05685
21.05.2024;0.0552
22.05.2024;0.05409
23.05.2024;0.05276
24.05.2024;0.05151
25.05.2024;0.0543
26.05.2024;0.05176
27.05.2024;0.04992
28.05.2024;0.04931
29.05.2024;0.04873
30.05.2024;0.04951
31.05.2024;0.04853
1.06.2024;0.05376
2.06.2024;0.05162
3.06.2024;0.04781
4.06.2024;0.06092
5.06.2024;0.0735
6.06.2024;0.06562
7.06.2024;0.06381
8.06.2024;0.08519
9.06.2024;0.08604
10.06.2024;0.10505
11.06.2024;0.29444
12.06.2024;0.3418
13.06.2024;0.29313
14.06.2024;0.25184
15.06.2024;0.21751
16.06.2024;0.19663
17.06.2024;0.17404
18.06.2024;0.14976
19.06.2024;0.13548
20.06.2024;0.1226
21.06.2024;0.1119
22.06.2024;0.10669
23.06.2024;0.10978
24.06.2024;0.10266
25.06.2024;0.09299
26.06.2024;0.08792
27.06.2024;0.0841
28.06.2024;0.07974
29.06.2024;0.07562
30.06.2024;0.07286
1.07.2024;0.07172
2.07.2024;0.06979
3.07.2024;0.06643
4.07.2024;0.06394
5.07.2024;0.06059
6.07.2024;0.05696
7.07.2024;0.05502
8.07.2024;0.05219
9.07.2024;0.04975
10.07.2024;0.04832
11.07.2024;0.0467
12.07.2024;0.04534
13.07.2024;0.04483
14.07.2024;0.04224
15.07.2024;0.04062
16.07.2024;0.04005
17.07.2024;0.0375
18.07.2024;0.03613
19.07.2024;0.03496
20.07.2024;0.03438
21.07.2024;0.03497
22.07.2024;0.03419
23.07.2024;0.03252
24.07.2024;0.03359
25.07.2024;0.03291
26.07.2024;0.03095
27.07.2024;0.02971
28.07.2024;0.02849
29.07.2024;0.02802
30.07.2024;0.02784
31.07.2024;0.02718
1.08.2024;0.02668
2.08.2024;0.02668
3.08.2024;0.0257
4.08.2024;0.02407
5.08.2024;0.02377
6.08.2024;0.02374
7.08.2024;0.02407
8.08.2024;0.02398
9.08.2024;0.02417
10.08.2024;0.02423
11.08.2024;0.0233
12.08.2024;0.02292
13.08.2024;0.02281
14.08.2024;0.02216
15.08.2024;0.02145
16.08.2024;0.0212
17.08.2024;0.02129
18.08.2024;0.02262
19.08.2024;0.02265
20.08.2024;0.02172
21.08.2024;0.02221
22.08.2024;0.02259
23.08.2024;0.02189
24.08.2024;0.02115
25.08.2024;0.0221
26.08.2024;0.02404
27.08.2024;0.02486
28.08.2024;0.02472
29.08.2024;0.0236
30.08.2024;0.02341
31.08.2024;0.02267
1.09.2024;0.02175
2.09.2024;0.02088
3.09.2024;0.02023
4.09.2024;0.01954
5.09.2024;0.01873
6.09.2024;0.01843
7.09.2024;0.01762
8.09.2024;0.01658
9.09.2024;0.01683
10.09.2024;0.01678
11.09.2024;0.01589
12.09.2024;0.01498
13.09.2024;0.01463
14.09.2024;0.01579
15.09.2024;0.02756
16.09.2024;0.0286
17.09.2024;0.03119
18.09.2024;0.0275
19.09.2024;0.02581
20.09.2024;0.02458
21.09.2024;0.02338
22.09.2024;0.02281
23.09.2024;0.02298
24.09.2024;0.02412
25.09.2024;0.02678
26.09.2024;0.03018
27.09.2024;0.03344
28.09.2024;0.03782
29.09.2024;0.03722
30.09.2024;0.03887
1.10.2024;0.03938
2.10.2024;0.04088
3.10.2024;0.04335
4.10.2024;0.05364
5.10.2024;0.07268
6.10.2024;0.08468
7.10.2024;0.21573
8.10.2024;0.27228
9.10.2024;0.23257
10.10.2024;0.19987
11.10.2024;0.15675
12.10.2024;0.13149
13.10.2024;0.12154
14.10.2024;0.11318
15.10.2024;0.1062
16.10.2024;0.10159
17.10.2024;0.09572
18.10.2024;0.09299
19.10.2024;0.08979
20.10.2024;0.08365
21.10.2024;0.07836
22.10.2024;0.07495
23.10.2024;0.07144
24.10.2024;0.06715
25.10.2024;0.0653
26.10.2024;0.06326
27.10.2024;0.0607
28.10.2024;0.05774
29.10.2024;0.05556
30.10.2024;0.05355
31.10.2024;0.05151
