Region;Dinarides
Country;Bosnia and Herzegovina
#;3
Spring Name/Station Name;Gorni Zabljak
Literature;
Lat;43.808
Lon;17.007
Elev (m);721
Recharge Area (km2);
Start Date;1.01.2007
End Date;31.12.2019
Resolution;Daily
Data Source;HIDROLOŠKI GODIŠNJAK, https://www.fhmzbih.gov.ba/latinica/HIDRO/godisnjaci.php#
Data License;Open data for scientific purposes
Contact For License;Bosnian Federal Hydrometeorological Service
Spring ID;DIN_03_BA
Date;Discharge m^3/s
1.01.2007;0.16
2.01.2007;0.16
3.01.2007;0.19
4.01.2007;0.22
5.01.2007;0.22
6.01.2007;0.22
7.01.2007;0.22
8.01.2007;0.22
9.01.2007;0.2
10.01.2007;0.2
11.01.2007;0.2
12.01.2007;0.2
13.01.2007;0.19
14.01.2007;0.19
15.01.2007;0.19
16.01.2007;0.18
17.01.2007;0.18
18.01.2007;0.18
19.01.2007;0.18
20.01.2007;0.18
21.01.2007;0.17
22.01.2007;0.17
23.01.2007;0.17
24.01.2007;0.22
25.01.2007;2.51
26.01.2007;2.03
27.01.2007;1.39
28.01.2007;0.85
29.01.2007;0.7
30.01.2007;0.56
31.01.2007;0.44
1.02.2007;0.44
2.02.2007;0.39
3.02.2007;0.39
4.02.2007;0.34
5.02.2007;0.34
6.02.2007;0.34
7.02.2007;0.34
8.02.2007;0.34
9.02.2007;2.51
10.02.2007;4.44
11.02.2007;11.3
12.02.2007;9.76
13.02.2007;10.4
14.02.2007;9.55
15.02.2007;6.12
16.02.2007;3.86
17.02.2007;2.51
18.02.2007;1.92
19.02.2007;1.19
20.02.2007;1.19
21.02.2007;1.81
22.02.2007;1.49
23.02.2007;1.19
24.02.2007;1.02
25.02.2007;0.77
26.02.2007;0.7
27.02.2007;3.86
28.02.2007;2.51
1.03.2007;1.59
2.03.2007;1.19
3.03.2007;0.85
4.03.2007;0.7
5.03.2007;0.5
6.03.2007;0.44
7.03.2007;0.34
8.03.2007;4.01
9.03.2007;3.57
10.03.2007;2.77
11.03.2007;1.92
12.03.2007;1.19
13.03.2007;0.85
14.03.2007;0.7
15.03.2007;0.5
16.03.2007;0.44
17.03.2007;0.44
18.03.2007;0.44
19.03.2007;0.34
20.03.2007;0.56
21.03.2007;2.77
22.03.2007;1.92
23.03.2007;1.81
24.03.2007;1.81
25.03.2007;2.51
26.03.2007;3.16
27.03.2007;3.86
28.03.2007;3.57
29.03.2007;4.44
30.03.2007;3.86
31.03.2007;3.57
1.04.2007;2.77
2.04.2007;2.27
3.04.2007;1.92
4.04.2007;1.59
5.04.2007;1.39
6.04.2007;1.02
7.04.2007;0.77
8.04.2007;0.56
9.04.2007;0.44
10.04.2007;0.44
11.04.2007;0.39
12.04.2007;0.34
13.04.2007;0.34
14.04.2007;0.3
15.04.2007;0.27
16.04.2007;0.27
17.04.2007;0.27
18.04.2007;0.27
19.04.2007;0.24
20.04.2007;0.24
21.04.2007;0.22
22.04.2007;0.2
23.04.2007;0.19
24.04.2007;0.19
25.04.2007;0.19
26.04.2007;0.19
27.04.2007;0.19
28.04.2007;0.19
29.04.2007;0.19
30.04.2007;0.19
1.05.2007;0.19
2.05.2007;0.19
3.05.2007;0.19
4.05.2007;0.19
5.05.2007;0.19
6.05.2007;20.4
7.05.2007;9.55
8.05.2007;4.01
9.05.2007;2.51
10.05.2007;1.7
11.05.2007;1.19
12.05.2007;1.02
13.05.2007;0.85
14.05.2007;0.7
15.05.2007;0.56
16.05.2007;0.5
17.05.2007;0.44
18.05.2007;0.44
19.05.2007;0.39
20.05.2007;0.34
21.05.2007;0.27
22.05.2007;0.27
23.05.2007;0.27
24.05.2007;0.27
25.05.2007;0.27
26.05.2007;0.27
27.05.2007;0.27
28.05.2007;0.27
29.05.2007;0.34
30.05.2007;0.44
31.05.2007;0.5
1.06.2007;0.56
2.06.2007;0.5
3.06.2007;0.44
4.06.2007;0.44
5.06.2007;0.56
6.06.2007;0.56
7.06.2007;0.56
8.06.2007;0.56
9.06.2007;5.04
10.06.2007;2.51
11.06.2007;1.7
12.06.2007;1.1
13.06.2007;0.85
14.06.2007;0.77
15.06.2007;0.7
16.06.2007;0.63
17.06.2007;0.56
18.06.2007;0.44
19.06.2007;0.44
20.06.2007;0.44
21.06.2007;0.44
22.06.2007;0.44
23.06.2007;0.39
24.06.2007;0.39
25.06.2007;0.3
26.06.2007;0.27
27.06.2007;0.3
28.06.2007;0.27
29.06.2007;0.27
30.06.2007;0.27
1.07.2007;0.27
2.07.2007;0.34
3.07.2007;0.27
4.07.2007;0.27
5.07.2007;0.27
6.07.2007;0.24
7.07.2007;0.24
8.07.2007;0.24
9.07.2007;0.24
10.07.2007;0.24
11.07.2007;0.27
12.07.2007;0.24
13.07.2007;0.22
14.07.2007;0.22
15.07.2007;0.22
16.07.2007;0.22
17.07.2007;0.22
18.07.2007;0.22
19.07.2007;0.22
20.07.2007;0.2
21.07.2007;0.2
22.07.2007;0.2
23.07.2007;0.2
24.07.2007;0.19
25.07.2007;0.19
26.07.2007;0.18
27.07.2007;0.18
28.07.2007;0.18
29.07.2007;0.18
30.07.2007;0.18
31.07.2007;0.19
1.08.2007;0.18
2.08.2007;0.18
3.08.2007;0.18
4.08.2007;0.18
5.08.2007;0.17
6.08.2007;0.18
7.08.2007;0.19
8.08.2007;0.22
9.08.2007;0.22
10.08.2007;0.19
11.08.2007;0.19
12.08.2007;0.18
13.08.2007;0.18
14.08.2007;0.18
15.08.2007;0.18
16.08.2007;0.18
17.08.2007;0.18
18.08.2007;0.18
19.08.2007;0.17
20.08.2007;0.16
21.08.2007;0.16
22.08.2007;0.16
23.08.2007;0.16
24.08.2007;0.16
25.08.2007;0.17
26.08.2007;0.17
27.08.2007;0.19
28.08.2007;0.22
29.08.2007;0.19
30.08.2007;0.22
31.08.2007;0.17
1.09.2007;0.17
2.09.2007;0.17
3.09.2007;0.18
4.09.2007;0.19
5.09.2007;0.19
6.09.2007;0.19
7.09.2007;0.17
8.09.2007;0.17
9.09.2007;0.17
10.09.2007;0.19
11.09.2007;0.22
12.09.2007;0.19
13.09.2007;0.17
14.09.2007;0.17
15.09.2007;0.17
16.09.2007;0.16
17.09.2007;0.16
18.09.2007;0.17
19.09.2007;0.22
20.09.2007;0.22
21.09.2007;0.2
22.09.2007;0.18
23.09.2007;0.17
24.09.2007;0.17
25.09.2007;0.17
26.09.2007;0.17
27.09.2007;0.19
28.09.2007;0.22
29.09.2007;0.44
30.09.2007;0.27
1.10.2007;0.22
2.10.2007;0.19
3.10.2007;0.19
4.10.2007;0.17
5.10.2007;0.17
6.10.2007;0.17
7.10.2007;0.17
8.10.2007;0.17
9.10.2007;0.17
10.10.2007;0.16
11.10.2007;0.16
12.10.2007;0.16
13.10.2007;0.16
14.10.2007;0.16
15.10.2007;0.16
16.10.2007;0.16
17.10.2007;0.16
18.10.2007;0.16
19.10.2007;0.22
20.10.2007;0.22
21.10.2007;0.19
22.10.2007;0.17
23.10.2007;0.17
24.10.2007;0.19
25.10.2007;0.27
26.10.2007;0.3
27.10.2007;0.44
28.10.2007;0.44
29.10.2007;0.44
30.10.2007;0.34
31.10.2007;0.44
1.11.2007;1.81
2.11.2007;0.85
3.11.2007;0.56
4.11.2007;0.44
5.11.2007;0.34
6.11.2007;0.27
7.11.2007;0.27
8.11.2007;0.2
9.11.2007;0.19
10.11.2007;0.22
11.11.2007;0.22
12.11.2007;0.22
13.11.2007;0.27
14.11.2007;0.34
15.11.2007;2.77
16.11.2007;1.39
17.11.2007;0.7
18.11.2007;0.56
19.11.2007;0.44
20.11.2007;0.34
21.11.2007;0.27
22.11.2007;0.27
23.11.2007;0.34
24.11.2007;2.03
25.11.2007;1.59
26.11.2007;1.81
27.11.2007;4.74
28.11.2007;2.51
29.11.2007;1.39
30.11.2007;0.93
1.12.2007;0.77
2.12.2007;0.56
3.12.2007;0.56
4.12.2007;4.44
5.12.2007;3.03
6.12.2007;1.92
7.12.2007;1.19
8.12.2007;0.85
9.12.2007;2.51
10.12.2007;3.3
11.12.2007;5.34
12.12.2007;3.16
13.12.2007;1.81
14.12.2007;1.19
15.12.2007;0.85
16.12.2007;0.56
17.12.2007;0.44
18.12.2007;0.34
19.12.2007;0.3
20.12.2007;0.27
21.12.2007;0.24
22.12.2007;0.22
23.12.2007;0.2
24.12.2007;0.19
25.12.2007;0.19
26.12.2007;0.18
27.12.2007;0.17
28.12.2007;0.17
29.12.2007;0.17
30.12.2007;0.17
31.12.2007;0.17
1.01.2008;0.13
2.01.2008;0.13
3.01.2008;0.13
4.01.2008;0.13
5.01.2008;0.19
6.01.2008;5.17
7.01.2008;7.89
8.01.2008;3.63
9.01.2008;3.08
10.01.2008;1.88
11.01.2008;1.29
12.01.2008;0.96
13.01.2008;1.99
14.01.2008;4.52
15.01.2008;3.08
16.01.2008;1.99
17.01.2008;1.67
18.01.2008;3.63
19.01.2008;3.21
20.01.2008;2.81
21.01.2008;1.88
22.01.2008;1.48
23.01.2008;1.21
24.01.2008;0.81
25.01.2008;0.68
26.01.2008;0.55
27.01.2008;0.55
28.01.2008;0.5
29.01.2008;0.44
30.01.2008;0.34
31.01.2008;0.34
1.02.2008;0.34
2.02.2008;0.3
3.02.2008;0.26
4.02.2008;0.19
5.02.2008;0.34
6.02.2008;0.81
7.02.2008;0.81
8.02.2008;0.68
9.02.2008;0.55
10.02.2008;0.44
11.02.2008;0.34
12.02.2008;0.34
13.02.2008;0.26
14.02.2008;0.26
15.02.2008;0.22
16.02.2008;0.19
17.02.2008;0.16
18.02.2008;0.13
19.02.2008;0.13
20.02.2008;0.13
21.02.2008;0.13
22.02.2008;0.13
23.02.2008;0.13
24.02.2008;0.13
25.02.2008;0.13
26.02.2008;0.13
27.02.2008;0.13
28.02.2008;0.13
29.02.2008;0.13
1.03.2008;0.13
2.03.2008;0.13
3.03.2008;0.13
4.03.2008;0.13
5.03.2008;0.13
6.03.2008;0.13
7.03.2008;0.13
8.03.2008;0.13
9.03.2008;0.3
10.03.2008;0.55
11.03.2008;3.35
12.03.2008;4.52
13.03.2008;3.63
14.03.2008;2.81
15.03.2008;1.99
16.03.2008;1.67
17.03.2008;2.81
18.03.2008;2.33
19.03.2008;2.33
20.03.2008;2.1
21.03.2008;1.67
22.03.2008;1.48
23.03.2008;12.38
24.03.2008;15.71
25.03.2008;11.47
26.03.2008;6.93
27.03.2008;4.52
28.03.2008;3.92
29.03.2008;3.35
30.03.2008;2.81
31.03.2008;2.33
1.04.2008;1.67
2.04.2008;1.48
3.04.2008;1.57
4.04.2008;3.35
5.04.2008;2.81
6.04.2008;2.1
7.04.2008;1.67
8.04.2008;1.67
9.04.2008;2.81
10.04.2008;3.21
11.04.2008;2.94
12.04.2008;2.57
13.04.2008;3.21
14.04.2008;2.81
15.04.2008;2.33
16.04.2008;1.88
17.04.2008;1.67
18.04.2008;2.81
19.04.2008;11.47
20.04.2008;7.89
21.04.2008;5.51
22.04.2008;3.92
23.04.2008;4.22
24.04.2008;5.51
25.04.2008;3.92
26.04.2008;2.94
27.04.2008;2.1
28.04.2008;1.67
29.04.2008;1.29
30.04.2008;1.12
1.05.2008;0.96
2.05.2008;0.81
3.05.2008;0.68
4.05.2008;0.61
5.05.2008;0.55
6.05.2008;0.55
7.05.2008;0.5
8.05.2008;0.5
9.05.2008;0.44
10.05.2008;0.44
11.05.2008;0.39
12.05.2008;0.39
13.05.2008;0.39
14.05.2008;0.34
15.05.2008;0.34
16.05.2008;0.3
17.05.2008;0.26
18.05.2008;0.19
19.05.2008;0.22
20.05.2008;0.26
21.05.2008;0.34
22.05.2008;0.34
23.05.2008;0.26
24.05.2008;0.22
25.05.2008;0.19
26.05.2008;0.19
27.05.2008;0.19
28.05.2008;0.19
29.05.2008;0.19
30.05.2008;0.19
31.05.2008;0.19
1.06.2008;0.16
2.06.2008;0.16
3.06.2008;0.16
4.06.2008;0.16
5.06.2008;0.13
6.06.2008;0.13
7.06.2008;0.19
8.06.2008;0.19
9.06.2008;0.19
10.06.2008;0.19
11.06.2008;0.19
12.06.2008;0.19
13.06.2008;0.3
14.06.2008;0.3
15.06.2008;0.34
16.06.2008;0.34
17.06.2008;0.3
18.06.2008;0.55
19.06.2008;0.68
20.06.2008;0.55
21.06.2008;0.44
22.06.2008;0.34
23.06.2008;0.26
24.06.2008;0.26
25.06.2008;0.19
26.06.2008;0.19
27.06.2008;0.19
28.06.2008;0.19
29.06.2008;0.16
30.06.2008;0.16
1.07.2008;0.13
2.07.2008;0.13
3.07.2008;0.13
4.07.2008;0.13
5.07.2008;0.13
6.07.2008;0.13
7.07.2008;0.13
8.07.2008;0.13
9.07.2008;0.13
10.07.2008;0.13
11.07.2008;0.13
12.07.2008;0.13
13.07.2008;0.13
14.07.2008;0.13
15.07.2008;0.13
16.07.2008;0.13
17.07.2008;0.13
18.07.2008;0.13
19.07.2008;0.13
20.07.2008;0.13
21.07.2008;0.13
22.07.2008;0.19
23.07.2008;0.16
24.07.2008;0.13
25.07.2008;0.16
26.07.2008;0.13
27.07.2008;0.13
28.07.2008;0.13
29.07.2008;0.13
30.07.2008;0.13
31.07.2008;0.13
1.08.2008;0.13
2.08.2008;0.13
3.08.2008;0.13
4.08.2008;0.13
5.08.2008;0.13
6.08.2008;0.13
7.08.2008;0.13
8.08.2008;0.13
9.08.2008;0.13
10.08.2008;0.13
11.08.2008;0.13
12.08.2008;0.13
13.08.2008;0.13
14.08.2008;0.13
15.08.2008;0.13
16.08.2008;0.13
17.08.2008;0.13
18.08.2008;0.13
19.08.2008;0.13
20.08.2008;0.13
21.08.2008;0.13
22.08.2008;0.13
23.08.2008;0.13
24.08.2008;0.13
25.08.2008;0.13
26.08.2008;0.13
27.08.2008;0.13
28.08.2008;0.13
29.08.2008;0.13
30.08.2008;0.13
31.08.2008;0.16
1.09.2008;0.13
2.09.2008;0.13
3.09.2008;0.13
4.09.2008;0.13
5.09.2008;0.13
6.09.2008;0.13
7.09.2008;0.13
8.09.2008;0.13
9.09.2008;0.13
10.09.2008;0.13
11.09.2008;0.13
12.09.2008;0.13
13.09.2008;0.13
14.09.2008;0.13
15.09.2008;0.19
16.09.2008;0.13
17.09.2008;0.13
18.09.2008;0.13
19.09.2008;0.13
20.09.2008;0.13
21.09.2008;0.13
22.09.2008;0.13
23.09.2008;0.13
24.09.2008;0.13
25.09.2008;0.13
26.09.2008;0.13
27.09.2008;0.13
28.09.2008;0.13
29.09.2008;0.13
30.09.2008;0.13
1.10.2008;0.13
2.10.2008;0.13
3.10.2008;0.13
4.10.2008;0.13
5.10.2008;0.13
6.10.2008;0.13
7.10.2008;0.13
8.10.2008;0.13
9.10.2008;0.13
10.10.2008;0.13
11.10.2008;0.13
12.10.2008;0.13
13.10.2008;0.13
14.10.2008;0.13
15.10.2008;0.13
16.10.2008;0.13
17.10.2008;0.13
18.10.2008;0.13
19.10.2008;0.13
20.10.2008;0.13
21.10.2008;0.13
22.10.2008;0.13
23.10.2008;0.13
24.10.2008;0.13
25.10.2008;0.13
26.10.2008;0.13
27.10.2008;0.13
28.10.2008;0.13
29.10.2008;0.13
30.10.2008;0.34
31.10.2008;0.81
1.11.2008;0.61
2.11.2008;0.55
3.11.2008;0.55
4.11.2008;0.44
5.11.2008;0.34
6.11.2008;3.35
7.11.2008;3.08
8.11.2008;7.31
9.11.2008;3.92
10.11.2008;1.48
11.11.2008;0.89
12.11.2008;0.68
13.11.2008;0.55
14.11.2008;0.34
15.11.2008;0.34
16.11.2008;0.3
17.11.2008;0.26
18.11.2008;0.26
19.11.2008;0.19
20.11.2008;0.16
21.11.2008;0.13
22.11.2008;0.13
23.11.2008;0.13
24.11.2008;0.13
25.11.2008;2.57
26.11.2008;11.92
27.11.2008;6.93
28.11.2008;3.63
29.11.2008;11.03
30.11.2008;8.49
1.12.2008;5.51
2.12.2008;7.89
3.12.2008;5.85
4.12.2008;5.17
5.12.2008;8.89
6.12.2008;18.21
7.12.2008;15.71
8.12.2008;12.15
9.12.2008;8.89
10.12.2008;5.85
11.12.2008;4.52
12.12.2008;8.09
13.12.2008;6.93
14.12.2008;5.85
15.12.2008;4.52
16.12.2008;4.22
17.12.2008;8.89
18.12.2008;13.78
19.12.2008;12.38
20.12.2008;8.89
21.12.2008;6.03
22.12.2008;4.37
23.12.2008;3.35
24.12.2008;2.33
25.12.2008;1.67
26.12.2008;1.29
27.12.2008;0.96
28.12.2008;0.81
29.12.2008;0.61
30.12.2008;0.55
31.12.2008;0.44
1.01.2009;0.44
2.01.2009;0.39
3.01.2009;0.34
4.01.2009;0.34
5.01.2009;0.26
6.01.2009;0.26
7.01.2009;0.22
8.01.2009;0.19
9.01.2009;0.19
10.01.2009;0.16
11.01.2009;0.16
12.01.2009;0.13
13.01.2009;0.13
14.01.2009;6.93
15.01.2009;7.7
16.01.2009;6.2
17.01.2009;3.08
18.01.2009;2.33
19.01.2009;1.29
20.01.2009;0.96
21.01.2009;1.12
22.01.2009;13.31
23.01.2009;14.49
24.01.2009;11.03
25.01.2009;7.89
26.01.2009;8.29
27.01.2009;6.2
28.01.2009;9.31
29.01.2009;6.2
30.01.2009;4.37
31.01.2009;3.08
1.02.2009;2.33
2.02.2009;1.67
3.02.2009;1.29
4.02.2009;9.73
5.02.2009;11.03
6.02.2009;7.89
7.02.2009;5.51
8.02.2009;8.89
9.02.2009;8.89
10.02.2009;6.93
11.02.2009;5.17
12.02.2009;4.68
13.02.2009;3.63
14.02.2009;2.81
15.02.2009;2.33
16.02.2009;1.48
17.02.2009;1.12
18.02.2009;0.96
19.02.2009;0.81
20.02.2009;0.61
21.02.2009;0.5
22.02.2009;0.5
23.02.2009;0.44
24.02.2009;0.39
25.02.2009;0.34
26.02.2009;0.26
27.02.2009;0.26
28.02.2009;0.26
1.03.2009;0.22
2.03.2009;0.22
3.03.2009;0.26
4.03.2009;0.26
5.03.2009;0.96
6.03.2009;11.03
7.03.2009;6.93
8.03.2009;4.37
9.03.2009;2.57
10.03.2009;1.67
11.03.2009;1.29
12.03.2009;1.04
13.03.2009;0.81
14.03.2009;0.68
15.03.2009;0.68
16.03.2009;0.55
17.03.2009;0.44
18.03.2009;0.44
19.03.2009;0.39
20.03.2009;0.39
21.03.2009;0.34
22.03.2009;0.34
23.03.2009;0.3
24.03.2009;0.26
25.03.2009;0.26
26.03.2009;0.26
27.03.2009;0.26
28.03.2009;0.26
29.03.2009;0.26
30.03.2009;0.39
31.03.2009;1.48
1.04.2009;1.67
2.04.2009;1.88
3.04.2009;2.81
4.04.2009;3.92
5.04.2009;2.81
6.04.2009;2.33
7.04.2009;1.67
8.04.2009;1.29
9.04.2009;0.96
10.04.2009;0.74
11.04.2009;0.68
12.04.2009;0.61
13.04.2009;0.55
14.04.2009;0.55
15.04.2009;0.55
16.04.2009;0.44
17.04.2009;0.34
18.04.2009;0.34
19.04.2009;0.34
20.04.2009;0.3
21.04.2009;0.3
22.04.2009;0.34
23.04.2009;0.34
24.04.2009;0.34
25.04.2009;0.39
26.04.2009;0.44
27.04.2009;0.44
28.04.2009;0.44
29.04.2009;0.44
30.04.2009;0.55
1.05.2009;0.68
2.05.2009;1.29
3.05.2009;1.99
4.05.2009;3.63
5.05.2009;2.94
6.05.2009;2.33
7.05.2009;1.29
8.05.2009;1.12
9.05.2009;0.96
10.05.2009;0.81
11.05.2009;0.68
12.05.2009;0.61
13.05.2009;0.61
14.05.2009;0.55
15.05.2009;0.5
16.05.2009;0.44
17.05.2009;0.39
18.05.2009;0.34
19.05.2009;0.26
20.05.2009;0.3
21.05.2009;0.34
22.05.2009;0.3
23.05.2009;0.3
24.05.2009;0.26
25.05.2009;0.26
26.05.2009;0.26
27.05.2009;0.3
28.05.2009;0.34
29.05.2009;0.3
30.05.2009;0.26
31.05.2009;0.26
1.06.2009;0.34
2.06.2009;8.89
3.06.2009;3.08
4.06.2009;2.33
5.06.2009;0.89
6.06.2009;0.68
7.06.2009;0.55
8.06.2009;0.44
9.06.2009;0.39
10.06.2009;0.34
11.06.2009;0.34
12.06.2009;0.34
13.06.2009;0.3
14.06.2009;0.3
15.06.2009;0.3
16.06.2009;0.26
17.06.2009;0.26
18.06.2009;0.26
19.06.2009;0.26
20.06.2009;0.26
21.06.2009;0.3
22.06.2009;0.34
23.06.2009;0.39
24.06.2009;0.44
25.06.2009;0.44
26.06.2009;0.55
27.06.2009;0.81
28.06.2009;1.48
29.06.2009;1.99
30.06.2009;2.57
1.07.2009;2.33
2.07.2009;1.77
3.07.2009;1.48
4.07.2009;1.12
5.07.2009;0.96
6.07.2009;0.89
7.07.2009;0.81
8.07.2009;0.68
9.07.2009;0.55
10.07.2009;0.55
11.07.2009;0.55
12.07.2009;0.55
13.07.2009;0.5
14.07.2009;0.44
15.07.2009;0.44
16.07.2009;0.44
17.07.2009;0.44
18.07.2009;0.44
19.07.2009;0.39
20.07.2009;0.39
21.07.2009;0.39
22.07.2009;0.34
23.07.2009;0.34
24.07.2009;0.34
25.07.2009;0.3
26.07.2009;0.3
27.07.2009;0.3
28.07.2009;0.3
29.07.2009;0.3
30.07.2009;0.3
31.07.2009;0.3
1.08.2009;0.3
2.08.2009;0.3
3.08.2009;0.3
4.08.2009;0.44
5.08.2009;0.34
6.08.2009;0.39
7.08.2009;0.44
8.08.2009;0.39
9.08.2009;0.34
10.08.2009;0.3
11.08.2009;0.26
12.08.2009;0.26
13.08.2009;0.26
14.08.2009;0.26
15.08.2009;0.26
16.08.2009;0.26
17.08.2009;0.22
18.08.2009;0.22
19.08.2009;0.22
20.08.2009;0.19
21.08.2009;0.19
22.08.2009;0.22
23.08.2009;0.22
24.08.2009;0.22
25.08.2009;0.26
26.08.2009;0.26
27.08.2009;0.22
28.08.2009;0.22
29.08.2009;0.22
30.08.2009;0.22
31.08.2009;0.22
1.09.2009;0.22
2.09.2009;0.26
3.09.2009;0.34
4.09.2009;0.3
5.09.2009;0.26
6.09.2009;0.26
7.09.2009;0.26
8.09.2009;0.22
9.09.2009;0.22
10.09.2009;0.22
11.09.2009;0.19
12.09.2009;0.19
13.09.2009;0.19
14.09.2009;0.34
15.09.2009;0.34
16.09.2009;0.3
17.09.2009;0.26
18.09.2009;0.26
19.09.2009;0.22
20.09.2009;0.22
21.09.2009;0.19
22.09.2009;0.19
23.09.2009;0.13
24.09.2009;0.13
25.09.2009;0.19
26.09.2009;0.13
27.09.2009;0.13
28.09.2009;0.13
29.09.2009;0.26
30.09.2009;0.26
1.10.2009;0.19
2.10.2009;0.19
3.10.2009;0.19
4.10.2009;0.19
5.10.2009;0.16
6.10.2009;0.19
7.10.2009;0.26
8.10.2009;0.26
9.10.2009;0.26
10.10.2009;0.26
11.10.2009;0.26
12.10.2009;0.26
13.10.2009;0.26
14.10.2009;0.26
15.10.2009;0.26
16.10.2009;0.3
17.10.2009;0.3
18.10.2009;0.3
19.10.2009;0.13
20.10.2009;0.13
21.10.2009;0.13
22.10.2009;0.13
23.10.2009;0.3
24.10.2009;1.12
25.10.2009;0.89
26.10.2009;0.68
27.10.2009;0.44
28.10.2009;0.34
29.10.2009;0.3
30.10.2009;0.26
31.10.2009;0.26
1.11.2009;0.22
2.11.2009;0.19
3.11.2009;0.26
4.11.2009;0.34
5.11.2009;0.96
6.11.2009;1.48
7.11.2009;2.1
8.11.2009;2.94
9.11.2009;5.51
10.11.2009;3.08
11.11.2009;3.35
12.11.2009;2.33
13.11.2009;1.48
14.11.2009;0.96
15.11.2009;0.81
16.11.2009;0.68
17.11.2009;0.55
18.11.2009;0.5
19.11.2009;0.44
20.11.2009;0.34
21.11.2009;0.34
22.11.2009;0.3
23.11.2009;0.26
24.11.2009;0.26
25.11.2009;0.26
26.11.2009;0.22
27.11.2009;0.22
28.11.2009;0.22
29.11.2009;0.26
30.11.2009;0.3
1.12.2009;0.55
2.12.2009;14.25
3.12.2009;6.93
4.12.2009;3.92
5.12.2009;2.57
6.12.2009;1.77
7.12.2009;1.12
8.12.2009;1.29
9.12.2009;2.1
10.12.2009;2.33
11.12.2009;1.77
12.12.2009;1.48
13.12.2009;1.12
14.12.2009;0.96
15.12.2009;0.81
16.12.2009;0.68
17.12.2009;0.55
18.12.2009;0.55
19.12.2009;0.55
20.12.2009;0.55
21.12.2009;0.81
22.12.2009;2.33
23.12.2009;14.73
24.12.2009;12.84
25.12.2009;11.47
26.12.2009;12.38
27.12.2009;13.78
28.12.2009;12.15
29.12.2009;7.7
30.12.2009;7.31
31.12.2009;6.93
1.01.2010;9.41
2.01.2010;12.8
3.01.2010;9.51
4.01.2010;6.68
5.01.2010;4.86
6.01.2010;11.2
7.01.2010;14.2
8.01.2010;15.1
9.01.2010;21.1
10.01.2010;18.5
11.01.2010;15.1
12.01.2010;12
13.01.2010;9.15
14.01.2010;6.85
15.01.2010;4.91
16.01.2010;3.6
17.01.2010;2.63
18.01.2010;1.98
19.01.2010;1.59
20.01.2010;1.65
21.01.2010;1.26
22.01.2010;1.08
23.01.2010;0.92
24.01.2010;0.77
25.01.2010;0.56
26.01.2010;0.5
27.01.2010;0.5
28.01.2010;0.45
29.01.2010;0.45
30.01.2010;0.41
31.01.2010;0.5
1.02.2010;0.63
2.02.2010;0.63
3.02.2010;0.5
4.02.2010;0.5
5.02.2010;1.76
6.02.2010;2.85
7.02.2010;2.33
8.02.2010;2.1
9.02.2010;1.55
10.02.2010;0.92
11.02.2010;0.92
12.02.2010;0.92
13.02.2010;0.84
14.02.2010;0.77
15.02.2010;0.77
16.02.2010;0.77
17.02.2010;0.86
18.02.2010;2.31
19.02.2010;11.1
20.02.2010;13.2
21.02.2010;12.5
22.02.2010;10.9
23.02.2010;8
24.02.2010;7.81
25.02.2010;7.53
26.02.2010;5.73
27.02.2010;9.04
28.02.2010;7.54
1.03.2010;5.45
2.03.2010;4.95
3.03.2010;7.07
4.03.2010;5.63
5.03.2010;4.46
6.03.2010;3.76
7.03.2010;2.97
8.03.2010;2.24
9.03.2010;1.77
10.03.2010;1.33
11.03.2010;1.16
12.03.2010;1.06
13.03.2010;0.94
14.03.2010;0.89
15.03.2010;0.87
16.03.2010;0.91
17.03.2010;1.1
18.03.2010;1.45
19.03.2010;1.98
20.03.2010;2.33
21.03.2010;2.85
22.03.2010;4.46
23.03.2010;4.78
24.03.2010;5.28
25.03.2010;5.98
26.03.2010;5.28
27.03.2010;4.78
28.03.2010;4.44
29.03.2010;3.32
30.03.2010;2.76
31.03.2010;2.73
1.04.2010;2.52
2.04.2010;2.07
3.04.2010;1.86
4.04.2010;1.66
5.04.2010;2.94
6.04.2010;6.45
7.04.2010;4.44
8.04.2010;3.17
9.04.2010;2.38
10.04.2010;1.93
11.04.2010;1.72
12.04.2010;2.55
13.04.2010;11.7
14.04.2010;10.8
15.04.2010;9.59
16.04.2010;7.13
17.04.2010;5.08
18.04.2010;3.76
19.04.2010;3.05
20.04.2010;2.52
21.04.2010;2.1
22.04.2010;1.78
23.04.2010;1.52
24.04.2010;1.35
25.04.2010;1.26
26.04.2010;1.1
27.04.2010;1.27
28.04.2010;1.55
29.04.2010;1.47
30.04.2010;1.27
1.05.2010;1.12
2.05.2010;0.99
3.05.2010;0.89
4.05.2010;0.77
5.05.2010;0.67
6.05.2010;0.67
7.05.2010;0.61
8.05.2010;0.57
9.05.2010;0.6
10.05.2010;0.58
11.05.2010;0.55
12.05.2010;0.54
13.05.2010;0.52
14.05.2010;0.51
15.05.2010;2.08
16.05.2010;11.3
17.05.2010;6.95
18.05.2010;4.11
19.05.2010;2.87
20.05.2010;2.18
21.05.2010;1.8
22.05.2010;1.43
23.05.2010;1.21
24.05.2010;1.04
25.05.2010;0.91
26.05.2010;0.74
27.05.2010;0.7
28.05.2010;0.64
29.05.2010;0.62
30.05.2010;0.64
31.05.2010;0.75
1.06.2010;1.26
2.06.2010;1.21
3.06.2010;1.4
4.06.2010;1.45
5.06.2010;1.4
6.06.2010;1.17
7.06.2010;1.13
8.06.2010;1.09
9.06.2010;1.04
10.06.2010;0.98
11.06.2010;0.92
12.06.2010;0.89
13.06.2010;0.83
14.06.2010;0.74
15.06.2010;0.63
16.06.2010;0.57
17.06.2010;0.51
18.06.2010;0.48
19.06.2010;0.49
20.06.2010;0.49
21.06.2010;1.65
22.06.2010;1.81
23.06.2010;1.47
24.06.2010;1.04
25.06.2010;0.82
26.06.2010;0.71
27.06.2010;0.62
28.06.2010;0.56
29.06.2010;0.51
30.06.2010;0.5
1.07.2010;0.45
2.07.2010;0.45
3.07.2010;0.43
4.07.2010;0.38
5.07.2010;0.36
6.07.2010;0.35
7.07.2010;0.34
8.07.2010;0.32
9.07.2010;0.32
10.07.2010;0.32
11.07.2010;0.3
12.07.2010;0.31
13.07.2010;0.33
14.07.2010;0.29
15.07.2010;0.35
16.07.2010;0.32
17.07.2010;0.31
18.07.2010;0.3
19.07.2010;0.28
20.07.2010;0.28
21.07.2010;0.28
22.07.2010;0.28
23.07.2010;0.26
24.07.2010;0.26
25.07.2010;0.26
26.07.2010;0.26
27.07.2010;0.26
28.07.2010;0.26
29.07.2010;0.26
30.07.2010;0.26
31.07.2010;0.28
1.08.2010;0.28
2.08.2010;0.28
3.08.2010;0.37
4.08.2010;0.3
5.08.2010;0.26
6.08.2010;0.26
7.08.2010;0.26
8.08.2010;0.26
9.08.2010;0.26
10.08.2010;0.26
11.08.2010;0.26
12.08.2010;0.26
13.08.2010;0.26
14.08.2010;0.26
15.08.2010;0.26
16.08.2010;0.26
17.08.2010;0.26
18.08.2010;0.26
19.08.2010;0.26
20.08.2010;0.26
21.08.2010;0.26
22.08.2010;0.26
23.08.2010;0.26
24.08.2010;0.26
25.08.2010;0.26
26.08.2010;0.26
27.08.2010;0.26
28.08.2010;0.26
29.08.2010;0.24
30.08.2010;0.24
31.08.2010;0.37
1.09.2010;0.28
2.09.2010;0.26
3.09.2010;0.26
4.09.2010;0.26
5.09.2010;0.26
6.09.2010;0.26
7.09.2010;0.26
8.09.2010;0.24
9.09.2010;0.24
10.09.2010;0.24
11.09.2010;0.24
12.09.2010;0.24
13.09.2010;0.24
14.09.2010;0.24
15.09.2010;0.24
16.09.2010;0.24
17.09.2010;0.24
18.09.2010;0.24
19.09.2010;0.26
20.09.2010;0.26
21.09.2010;0.24
22.09.2010;0.24
23.09.2010;0.26
24.09.2010;0.26
25.09.2010;0.26
26.09.2010;0.28
27.09.2010;0.41
28.09.2010;0.33
29.09.2010;0.28
30.09.2010;0.28
1.10.2010;0.26
2.10.2010;0.24
3.10.2010;0.24
4.10.2010;0.26
5.10.2010;0.28
6.10.2010;0.26
7.10.2010;0.26
8.10.2010;0.24
9.10.2010;0.24
10.10.2010;0.24
11.10.2010;0.22
12.10.2010;0.22
13.10.2010;0.24
14.10.2010;0.28
15.10.2010;0.26
16.10.2010;0.24
17.10.2010;0.24
18.10.2010;0.3
19.10.2010;0.28
20.10.2010;0.24
21.10.2010;0.24
22.10.2010;0.24
23.10.2010;0.24
24.10.2010;0.24
25.10.2010;0.24
26.10.2010;0.37
27.10.2010;0.92
28.10.2010;0.77
29.10.2010;0.5
30.10.2010;0.45
31.10.2010;0.41
1.11.2010;0.33
2.11.2010;0.33
3.11.2010;0.41
4.11.2010;0.77
5.11.2010;0.5
6.11.2010;0.41
7.11.2010;0.41
8.11.2010;0.5
9.11.2010;7.81
10.11.2010;17.1
11.11.2010;12.3
12.11.2010;7.44
13.11.2010;3.69
14.11.2010;2.33
15.11.2010;1.45
16.11.2010;1
17.11.2010;0.92
18.11.2010;1.26
19.11.2010;3.12
20.11.2010;4.95
21.11.2010;2.98
22.11.2010;2.85
23.11.2010;12.3
24.11.2010;9.75
25.11.2010;7.44
26.11.2010;6.33
27.11.2010;5.45
28.11.2010;8.57
29.11.2010;13.7
30.11.2010;12.3
1.12.2010;14.2
2.12.2010;17.4
3.12.2010;14.7
4.12.2010;14.2
5.12.2010;11.8
6.12.2010;8.96
7.12.2010;6.7
8.12.2010;6.33
9.12.2010;5.28
10.12.2010;5.98
11.12.2010;4.46
12.12.2010;3.4
13.12.2010;2.58
14.12.2010;1.98
15.12.2010;1.55
16.12.2010;1.24
17.12.2010;1.01
18.12.2010;1.01
19.12.2010;0.69
20.12.2010;0.65
21.12.2010;1.04
22.12.2010;4.11
23.12.2010;5.13
24.12.2010;11.3
25.12.2010;10.4
26.12.2010;11.2
27.12.2010;6.76
28.12.2010;4.91
29.12.2010;3.4
30.12.2010;2.37
31.12.2010;1.8
1.01.2011;1.44
2.01.2011;1.2
3.01.2011;0.94
4.01.2011;0.77
5.01.2011;0.66
6.01.2011;0.55
7.01.2011;0.47
8.01.2011;0.41
9.01.2011;0.39
10.01.2011;0.36
11.01.2011;0.35
12.01.2011;0.66
13.01.2011;0.73
14.01.2011;0.63
15.01.2011;0.53
16.01.2011;0.45
17.01.2011;0.41
18.01.2011;0.38
19.01.2011;0.37
20.01.2011;0.35
21.01.2011;0.33
22.01.2011;0.31
23.01.2011;0.33
24.01.2011;0.29
25.01.2011;0.28
26.01.2011;0.27
27.01.2011;0.26
28.01.2011;0.24
29.01.2011;0.23
30.01.2011;0.22
31.01.2011;0.21
1.02.2011;0.21
2.02.2011;0.21
3.02.2011;0.2
4.02.2011;0.21
5.02.2011;0.2
6.02.2011;0.2
7.02.2011;0.21
8.02.2011;0.2
9.02.2011;0.2
10.02.2011;0.2
11.02.2011;0.2
12.02.2011;0.2
13.02.2011;0.19
14.02.2011;0.19
15.02.2011;0.2
16.02.2011;0.19
17.02.2011;0.24
18.02.2011;0.32
19.02.2011;0.34
20.02.2011;0.32
21.02.2011;0.3
22.02.2011;0.28
23.02.2011;0.27
24.02.2011;0.25
25.02.2011;0.24
26.02.2011;0.23
27.02.2011;0.22
28.02.2011;0.22
1.03.2011;0.22
2.03.2011;0.21
3.03.2011;0.21
4.03.2011;0.21
5.03.2011;0.21
6.03.2011;0.21
7.03.2011;0.22
8.03.2011;0.23
9.03.2011;0.23
10.03.2011;0.24
11.03.2011;0.24
12.03.2011;0.24
13.03.2011;0.25
14.03.2011;0.25
15.03.2011;0.32
16.03.2011;0.37
17.03.2011;6.09
18.03.2011;7.07
19.03.2011;3.88
20.03.2011;2.33
21.03.2011;1.6
22.03.2011;1.15
23.03.2011;0.9
24.03.2011;0.74
25.03.2011;0.65
26.03.2011;0.58
27.03.2011;0.47
28.03.2011;0.39
29.03.2011;0.34
30.03.2011;0.31
31.03.2011;0.29
1.04.2011;0.28
2.04.2011;0.26
3.04.2011;0.25
4.04.2011;0.24
5.04.2011;0.23
6.04.2011;0.22
7.04.2011;0.22
8.04.2011;0.22
9.04.2011;0.22
10.04.2011;0.22
11.04.2011;0.22
12.04.2011;0.22
13.04.2011;0.23
14.04.2011;0.25
15.04.2011;0.25
16.04.2011;0.25
17.04.2011;0.26
18.04.2011;0.27
19.04.2011;0.27
20.04.2011;0.27
21.04.2011;0.27
22.04.2011;0.27
23.04.2011;0.26
24.04.2011;0.25
25.04.2011;0.26
26.04.2011;0.24
27.04.2011;0.24
28.04.2011;0.24
29.04.2011;0.24
30.04.2011;0.25
1.05.2011;0.26
2.05.2011;0.44
3.05.2011;0.58
4.05.2011;0.8
5.05.2011;0.77
6.05.2011;0.62
7.05.2011;0.52
8.05.2011;0.45
9.05.2011;0.4
10.05.2011;0.35
11.05.2011;0.33
12.05.2011;0.32
13.05.2011;0.29
14.05.2011;0.28
15.05.2011;0.28
16.05.2011;0.3
17.05.2011;0.28
18.05.2011;0.28
19.05.2011;0.28
20.05.2011;0.29
21.05.2011;0.28
22.05.2011;0.3
23.05.2011;0.32
24.05.2011;0.32
25.05.2011;0.33
26.05.2011;0.32
27.05.2011;0.3
28.05.2011;0.3
29.05.2011;0.29
30.05.2011;0.29
31.05.2011;0.28
1.06.2011;0.28
2.06.2011;0.27
3.06.2011;0.27
4.06.2011;0.27
5.06.2011;0.27
6.06.2011;0.27
7.06.2011;0.27
8.06.2011;0.3
9.06.2011;0.63
10.06.2011;0.4
11.06.2011;0.35
12.06.2011;0.31
13.06.2011;0.3
14.06.2011;0.28
15.06.2011;0.28
16.06.2011;0.28
17.06.2011;0.27
18.06.2011;0.28
19.06.2011;0.28
20.06.2011;0.28
21.06.2011;0.27
22.06.2011;0.27
23.06.2011;0.26
24.06.2011;0.26
25.06.2011;0.25
26.06.2011;0.25
27.06.2011;0.25
28.06.2011;0.3
29.06.2011;0.31
30.06.2011;0.27
1.07.2011;0.26
2.07.2011;0.25
3.07.2011;0.24
4.07.2011;0.25
5.07.2011;0.25
6.07.2011;0.25
7.07.2011;0.24
8.07.2011;0.24
9.07.2011;0.23
10.07.2011;0.23
11.07.2011;0.23
12.07.2011;0.22
13.07.2011;0.22
14.07.2011;0.22
15.07.2011;0.23
16.07.2011;0.19
17.07.2011;0.18
18.07.2011;0.18
19.07.2011;0.18
20.07.2011;0.18
21.07.2011;0.18
22.07.2011;0.18
23.07.2011;0.18
24.07.2011;0.18
25.07.2011;0.18
26.07.2011;0.18
27.07.2011;0.18
28.07.2011;0.2
29.07.2011;0.21
30.07.2011;0.21
31.07.2011;0.2
1.08.2011;0.19
2.08.2011;0.19
3.08.2011;0.19
4.08.2011;0.2
5.08.2011;0.2
6.08.2011;0.19
7.08.2011;0.19
8.08.2011;0.2
9.08.2011;0.19
10.08.2011;0.19
11.08.2011;0.18
12.08.2011;0.18
13.08.2011;0.19
14.08.2011;0.18
15.08.2011;0.18
16.08.2011;0.18
17.08.2011;0.19
18.08.2011;0.18
19.08.2011;0.18
20.08.2011;0.19
21.08.2011;0.18
22.08.2011;0.19
23.08.2011;0.18
24.08.2011;0.18
25.08.2011;0.18
26.08.2011;0.18
27.08.2011;0.18
28.08.2011;0.18
29.08.2011;0.18
30.08.2011;0.18
31.08.2011;0.17
1.09.2011;0.18
2.09.2011;0.18
3.09.2011;0.18
4.09.2011;0.18
5.09.2011;0.17
6.09.2011;0.17
7.09.2011;0.17
8.09.2011;0.18
9.09.2011;0.18
10.09.2011;0.17
11.09.2011;0.17
12.09.2011;0.17
13.09.2011;0.17
14.09.2011;0.17
15.09.2011;0.17
16.09.2011;0.17
17.09.2011;0.17
18.09.2011;0.17
19.09.2011;0.17
20.09.2011;0.17
21.09.2011;0.17
22.09.2011;0.17
23.09.2011;0.17
24.09.2011;0.17
25.09.2011;0.17
26.09.2011;0.17
27.09.2011;0.17
28.09.2011;0.17
29.09.2011;0.17
30.09.2011;0.17
1.10.2011;0.17
2.10.2011;0.17
3.10.2011;0.17
4.10.2011;0.17
5.10.2011;0.17
6.10.2011;0.17
7.10.2011;0.17
8.10.2011;0.17
9.10.2011;0.17
10.10.2011;0.17
11.10.2011;0.17
12.10.2011;0.17
13.10.2011;0.18
14.10.2011;0.17
15.10.2011;0.17
16.10.2011;0.17
17.10.2011;0.17
18.10.2011;0.17
19.10.2011;0.17
20.10.2011;0.17
21.10.2011;0.18
22.10.2011;0.18
23.10.2011;0.17
24.10.2011;0.17
25.10.2011;0.18
26.10.2011;0.17
27.10.2011;0.18
28.10.2011;0.2
29.10.2011;0.18
30.10.2011;0.18
31.10.2011;0.18
1.11.2011;0.17
2.11.2011;0.17
3.11.2011;0.17
4.11.2011;0.17
5.11.2011;0.17
6.11.2011;0.17
7.11.2011;0.21
8.11.2011;0.28
9.11.2011;0.28
10.11.2011;0.28
11.11.2011;0.24
12.11.2011;0.22
13.11.2011;0.21
14.11.2011;0.19
15.11.2011;0.17
16.11.2011;0.17
17.11.2011;0.17
18.11.2011;0.16
19.11.2011;0.16
20.11.2011;0.16
21.11.2011;0.16
22.11.2011;0.16
23.11.2011;0.16
24.11.2011;0.16
25.11.2011;0.16
26.11.2011;0.16
27.11.2011;0.16
28.11.2011;0.16
29.11.2011;0.16
30.11.2011;0.16
1.12.2011;0.16
2.12.2011;0.16
3.12.2011;0.16
4.12.2011;0.16
5.12.2011;0.16
6.12.2011;0.19
7.12.2011;0.24
8.12.2011;0.21
9.12.2011;0.21
10.12.2011;0.19
11.12.2011;0.19
12.12.2011;0.19
13.12.2011;1.85
14.12.2011;1.36
15.12.2011;0.56
16.12.2011;1.58
17.12.2011;6.64
18.12.2011;2.7
19.12.2011;1.3
20.12.2011;0.77
21.12.2011;0.54
22.12.2011;0.4
23.12.2011;0.33
24.12.2011;0.29
25.12.2011;0.24
26.12.2011;0.22
27.12.2011;0.2
28.12.2011;0.2
29.12.2011;0.2
30.12.2011;0.19
31.12.2011;0.19
1.01.2012;0.18
2.01.2012;0.18
3.01.2012;0.18
4.01.2012;0.18
5.01.2012;0.2
6.01.2012;0.33
7.01.2012;0.39
8.01.2012;0.33
9.01.2012;0.28
10.01.2012;0.24
11.01.2012;0.22
12.01.2012;0.21
13.01.2012;0.2
14.01.2012;0.2
15.01.2012;0.19
16.01.2012;0.19
17.01.2012;0.18
18.01.2012;0.18
19.01.2012;0.18
20.01.2012;0.18
21.01.2012;0.18
22.01.2012;0.17
23.01.2012;0.17
24.01.2012;0.19
25.01.2012;0.18
26.01.2012;0.17
27.01.2012;0.17
28.01.2012;0.17
29.01.2012;0.17
30.01.2012;0.17
31.01.2012;0.17
1.02.2012;0.17
2.02.2012;0.17
3.02.2012;0.16
4.02.2012;0.16
5.02.2012;0.16
6.02.2012;0.16
7.02.2012;0.16
8.02.2012;0.16
9.02.2012;0.16
10.02.2012;0.16
11.02.2012;0.16
12.02.2012;0.16
13.02.2012;0.16
14.02.2012;0.16
15.02.2012;0.16
16.02.2012;0.16
17.02.2012;0.16
18.02.2012;0.16
19.02.2012;0.16
20.02.2012;0.16
21.02.2012;0.16
22.02.2012;0.16
23.02.2012;0.17
24.02.2012;0.18
25.02.2012;0.23
26.02.2012;0.52
27.02.2012;0.74
28.02.2012;0.41
29.02.2012;0.9
1.03.2012;3.14
2.03.2012;2.41
3.03.2012;2.38
4.03.2012;2.26
5.03.2012;1.42
6.03.2012;1.03
7.03.2012;0.63
8.03.2012;0.52
9.03.2012;0.5
10.03.2012;0.42
11.03.2012;0.43
12.03.2012;0.43
13.03.2012;0.38
14.03.2012;0.43
15.03.2012;0.46
16.03.2012;0.44
17.03.2012;0.42
18.03.2012;0.43
19.03.2012;0.51
20.03.2012;0.56
21.03.2012;0.53
22.03.2012;0.5
23.03.2012;0.48
24.03.2012;0.45
25.03.2012;0.44
26.03.2012;0.43
27.03.2012;0.41
28.03.2012;0.4
29.03.2012;0.39
30.03.2012;0.4
31.03.2012;0.37
1.04.2012;0.36
2.04.2012;0.32
3.04.2012;0.28
4.04.2012;0.26
5.04.2012;0.28
6.04.2012;0.31
7.04.2012;0.34
8.04.2012;2.27
9.04.2012;1.91
10.04.2012;1.14
11.04.2012;0.8
12.04.2012;0.86
13.04.2012;1.13
14.04.2012;1.1
15.04.2012;1.28
16.04.2012;1.89
17.04.2012;4.91
18.04.2012;3.7
19.04.2012;2.71
20.04.2012;4.84
21.04.2012;6.55
22.04.2012;4.24
23.04.2012;3.65
24.04.2012;3.16
25.04.2012;4.93
26.04.2012;4.65
27.04.2012;2.78
28.04.2012;1.9
29.04.2012;1.4
30.04.2012;1.07
1.05.2012;0.87
2.05.2012;0.72
3.05.2012;0.64
4.05.2012;0.49
5.05.2012;0.45
6.05.2012;0.42
7.05.2012;0.67
8.05.2012;2
9.05.2012;1.3
10.05.2012;0.91
11.05.2012;0.7
12.05.2012;0.59
13.05.2012;0.53
14.05.2012;0.51
15.05.2012;0.48
16.05.2012;0.46
17.05.2012;0.61
18.05.2012;0.75
19.05.2012;0.69
20.05.2012;0.62
21.05.2012;0.56
22.05.2012;0.72
23.05.2012;1.05
24.05.2012;0.88
25.05.2012;0.74
26.05.2012;0.63
27.05.2012;0.61
28.05.2012;0.56
29.05.2012;0.51
30.05.2012;0.47
31.05.2012;0.43
1.06.2012;0.43
2.06.2012;0.4
3.06.2012;0.38
4.06.2012;0.37
5.06.2012;0.37
6.06.2012;0.35
7.06.2012;0.32
8.06.2012;0.3
9.06.2012;0.29
10.06.2012;0.26
11.06.2012;0.27
12.06.2012;0.27
13.06.2012;0.27
14.06.2012;0.28
15.06.2012;0.27
16.06.2012;0.26
17.06.2012;0.27
18.06.2012;0.28
19.06.2012;0.25
20.06.2012;0.25
21.06.2012;0.24
22.06.2012;0.21
23.06.2012;0.22
24.06.2012;0.22
25.06.2012;0.22
26.06.2012;0.21
27.06.2012;0.22
28.06.2012;0.21
29.06.2012;0.22
30.06.2012;0.22
1.07.2012;0.22
2.07.2012;0.22
3.07.2012;0.21
4.07.2012;0.22
5.07.2012;0.21
6.07.2012;0.21
7.07.2012;0.22
8.07.2012;0.22
9.07.2012;0.22
10.07.2012;0.21
11.07.2012;0.2
12.07.2012;0.2
13.07.2012;0.21
14.07.2012;0.21
15.07.2012;0.21
16.07.2012;0.22
17.07.2012;0.21
18.07.2012;0.21
19.07.2012;0.22
20.07.2012;0.21
21.07.2012;0.21
22.07.2012;0.22
23.07.2012;0.22
24.07.2012;0.22
25.07.2012;0.22
26.07.2012;0.23
27.07.2012;0.21
28.07.2012;0.23
29.07.2012;0.22
30.07.2012;0.22
31.07.2012;0.22
1.08.2012;0.22
2.08.2012;0.21
3.08.2012;0.22
4.08.2012;0.22
5.08.2012;0.21
6.08.2012;0.22
7.08.2012;0.21
8.08.2012;0.21
9.08.2012;0.21
10.08.2012;0.21
11.08.2012;0.2
12.08.2012;0.2
13.08.2012;0.2
14.08.2012;0.21
15.08.2012;0.21
16.08.2012;0.21
17.08.2012;0.21
18.08.2012;0.2
19.08.2012;0.21
20.08.2012;0.2
21.08.2012;0.21
22.08.2012;0.2
23.08.2012;0.2
24.08.2012;0.2
25.08.2012;0.2
26.08.2012;0.2
27.08.2012;0.19
28.08.2012;0.2
29.08.2012;0.18
30.08.2012;0.19
31.08.2012;0.18
1.09.2012;0.18
2.09.2012;0.18
3.09.2012;0.18
4.09.2012;0.18
5.09.2012;0.18
6.09.2012;0.18
7.09.2012;0.18
8.09.2012;0.17
9.09.2012;0.18
10.09.2012;0.18
11.09.2012;0.18
12.09.2012;0.18
13.09.2012;2.41
14.09.2012;4.65
15.09.2012;1.45
16.09.2012;0.69
17.09.2012;0.43
18.09.2012;0.31
19.09.2012;0.26
20.09.2012;0.26
21.09.2012;0.28
22.09.2012;0.28
23.09.2012;0.26
24.09.2012;0.25
25.09.2012;0.23
26.09.2012;0.21
27.09.2012;0.21
28.09.2012;0.2
29.09.2012;0.2
30.09.2012;0.19
1.10.2012;0.19
2.10.2012;0.23
3.10.2012;0.3
4.10.2012;0.28
5.10.2012;0.26
6.10.2012;0.23
7.10.2012;0.22
8.10.2012;0.21
9.10.2012;0.2
10.10.2012;0.2
11.10.2012;0.2
12.10.2012;0.23
13.10.2012;1.5
14.10.2012;3.63
15.10.2012;2.17
16.10.2012;11
17.10.2012;6.7
18.10.2012;2.26
19.10.2012;1.11
20.10.2012;0.69
21.10.2012;0.51
22.10.2012;0.4
23.10.2012;0.33
24.10.2012;0.28
25.10.2012;0.26
26.10.2012;0.25
27.10.2012;1.53
28.10.2012;27.5
29.10.2012;21.3
30.10.2012;11.9
31.10.2012;7.09
1.11.2012;6.52
2.11.2012;9.69
3.11.2012;7.65
4.11.2012;5.48
5.11.2012;4.45
6.11.2012;9.85
7.11.2012;7.12
8.11.2012;4.44
9.11.2012;2.41
10.11.2012;1.24
11.11.2012;0.78
12.11.2012;0.49
13.11.2012;0.36
14.11.2012;0.3
15.11.2012;0.26
16.11.2012;0.22
17.11.2012;0.2
18.11.2012;0.19
19.11.2012;0.17
20.11.2012;0.16
21.11.2012;0.16
22.11.2012;0.16
23.11.2012;0.16
24.11.2012;0.15
25.11.2012;0.15
26.11.2012;0.15
27.11.2012;0.15
28.11.2012;0.15
29.11.2012;1.3
30.11.2012;11.6
1.12.2012;15.76
2.12.2012;18
3.12.2012;16.69
4.12.2012;9.06
5.12.2012;5.92
6.12.2012;4.12
7.12.2012;2.43
8.12.2012;3.82
9.12.2012;3.76
10.12.2012;1.77
11.12.2012;1.03
12.12.2012;0.56
13.12.2012;0.37
14.12.2012;0.28
15.12.2012;0.9
16.12.2012;12.5
17.12.2012;8.79
18.12.2012;10.1
19.12.2012;5.96
20.12.2012;3.27
21.12.2012;2.05
22.12.2012;1.24
23.12.2012;0.78
24.12.2012;0.5
25.12.2012;0.38
26.12.2012;0.39
27.12.2012;1.41
28.12.2012;5
29.12.2012;5.79
30.12.2012;2.91
31.12.2012;1.54
1.01.2013;1.7
2.01.2013;1.25
3.01.2013;0.87
4.01.2013;0.68
5.01.2013;0.6
6.01.2013;0.51
7.01.2013;0.45
8.01.2013;0.38
9.01.2013;0.35
10.01.2013;0.34
11.01.2013;0.33
12.01.2013;0.3
13.01.2013;0.28
14.01.2013;0.29
15.01.2013;2.41
16.01.2013;4.88
17.01.2013;4.36
18.01.2013;2.51
19.01.2013;1.39
20.01.2013;1.33
21.01.2013;18.1
22.01.2013;19.4
23.01.2013;10.6
24.01.2013;10.2
25.01.2013;6.27
26.01.2013;4.25
27.01.2013;2.63
28.01.2013;1.65
29.01.2013;1.33
30.01.2013;1.13
31.01.2013;1.02
1.02.2013;1.06
2.02.2013;1.43
3.02.2013;4.82
4.02.2013;4.22
5.02.2013;2.69
6.02.2013;2.21
7.02.2013;3.37
8.02.2013;2.48
9.02.2013;1.6
10.02.2013;1.04
11.02.2013;0.89
12.02.2013;2.69
13.02.2013;9.14
14.02.2013;5.06
15.02.2013;2.36
16.02.2013;1.85
17.02.2013;1.33
18.02.2013;1.03
19.02.2013;0.82
20.02.2013;0.66
21.02.2013;0.55
22.02.2013;0.5
23.02.2013;2.04
24.02.2013;10.4
25.02.2013;10.4
26.02.2013;5.95
27.02.2013;3.35
28.02.2013;2.36
1.03.2013;1.76
2.03.2013;1.45
3.03.2013;1.08
4.03.2013;0.92
5.03.2013;0.77
6.03.2013;0.69
7.03.2013;1.45
8.03.2013;3.88
9.03.2013;5.76
10.03.2013;7.94
11.03.2013;9.77
12.03.2013;9.9
13.03.2013;8.24
14.03.2013;9.83
15.03.2013;9.65
16.03.2013;5.93
17.03.2013;4.52
18.03.2013;4.74
19.03.2013;14.2
20.03.2013;9.36
21.03.2013;6.74
22.03.2013;6.78
23.03.2013;4.92
24.03.2013;4.03
25.03.2013;3.14
26.03.2013;2.49
27.03.2013;1.98
28.03.2013;1.76
29.03.2013;2.7
30.03.2013;5.42
31.03.2013;10.2
1.04.2013;15.9
2.04.2013;13.5
3.04.2013;15.1
4.04.2013;11
5.04.2013;8.61
6.04.2013;9.42
7.04.2013;7.83
8.04.2013;5.85
9.04.2013;4.57
10.04.2013;3.52
11.04.2013;2.77
12.04.2013;2.43
13.04.2013;2.08
14.04.2013;1.67
15.04.2013;1.52
16.04.2013;1.31
17.04.2013;1.15
18.04.2013;1.06
19.04.2013;0.97
20.04.2013;0.86
21.04.2013;0.89
22.04.2013;0.92
23.04.2013;1.05
24.04.2013;0.89
25.04.2013;0.82
26.04.2013;0.79
27.04.2013;0.8
28.04.2013;0.81
29.04.2013;0.7
30.04.2013;0.64
1.05.2013;0.61
2.05.2013;0.56
3.05.2013;0.53
4.05.2013;0.51
5.05.2013;0.47
6.05.2013;0.49
7.05.2013;1.43
8.05.2013;2.62
9.05.2013;1.73
10.05.2013;1.35
11.05.2013;1.14
12.05.2013;1.01
13.05.2013;0.88
14.05.2013;0.77
15.05.2013;0.73
16.05.2013;0.66
17.05.2013;0.61
18.05.2013;0.53
19.05.2013;0.46
20.05.2013;0.41
21.05.2013;0.38
22.05.2013;0.4
23.05.2013;0.47
24.05.2013;0.68
25.05.2013;0.99
26.05.2013;3.85
27.05.2013;6.67
28.05.2013;3.65
29.05.2013;2.37
30.05.2013;1.61
31.05.2013;1.19
1.06.2013;8.17
2.06.2013;10.3
3.06.2013;5.65
4.06.2013;3.48
5.06.2013;2.79
6.06.2013;2.06
7.06.2013;1.67
8.06.2013;1.33
9.06.2013;1.28
10.06.2013;1.14
11.06.2013;1.84
12.06.2013;2.03
13.06.2013;1.52
14.06.2013;1.38
15.06.2013;1.22
16.06.2013;1.06
17.06.2013;0.97
18.06.2013;0.9
19.06.2013;0.77
20.06.2013;0.77
21.06.2013;0.62
22.06.2013;0.55
23.06.2013;0.5
24.06.2013;0.47
25.06.2013;0.47
26.06.2013;0.44
27.06.2013;0.42
28.06.2013;0.43
29.06.2013;0.42
30.06.2013;0.42
1.07.2013;0.43
2.07.2013;0.43
3.07.2013;0.42
4.07.2013;0.42
5.07.2013;0.4
6.07.2013;0.4
7.07.2013;0.4
8.07.2013;0.41
9.07.2013;0.4
10.07.2013;0.4
11.07.2013;0.4
12.07.2013;0.4
13.07.2013;0.4
14.07.2013;0.39
15.07.2013;0.38
16.07.2013;0.36
17.07.2013;0.36
18.07.2013;0.36
19.07.2013;0.36
20.07.2013;0.37
21.07.2013;0.36
22.07.2013;0.36
23.07.2013;0.37
24.07.2013;0.36
25.07.2013;0.36
26.07.2013;0.36
27.07.2013;0.36
28.07.2013;0.34
29.07.2013;0.34
30.07.2013;0.35
31.07.2013;0.34
1.08.2013;0.34
2.08.2013;0.34
3.08.2013;0.34
4.08.2013;0.32
5.08.2013;0.32
6.08.2013;0.31
7.08.2013;0.3
8.08.2013;0.3
9.08.2013;0.32
10.08.2013;0.28
11.08.2013;0.29
12.08.2013;0.31
13.08.2013;0.27
14.08.2013;0.29
15.08.2013;0.29
16.08.2013;0.3
17.08.2013;0.28
18.08.2013;0.29
19.08.2013;0.27
20.08.2013;0.26
21.08.2013;0.27
22.08.2013;0.25
23.08.2013;0.25
24.08.2013;0.25
25.08.2013;0.28
26.08.2013;0.26
27.08.2013;0.3
28.08.2013;0.43
29.08.2013;0.33
30.08.2013;0.29
31.08.2013;0.3
1.09.2013;0.31
2.09.2013;0.3
3.09.2013;0.3
4.09.2013;0.32
5.09.2013;0.28
6.09.2013;0.29
7.09.2013;0.29
8.09.2013;0.29
9.09.2013;0.29
10.09.2013;0.3
11.09.2013;0.33
12.09.2013;0.37
13.09.2013;0.37
14.09.2013;0.33
15.09.2013;0.32
16.09.2013;0.34
17.09.2013;0.76
18.09.2013;1.67
19.09.2013;0.95
20.09.2013;0.6
21.09.2013;0.49
22.09.2013;0.43
23.09.2013;0.38
24.09.2013;0.38
25.09.2013;0.36
26.09.2013;0.35
27.09.2013;0.33
28.09.2013;0.33
29.09.2013;0.33
30.09.2013;0.78
1.10.2013;1.92
2.10.2013;1.31
3.10.2013;0.94
4.10.2013;0.67
5.10.2013;0.55
6.10.2013;0.5
7.10.2013;0.5
8.10.2013;0.46
9.10.2013;0.53
10.10.2013;0.79
11.10.2013;0.96
12.10.2013;0.91
13.10.2013;0.83
14.10.2013;0.75
15.10.2013;0.71
16.10.2013;1.75
17.10.2013;3.95
18.10.2013;2.21
19.10.2013;1.5
20.10.2013;1.08
21.10.2013;0.85
22.10.2013;0.74
23.10.2013;0.65
24.10.2013;0.59
25.10.2013;0.51
26.10.2013;0.47
27.10.2013;0.45
28.10.2013;0.43
29.10.2013;0.41
30.10.2013;0.39
31.10.2013;0.36
1.11.2013;0.35
2.11.2013;0.35
3.11.2013;0.35
4.11.2013;0.35
5.11.2013;0.37
6.11.2013;0.39
7.11.2013;0.37
8.11.2013;0.35
9.11.2013;0.35
10.11.2013;0.35
11.11.2013;1.17
12.11.2013;6.73
13.11.2013;3.2
14.11.2013;2.03
15.11.2013;1.5
16.11.2013;1.16
17.11.2013;0.96
18.11.2013;0.82
19.11.2013;0.77
20.11.2013;1.4
21.11.2013;3.86
22.11.2013;12.1
23.11.2013;20.7
24.11.2013;17.1
25.11.2013;10.1
26.11.2013;5.73
27.11.2013;4.22
28.11.2013;2.63
29.11.2013;1.95
30.11.2013;1.6
1.12.2013;1.34
2.12.2013;1.25
3.12.2013;1.33
4.12.2013;1.23
5.12.2013;1.01
6.12.2013;0.82
7.12.2013;0.67
8.12.2013;0.53
9.12.2013;0.46
10.12.2013;0.41
11.12.2013;0.37
12.12.2013;0.34
13.12.2013;0.32
14.12.2013;0.31
15.12.2013;0.28
16.12.2013;0.26
17.12.2013;0.24
18.12.2013;0.24
19.12.2013;0.23
20.12.2013;0.25
21.12.2013;0.25
22.12.2013;0.25
23.12.2013;0.24
24.12.2013;0.24
25.12.2013;0.24
26.12.2013;0.26
27.12.2013;4.41
28.12.2013;3.5
29.12.2013;2.08
30.12.2013;1.42
31.12.2013;1.1
1.01.2014;0.63
2.01.2014;0.63
3.01.2014;0.5
4.01.2014;0.5
5.01.2014;0.56
6.01.2014;0.77
7.01.2014;1.45
8.01.2014;1.17
9.01.2014;1
10.01.2014;0.77
11.01.2014;0.63
12.01.2014;0.56
13.01.2014;0.5
14.01.2014;0.5
15.01.2014;1.87
16.01.2014;6.52
17.01.2014;3.4
18.01.2014;2.33
19.01.2014;1.65
20.01.2014;18.8
21.01.2014;14
22.01.2014;13
23.01.2014;8.42
24.01.2014;5.28
25.01.2014;4.95
26.01.2014;4.62
27.01.2014;3.4
28.01.2014;2.71
29.01.2014;1.76
30.01.2014;1.45
31.01.2014;7.83
1.02.2014;6.88
2.02.2014;6.7
3.02.2014;6.33
4.02.2014;4.3
5.02.2014;3.54
6.02.2014;2.85
7.02.2014;3.69
8.02.2014;3.4
9.02.2014;7.83
10.02.2014;9.01
11.02.2014;10.7
12.02.2014;9.42
13.02.2014;12.5
14.02.2014;8.61
15.02.2014;6.7
16.02.2014;5.28
17.02.2014;3.99
18.02.2014;3.12
19.02.2014;2.46
20.02.2014;1.98
21.02.2014;2.58
22.02.2014;7.45
23.02.2014;5.63
24.02.2014;4.3
25.02.2014;3.26
26.02.2014;2.46
27.02.2014;1.87
28.02.2014;1.87
1.03.2014;1.87
2.03.2014;2.33
3.03.2014;3.12
4.03.2014;3.12
5.03.2014;2.33
6.03.2014;1.87
7.03.2014;1.45
8.03.2014;1.26
9.03.2014;1.08
10.03.2014;0.92
11.03.2014;0.77
12.03.2014;0.77
13.03.2014;0.69
14.03.2014;0.63
15.03.2014;0.5
16.03.2014;0.5
17.03.2014;0.5
18.03.2014;0.5
19.03.2014;0.42
20.03.2014;0.42
21.03.2014;0.38
22.03.2014;0.38
23.03.2014;0.35
24.03.2014;0.35
25.03.2014;0.38
26.03.2014;0.38
27.03.2014;0.38
28.03.2014;0.5
29.03.2014;0.5
30.03.2014;0.5
31.03.2014;0.5
1.04.2014;0.5
2.04.2014;0.42
3.04.2014;0.42
4.04.2014;0.42
5.04.2014;0.38
6.04.2014;0.38
7.04.2014;0.35
8.04.2014;0.35
9.04.2014;0.35
10.04.2014;0.35
11.04.2014;0.35
12.04.2014;0.35
13.04.2014;0.35
14.04.2014;0.35
15.04.2014;0.35
16.04.2014;0.38
17.04.2014;0.42
18.04.2014;0.42
19.04.2014;0.5
20.04.2014;0.69
21.04.2014;1.08
22.04.2014;1.55
23.04.2014;1.87
24.04.2014;2.1
25.04.2014;1.76
26.04.2014;2.71
27.04.2014;2.85
28.04.2014;2.58
29.04.2014;2.1
30.04.2014;1.65
1.05.2014;1.65
2.05.2014;2.33
3.05.2014;4.95
4.05.2014;3.69
5.05.2014;3.12
6.05.2014;2.33
7.05.2014;1.87
8.05.2014;1.55
9.05.2014;1.35
10.05.2014;1.26
11.05.2014;1.08
12.05.2014;1.08
13.05.2014;0.84
14.05.2014;7.83
15.05.2014;5.63
16.05.2014;3.69
17.05.2014;3.12
18.05.2014;2.21
19.05.2014;1.87
20.05.2014;1.65
21.05.2014;1.35
22.05.2014;1.17
23.05.2014;1.08
24.05.2014;1.08
25.05.2014;1
26.05.2014;1
27.05.2014;0.84
28.05.2014;0.77
29.05.2014;0.77
30.05.2014;0.63
31.05.2014;0.5
1.06.2014;0.5
2.06.2014;0.5
3.06.2014;0.5
4.06.2014;0.5
5.06.2014;0.63
6.06.2014;0.56
7.06.2014;0.56
8.06.2014;0.56
9.06.2014;0.5
10.06.2014;0.5
11.06.2014;0.63
12.06.2014;0.56
13.06.2014;0.56
14.06.2014;0.63
15.06.2014;0.63
16.06.2014;0.63
17.06.2014;0.92
18.06.2014;1.26
19.06.2014;1.26
20.06.2014;1.08
21.06.2014;0.92
22.06.2014;0.92
23.06.2014;0.77
24.06.2014;0.77
25.06.2014;0.69
26.06.2014;11.2
27.06.2014;4.95
28.06.2014;2.85
29.06.2014;1.87
30.06.2014;1.87
1.07.2014;5.28
2.07.2014;3.12
3.07.2014;2.1
4.07.2014;1.45
5.07.2014;1.26
6.07.2014;1.08
7.07.2014;0.92
8.07.2014;0.92
9.07.2014;0.84
10.07.2014;0.77
11.07.2014;1.65
12.07.2014;1.65
13.07.2014;2.58
14.07.2014;4.62
15.07.2014;3.12
16.07.2014;2.1
17.07.2014;1.76
18.07.2014;1.45
19.07.2014;1.26
20.07.2014;1.08
21.07.2014;1.08
22.07.2014;1.08
23.07.2014;0.92
24.07.2014;0.92
25.07.2014;0.84
26.07.2014;0.77
27.07.2014;0.77
28.07.2014;0.92
29.07.2014;0.84
30.07.2014;0.77
31.07.2014;8.61
1.08.2014;5.63
2.08.2014;3.99
3.08.2014;2.58
4.08.2014;2.1
5.08.2014;1.65
6.08.2014;1.87
7.08.2014;1.87
8.08.2014;1.65
9.08.2014;1.45
10.08.2014;1.26
11.08.2014;1.26
12.08.2014;1.17
13.08.2014;1.08
14.08.2014;1.08
15.08.2014;1.08
16.08.2014;1.08
17.08.2014;1
18.08.2014;0.92
19.08.2014;0.92
20.08.2014;0.92
21.08.2014;0.92
22.08.2014;1.08
23.08.2014;1.26
24.08.2014;1.26
25.08.2014;1.17
26.08.2014;1.26
27.08.2014;1.26
28.08.2014;1.26
29.08.2014;1.26
30.08.2014;1.08
31.08.2014;1.08
1.09.2014;1.26
2.09.2014;7.45
3.09.2014;4.62
4.09.2014;3.26
5.09.2014;2.58
6.09.2014;2.33
7.09.2014;2.33
8.09.2014;2.1
9.09.2014;1.87
10.09.2014;1.65
11.09.2014;1.65
12.09.2014;9.63
13.09.2014;23.4
14.09.2014;10.3
15.09.2014;5.98
16.09.2014;4.46
17.09.2014;3.4
18.09.2014;2.85
19.09.2014;2.33
20.09.2014;1.98
21.09.2014;4.95
22.09.2014;7.07
23.09.2014;17.7
24.09.2014;13
25.09.2014;8.42
26.09.2014;5.98
27.09.2014;4.46
28.09.2014;3.4
29.09.2014;2.58
30.09.2014;2.21
1.10.2014;2.1
2.10.2014;1.76
3.10.2014;1.55
4.10.2014;1.45
5.10.2014;1.26
6.10.2014;1.26
7.10.2014;1.26
8.10.2014;1.08
9.10.2014;0.92
10.10.2014;0.92
11.10.2014;0.77
12.10.2014;0.77
13.10.2014;0.77
14.10.2014;0.69
15.10.2014;0.69
16.10.2014;0.63
17.10.2014;0.63
18.10.2014;0.63
19.10.2014;0.63
20.10.2014;0.56
21.10.2014;0.56
22.10.2014;0.56
23.10.2014;1.26
24.10.2014;1.17
25.10.2014;1.08
26.10.2014;0.92
27.10.2014;0.84
28.10.2014;0.77
29.10.2014;0.77
30.10.2014;0.77
31.10.2014;0.63
1.11.2014;0.63
2.11.2014;0.63
3.11.2014;0.63
4.11.2014;0.56
5.11.2014;0.77
6.11.2014;0.63
7.11.2014;0.77
8.11.2014;3.69
9.11.2014;2.85
10.11.2014;2.33
11.11.2014;1.87
12.11.2014;1.65
13.11.2014;3.99
14.11.2014;7.45
15.11.2014;4.95
16.11.2014;3.4
17.11.2014;3.4
18.11.2014;18.8
19.11.2014;17.7
20.11.2014;15
21.11.2014;10.7
22.11.2014;8.03
23.11.2014;5.63
24.11.2014;4.3
25.11.2014;3.4
26.11.2014;2.58
27.11.2014;2.1
28.11.2014;1.76
29.11.2014;1.45
30.11.2014;1.35
1.12.2014;1.26
2.12.2014;14.8
3.12.2014;16.6
4.12.2014;15
5.12.2014;14
6.12.2014;15.5
7.12.2014;13.5
8.12.2014;10.1
9.12.2014;7.45
10.12.2014;5.63
11.12.2014;4.3
12.12.2014;3.12
13.12.2014;2.58
14.12.2014;2.1
15.12.2014;1.65
16.12.2014;1.45
17.12.2014;2.1
18.12.2014;2.58
19.12.2014;2.85
20.12.2014;2.58
21.12.2014;2.1
22.12.2014;1.65
23.12.2014;1.45
24.12.2014;1.26
25.12.2014;1.08
26.12.2014;0.92
27.12.2014;0.92
28.12.2014;0.84
29.12.2014;0.77
30.12.2014;0.63
31.12.2014;0.5
1.01.2015;0.5
2.01.2015;0.5
3.01.2015;0.5
4.01.2015;0.5
5.01.2015;0.5
6.01.2015;0.5
7.01.2015;0.42
8.01.2015;0.42
9.01.2015;0.42
10.01.2015;0.38
11.01.2015;0.38
12.01.2015;0.42
13.01.2015;0.42
14.01.2015;0.42
15.01.2015;0.5
16.01.2015;0.42
17.01.2015;0.42
18.01.2015;1.26
19.01.2015;11.2
20.01.2015;7.45
21.01.2015;7.45
22.01.2015;6.33
23.01.2015;6.7
24.01.2015;7.45
25.01.2015;4.62
26.01.2015;3.4
27.01.2015;2.58
28.01.2015;2.1
29.01.2015;1.45
30.01.2015;3.69
31.01.2015;12.1
1.02.2015;6.7
2.02.2015;4.3
3.02.2015;3.12
4.02.2015;2.33
5.02.2015;6.7
6.02.2015;18.8
7.02.2015;9.85
8.02.2015;4.95
9.02.2015;3.12
10.02.2015;2.1
11.02.2015;1.45
12.02.2015;1.26
13.02.2015;1.08
14.02.2015;0.92
15.02.2015;0.92
16.02.2015;0.84
17.02.2015;0.77
18.02.2015;0.69
19.02.2015;0.63
20.02.2015;0.56
21.02.2015;0.56
22.02.2015;0.5
23.02.2015;8.42
24.02.2015;7.83
25.02.2015;9.42
26.02.2015;6.7
27.02.2015;4.78
28.02.2015;3.69
1.03.2015;2.58
2.03.2015;2.33
3.03.2015;3.12
4.03.2015;3.12
5.03.2015;3.12
6.03.2015;2.1
7.03.2015;1.65
8.03.2015;1.45
9.03.2015;1.26
10.03.2015;1.26
11.03.2015;1.26
12.03.2015;1.26
13.03.2015;1.26
14.03.2015;1.26
15.03.2015;1.26
16.03.2015;1.26
17.03.2015;1.26
18.03.2015;1.17
19.03.2015;1.17
20.03.2015;1.08
21.03.2015;1.08
22.03.2015;1.08
23.03.2015;0.92
24.03.2015;0.92
25.03.2015;1.08
26.03.2015;6.7
27.03.2015;8.61
28.03.2015;5.63
29.03.2015;4.14
30.03.2015;3.12
31.03.2015;2.58
1.04.2015;2.33
2.04.2015;1.98
3.04.2015;1.65
4.04.2015;1.45
5.04.2015;1.26
6.04.2015;1.26
7.04.2015;1.08
8.04.2015;1
9.04.2015;0.92
10.04.2015;0.92
11.04.2015;0.92
12.04.2015;0.92
13.04.2015;0.92
14.04.2015;1.08
15.04.2015;1.08
16.04.2015;1.08
17.04.2015;1.08
18.04.2015;1.08
19.04.2015;1.08
20.04.2015;0.92
21.04.2015;0.92
22.04.2015;0.92
23.04.2015;0.92
24.04.2015;0.92
25.04.2015;0.92
26.04.2015;0.92
27.04.2015;0.92
28.04.2015;0.92
29.04.2015;0.92
30.04.2015;0.92
1.05.2015;0.92
2.05.2015;0.92
3.05.2015;0.84
4.05.2015;0.77
5.05.2015;0.77
6.05.2015;0.77
7.05.2015;0.77
8.05.2015;0.77
9.05.2015;0.63
10.05.2015;0.63
11.05.2015;0.63
12.05.2015;0.63
13.05.2015;0.63
14.05.2015;0.63
15.05.2015;0.63
16.05.2015;0.56
17.05.2015;0.56
18.05.2015;0.56
19.05.2015;0.56
20.05.2015;0.56
21.05.2015;0.56
22.05.2015;0.63
23.05.2015;0.63
24.05.2015;0.63
25.05.2015;0.84
26.05.2015;1.08
27.05.2015;0.92
28.05.2015;0.77
29.05.2015;0.77
30.05.2015;0.77
31.05.2015;0.63
1.06.2015;0.63
2.06.2015;0.63
3.06.2015;0.63
4.06.2015;0.5
5.06.2015;0.5
6.06.2015;0.5
7.06.2015;0.5
8.06.2015;0.5
9.06.2015;0.5
10.06.2015;0.42
11.06.2015;0.42
12.06.2015;0.5
13.06.2015;0.5
14.06.2015;0.5
15.06.2015;0.5
16.06.2015;0.5
17.06.2015;0.5
18.06.2015;0.56
19.06.2015;0.5
20.06.2015;0.5
21.06.2015;0.5
22.06.2015;0.5
23.06.2015;0.5
24.06.2015;0.5
25.06.2015;0.5
26.06.2015;0.5
27.06.2015;0.5
28.06.2015;0.5
29.06.2015;0.5
30.06.2015;0.5
1.07.2015;0.5
2.07.2015;0.42
3.07.2015;0.42
4.07.2015;0.42
5.07.2015;0.42
6.07.2015;0.42
7.07.2015;0.42
8.07.2015;0.42
9.07.2015;0.42
10.07.2015;0.42
11.07.2015;0.42
12.07.2015;0.42
13.07.2015;0.42
14.07.2015;0.42
15.07.2015;0.42
16.07.2015;0.42
17.07.2015;0.42
18.07.2015;0.42
19.07.2015;0.42
20.07.2015;0.42
21.07.2015;0.42
22.07.2015;0.38
23.07.2015;0.42
24.07.2015;0.42
25.07.2015;0.5
26.07.2015;0.5
27.07.2015;0.42
28.07.2015;0.42
29.07.2015;0.42
30.07.2015;0.42
31.07.2015;0.42
1.08.2015;0.42
2.08.2015;0.42
3.08.2015;0.42
4.08.2015;0.42
5.08.2015;0.38
6.08.2015;0.38
7.08.2015;0.42
8.08.2015;0.42
9.08.2015;0.38
10.08.2015;0.38
11.08.2015;0.38
12.08.2015;0.42
13.08.2015;0.42
14.08.2015;0.42
15.08.2015;0.42
16.08.2015;0.42
17.08.2015;0.42
18.08.2015;0.42
19.08.2015;0.47
20.08.2015;0.47
21.08.2015;0.42
22.08.2015;0.56
23.08.2015;0.38
24.08.2015;0.38
25.08.2015;0.42
26.08.2015;0.42
27.08.2015;0.42
28.08.2015;0.42
29.08.2015;0.42
30.08.2015;0.42
31.08.2015;0.42
1.09.2015;0.42
2.09.2015;0.42
3.09.2015;0.38
4.09.2015;0.38
5.09.2015;0.42
6.09.2015;0.42
7.09.2015;0.42
8.09.2015;0.5
9.09.2015;0.5
10.09.2015;0.42
11.09.2015;0.42
12.09.2015;0.42
13.09.2015;0.42
14.09.2015;0.42
15.09.2015;0.42
16.09.2015;0.42
17.09.2015;0.42
18.09.2015;0.42
19.09.2015;0.35
20.09.2015;0.35
21.09.2015;0.35
22.09.2015;0.35
23.09.2015;0.35
24.09.2015;0.29
25.09.2015;0.35
26.09.2015;0.35
27.09.2015;0.35
28.09.2015;0.35
29.09.2015;0.32
30.09.2015;0.32
1.10.2015;0.35
2.10.2015;0.42
3.10.2015;0.35
4.10.2015;0.35
5.10.2015;0.42
6.10.2015;0.42
7.10.2015;0.5
8.10.2015;0.56
9.10.2015;0.92
10.10.2015;1.26
11.10.2015;1.87
12.10.2015;1.87
13.10.2015;1.08
14.10.2015;0.92
15.10.2015;28
16.10.2015;28.3
17.10.2015;14.5
18.10.2015;7.07
19.10.2015;3.69
20.10.2015;12.3
21.10.2015;5.63
22.10.2015;3.4
23.10.2015;2.33
24.10.2015;1.55
25.10.2015;1.08
26.10.2015;0.92
27.10.2015;0.63
28.10.2015;0.63
29.10.2015;0.5
30.10.2015;0.5
31.10.2015;0.42
1.11.2015;0.35
2.11.2015;0.32
3.11.2015;0.29
4.11.2015;0.29
5.11.2015;0.26
6.11.2015;0.24
7.11.2015;0.24
8.11.2015;0.24
9.11.2015;0.24
10.11.2015;0.24
11.11.2015;0.24
12.11.2015;0.24
13.11.2015;0.24
14.11.2015;0.24
15.11.2015;0.24
16.11.2015;0.24
17.11.2015;0.24
18.11.2015;0.24
19.11.2015;0.22
20.11.2015;0.22
21.11.2015;0.22
22.11.2015;5.98
23.11.2015;5.63
24.11.2015;3.99
25.11.2015;3.12
26.11.2015;2.1
27.11.2015;1.45
28.11.2015;1.08
29.11.2015;0.77
30.11.2015;0.63
1.12.2015;0.5
2.12.2015;0.42
3.12.2015;0.38
4.12.2015;0.35
5.12.2015;0.35
6.12.2015;0.32
7.12.2015;0.29
8.12.2015;0.29
9.12.2015;0.29
10.12.2015;0.26
11.12.2015;0.24
12.12.2015;0.24
13.12.2015;0.24
14.12.2015;0.24
15.12.2015;0.22
16.12.2015;0.21
17.12.2015;0.21
18.12.2015;0.21
19.12.2015;0.21
20.12.2015;0.2
21.12.2015;0.2
22.12.2015;0.2
23.12.2015;0.19
24.12.2015;0.19
25.12.2015;0.19
26.12.2015;0.19
27.12.2015;0.19
28.12.2015;0.19
29.12.2015;0.19
30.12.2015;0.19
31.12.2015;0.19
1.01.2016;0.19
2.01.2016;0.19
3.01.2016;0.19
4.01.2016;0.19
5.01.2016;0.19
6.01.2016;0.21
7.01.2016;0.3
8.01.2016;0.38
9.01.2016;0.38
10.01.2016;0.38
11.01.2016;1.07
12.01.2016;1.87
13.01.2016;2.34
14.01.2016;1.87
15.01.2016;1.44
16.01.2016;2.59
17.01.2016;1.87
18.01.2016;1.25
19.01.2016;0.91
20.01.2016;0.75
21.01.2016;0.61
22.01.2016;0.49
23.01.2016;0.38
24.01.2016;0.3
25.01.2016;0.24
26.01.2016;0.24
27.01.2016;0.24
28.01.2016;0.2
29.01.2016;0.2
30.01.2016;0.2
31.01.2016;0.2
1.02.2016;0.2
2.02.2016;0.2
3.02.2016;0.19
4.02.2016;0.18
5.02.2016;0.18
6.02.2016;0.18
7.02.2016;0.18
8.02.2016;0.19
9.02.2016;0.2
10.02.2016;0.3
11.02.2016;6.7
12.02.2016;2.85
13.02.2016;2.59
14.02.2016;5.98
15.02.2016;10.6
16.02.2016;7.37
17.02.2016;10.6
18.02.2016;6.7
19.02.2016;4.63
20.02.2016;4
21.02.2016;3.12
22.02.2016;2.1
23.02.2016;1.44
24.02.2016;1.25
25.02.2016;4.63
26.02.2016;3.7
27.02.2016;4
28.02.2016;4.31
29.02.2016;4.31
1.03.2016;6.05
2.03.2016;6.34
3.03.2016;4
4.03.2016;3.4
5.03.2016;2.59
6.03.2016;4
7.03.2016;7.07
8.03.2016;7.07
9.03.2016;4.31
10.03.2016;3.12
11.03.2016;2.34
12.03.2016;1.87
13.03.2016;1.44
14.03.2016;1.07
15.03.2016;0.68
16.03.2016;0.68
17.03.2016;0.61
18.03.2016;0.61
19.03.2016;0.49
20.03.2016;0.38
21.03.2016;0.38
22.03.2016;0.34
23.03.2016;0.68
24.03.2016;2.34
25.03.2016;1.87
26.03.2016;1.65
27.03.2016;1.25
28.03.2016;1.07
29.03.2016;0.91
30.03.2016;0.91
31.03.2016;0.75
1.04.2016;0.61
2.04.2016;0.49
3.04.2016;0.49
4.04.2016;0.49
5.04.2016;0.49
6.04.2016;0.49
7.04.2016;0.49
8.04.2016;0.49
9.04.2016;0.38
10.04.2016;0.38
11.04.2016;0.38
12.04.2016;0.3
13.04.2016;0.3
14.04.2016;0.3
15.04.2016;0.27
16.04.2016;0.27
17.04.2016;0.27
18.04.2016;0.27
19.04.2016;0.24
20.04.2016;0.24
21.04.2016;0.24
22.04.2016;0.24
23.04.2016;0.24
24.04.2016;0.24
25.04.2016;0.24
26.04.2016;0.24
27.04.2016;0.22
28.04.2016;0.22
29.04.2016;0.24
30.04.2016;0.24
1.05.2016;0.24
2.05.2016;0.24
3.05.2016;0.24
4.05.2016;0.24
5.05.2016;0.24
6.05.2016;0.24
7.05.2016;0.24
8.05.2016;0.24
9.05.2016;0.24
10.05.2016;0.24
11.05.2016;0.24
12.05.2016;0.24
13.05.2016;0.38
14.05.2016;0.38
15.05.2016;0.91
16.05.2016;1.25
17.05.2016;1.07
18.05.2016;0.91
19.05.2016;0.61
20.05.2016;0.61
21.05.2016;0.91
22.05.2016;0.91
23.05.2016;0.91
24.05.2016;0.75
25.05.2016;0.75
26.05.2016;0.61
27.05.2016;0.61
28.05.2016;0.49
29.05.2016;0.49
30.05.2016;0.38
31.05.2016;0.38
1.06.2016;0.38
2.06.2016;0.38
3.06.2016;0.3
4.06.2016;0.38
5.06.2016;0.49
6.06.2016;0.3
7.06.2016;0.38
8.06.2016;0.3
9.06.2016;0.3
10.06.2016;0.3
11.06.2016;0.3
12.06.2016;0.38
13.06.2016;0.3
14.06.2016;0.91
15.06.2016;1.25
16.06.2016;0.91
17.06.2016;0.61
18.06.2016;0.49
19.06.2016;0.49
20.06.2016;0.38
21.06.2016;0.38
22.06.2016;0.38
23.06.2016;0.38
24.06.2016;0.34
25.06.2016;0.3
26.06.2016;0.3
27.06.2016;0.3
28.06.2016;0.3
29.06.2016;0.3
30.06.2016;0.3
1.07.2016;0.3
2.07.2016;0.3
3.07.2016;0.38
4.07.2016;0.38
5.07.2016;0.3
6.07.2016;0.3
7.07.2016;0.3
8.07.2016;0.24
9.07.2016;0.24
10.07.2016;0.24
11.07.2016;0.3
12.07.2016;0.3
13.07.2016;0.3
14.07.2016;0.24
15.07.2016;0.24
16.07.2016;0.24
17.07.2016;0.24
18.07.2016;0.24
19.07.2016;0.24
20.07.2016;0.22
21.07.2016;0.24
22.07.2016;0.24
23.07.2016;0.24
24.07.2016;0.2
25.07.2016;0.2
26.07.2016;0.2
27.07.2016;0.22
28.07.2016;0.22
29.07.2016;0.2
30.07.2016;0.2
31.07.2016;0.19
1.08.2016;0.2
2.08.2016;0.2
3.08.2016;0.2
4.08.2016;0.2
5.08.2016;0.18
6.08.2016;0.18
7.08.2016;0.2
8.08.2016;0.2
9.08.2016;0.2
10.08.2016;0.18
11.08.2016;0.18
12.08.2016;0.24
13.08.2016;0.2
14.08.2016;0.2
15.08.2016;0.18
16.08.2016;0.18
17.08.2016;0.18
18.08.2016;0.2
19.08.2016;0.2
20.08.2016;0.24
21.08.2016;0.24
22.08.2016;0.2
23.08.2016;0.2
24.08.2016;0.18
25.08.2016;0.17
26.08.2016;0.17
27.08.2016;0.17
28.08.2016;0.17
29.08.2016;0.17
30.08.2016;0.17
31.08.2016;0.18
1.09.2016;0.2
2.09.2016;0.18
3.09.2016;0.17
4.09.2016;0.17
5.09.2016;0.17
6.09.2016;0.18
7.09.2016;0.18
8.09.2016;0.2
9.09.2016;0.18
10.09.2016;0.17
11.09.2016;0.2
12.09.2016;0.2
13.09.2016;0.24
14.09.2016;0.24
15.09.2016;0.18
16.09.2016;0.18
17.09.2016;0.18
18.09.2016;0.61
19.09.2016;1.65
20.09.2016;0.91
21.09.2016;0.49
22.09.2016;0.3
23.09.2016;0.24
24.09.2016;0.24
25.09.2016;0.2
26.09.2016;0.2
27.09.2016;0.2
28.09.2016;0.2
29.09.2016;0.2
30.09.2016;0.2
1.10.2016;0.18
2.10.2016;0.18
3.10.2016;0.18
4.10.2016;0.18
5.10.2016;0.18
6.10.2016;0.18
7.10.2016;0.18
8.10.2016;0.18
9.10.2016;0.18
10.10.2016;0.18
11.10.2016;0.18
12.10.2016;0.18
13.10.2016;0.18
14.10.2016;0.2
15.10.2016;0.49
16.10.2016;0.91
17.10.2016;0.75
18.10.2016;0.75
19.10.2016;0.91
20.10.2016;1.25
21.10.2016;1.25
22.10.2016;0.91
23.10.2016;0.75
24.10.2016;0.61
25.10.2016;0.49
26.10.2016;0.49
27.10.2016;0.38
28.10.2016;0.38
29.10.2016;0.3
30.10.2016;0.3
31.10.2016;0.3
1.11.2016;0.3
2.11.2016;0.3
3.11.2016;0.3
4.11.2016;0.61
5.11.2016;0.61
6.11.2016;0.61
7.11.2016;11.8
8.11.2016;5.63
9.11.2016;4
10.11.2016;4.31
11.11.2016;2.34
12.11.2016;4.63
13.11.2016;3.7
14.11.2016;3.12
15.11.2016;2.1
16.11.2016;1.44
17.11.2016;1.07
18.11.2016;1.65
19.11.2016;0.75
20.11.2016;0.61
21.11.2016;0.61
22.11.2016;0.75
23.11.2016;0.61
24.11.2016;0.61
25.11.2016;0.61
26.11.2016;3.7
27.11.2016;2.34
28.11.2016;1.65
29.11.2016;1.25
30.11.2016;1.25
1.12.2016;1.07
2.12.2016;0.91
3.12.2016;0.61
4.12.2016;0.61
5.12.2016;0.49
6.12.2016;0.38
7.12.2016;0.38
8.12.2016;0.3
9.12.2016;0.3
10.12.2016;0.3
11.12.2016;0.3
12.12.2016;0.24
13.12.2016;0.24
14.12.2016;0.3
15.12.2016;0.27
16.12.2016;0.24
17.12.2016;0.24
18.12.2016;0.2
19.12.2016;0.2
20.12.2016;0.2
21.12.2016;0.2
22.12.2016;0.2
23.12.2016;0.2
24.12.2016;0.2
25.12.2016;0.2
26.12.2016;0.2
27.12.2016;0.19
28.12.2016;0.19
29.12.2016;0.18
30.12.2016;0.18
31.12.2016;0.18
1.01.2017;0.18
2.01.2017;0.18
3.01.2017;0.18
4.01.2017;0.18
5.01.2017;0.18
6.01.2017;0.18
7.01.2017;0.18
8.01.2017;0.18
9.01.2017;0.18
10.01.2017;0.18
11.01.2017;0.18
12.01.2017;0.18
13.01.2017;0.2
14.01.2017;0.38
15.01.2017;0.61
16.01.2017;0.49
17.01.2017;0.38
18.01.2017;0.3
19.01.2017;0.24
20.01.2017;0.24
21.01.2017;0.2
22.01.2017;0.2
23.01.2017;0.2
24.01.2017;0.2
25.01.2017;0.18
26.01.2017;0.18
27.01.2017;0.18
28.01.2017;0.18
29.01.2017;0.18
30.01.2017;0.18
31.01.2017;0.17
1.02.2017;0.17
2.02.2017;0.2
3.02.2017;0.3
4.02.2017;0.91
5.02.2017;2.59
6.02.2017;5.98
7.02.2017;7.37
8.02.2017;5.29
9.02.2017;3.12
10.02.2017;1.65
11.02.2017;1.07
12.02.2017;0.75
13.02.2017;0.61
14.02.2017;0.49
15.02.2017;0.38
16.02.2017;0.38
17.02.2017;0.3
18.02.2017;0.49
19.02.2017;0.49
20.02.2017;0.49
21.02.2017;0.49
22.02.2017;0.49
23.02.2017;0.61
24.02.2017;0.75
25.02.2017;10.22
26.02.2017;4.95
27.02.2017;3.12
28.02.2017;2.59
1.03.2017;2.1
2.03.2017;4
3.03.2017;2.85
4.03.2017;2.1
5.03.2017;1.65
6.03.2017;7.83
7.03.2017;8.22
8.03.2017;9.41
9.03.2017;7.83
10.03.2017;3.7
11.03.2017;2.59
12.03.2017;2.1
13.03.2017;1.44
14.03.2017;1.07
15.03.2017;0.75
16.03.2017;0.61
17.03.2017;0.49
18.03.2017;0.49
19.03.2017;0.49
20.03.2017;0.38
21.03.2017;0.3
22.03.2017;0.3
23.03.2017;0.3
24.03.2017;0.3
25.03.2017;0.24
26.03.2017;0.24
27.03.2017;0.24
28.03.2017;0.24
29.03.2017;0.24
30.03.2017;0.24
31.03.2017;0.24
1.04.2017;0.24
2.04.2017;0.24
3.04.2017;0.2
4.04.2017;0.2
5.04.2017;0.2
6.04.2017;0.2
7.04.2017;0.2
8.04.2017;0.2
9.04.2017;0.2
10.04.2017;0.2
11.04.2017;0.18
12.04.2017;0.18
13.04.2017;0.18
14.04.2017;0.18
15.04.2017;0.18
16.04.2017;0.2
17.04.2017;0.19
18.04.2017;0.18
19.04.2017;0.18
20.04.2017;0.19
21.04.2017;0.18
22.04.2017;0.18
23.04.2017;0.18
24.04.2017;0.18
25.04.2017;0.18
26.04.2017;0.18
27.04.2017;0.18
28.04.2017;0.2
29.04.2017;0.38
30.04.2017;1.87
1.05.2017;0.91
2.05.2017;0.61
3.05.2017;0.49
4.05.2017;0.38
5.05.2017;0.3
6.05.2017;0.3
7.05.2017;0.3
8.05.2017;0.3
9.05.2017;0.3
10.05.2017;0.3
11.05.2017;0.27
12.05.2017;0.27
13.05.2017;0.3
14.05.2017;0.3
15.05.2017;0.49
16.05.2017;0.75
17.05.2017;0.61
18.05.2017;0.61
19.05.2017;0.49
20.05.2017;0.38
21.05.2017;1.87
22.05.2017;1.07
23.05.2017;0.61
24.05.2017;0.75
25.05.2017;0.61
26.05.2017;0.49
27.05.2017;0.38
28.05.2017;0.38
29.05.2017;0.3
30.05.2017;0.3
31.05.2017;0.24
1.06.2017;0.24
2.06.2017;0.24
3.06.2017;0.24
4.06.2017;0.24
5.06.2017;0.24
6.06.2017;0.24
7.06.2017;0.24
8.06.2017;0.24
9.06.2017;0.24
10.06.2017;0.24
11.06.2017;0.24
12.06.2017;0.24
13.06.2017;0.2
14.06.2017;0.2
15.06.2017;0.2
16.06.2017;0.2
17.06.2017;0.24
18.06.2017;0.22
19.06.2017;0.18
20.06.2017;0.2
21.06.2017;0.2
22.06.2017;0.24
23.06.2017;0.24
24.06.2017;0.2
25.06.2017;0.2
26.06.2017;0.2
27.06.2017;0.2
28.06.2017;0.2
29.06.2017;0.2
30.06.2017;0.2
1.07.2017;0.2
2.07.2017;0.22
3.07.2017;0.22
4.07.2017;0.22
5.07.2017;0.2
6.07.2017;0.2
7.07.2017;0.2
8.07.2017;0.2
9.07.2017;0.24
10.07.2017;0.2
11.07.2017;0.2
12.07.2017;0.2
13.07.2017;0.2
14.07.2017;0.22
15.07.2017;0.2
16.07.2017;0.2
17.07.2017;0.2
18.07.2017;0.22
19.07.2017;0.24
20.07.2017;0.22
21.07.2017;0.22
22.07.2017;0.24
23.07.2017;0.22
24.07.2017;0.22
25.07.2017;0.24
26.07.2017;0.22
27.07.2017;0.3
28.07.2017;0.24
29.07.2017;0.24
30.07.2017;0.24
31.07.2017;0.2
1.08.2017;0.2
2.08.2017;0.2
3.08.2017;0.2
4.08.2017;0.2
5.08.2017;0.2
6.08.2017;0.2
7.08.2017;0.2
8.08.2017;0.2
9.08.2017;0.2
10.08.2017;0.2
11.08.2017;0.2
12.08.2017;0.2
13.08.2017;0.24
14.08.2017;0.2
15.08.2017;0.2
16.08.2017;0.2
17.08.2017;0.2
18.08.2017;0.2
19.08.2017;0.2
20.08.2017;0.2
21.08.2017;0.2
22.08.2017;0.2
23.08.2017;0.2
24.08.2017;0.2
25.08.2017;0.22
26.08.2017;0.2
27.08.2017;0.2
28.08.2017;0.2
29.08.2017;0.2
30.08.2017;0.2
31.08.2017;0.2
1.09.2017;0.2
2.09.2017;0.3
3.09.2017;0.24
4.09.2017;0.24
5.09.2017;0.22
6.09.2017;0.2
7.09.2017;0.2
8.09.2017;0.24
9.09.2017;0.2
10.09.2017;0.2
11.09.2017;0.2
12.09.2017;0.2
13.09.2017;0.24
14.09.2017;0.24
15.09.2017;0.3
16.09.2017;0.27
17.09.2017;0.3
18.09.2017;1.44
19.09.2017;1.65
20.09.2017;3.12
21.09.2017;2.85
22.09.2017;1.44
23.09.2017;0.91
24.09.2017;0.61
25.09.2017;0.49
26.09.2017;1.07
27.09.2017;1.44
28.09.2017;1.07
29.09.2017;0.91
30.09.2017;0.61
1.10.2017;0.49
2.10.2017;0.49
3.10.2017;0.38
4.10.2017;0.38
5.10.2017;0.3
6.10.2017;0.3
7.10.2017;0.3
8.10.2017;0.24
9.10.2017;0.24
10.10.2017;0.24
11.10.2017;0.24
12.10.2017;0.24
13.10.2017;0.24
14.10.2017;0.24
15.10.2017;0.24
16.10.2017;0.2
17.10.2017;0.2
18.10.2017;0.2
19.10.2017;0.2
20.10.2017;0.2
21.10.2017;0.2
22.10.2017;0.2
23.10.2017;0.75
24.10.2017;0.91
25.10.2017;0.75
26.10.2017;0.61
27.10.2017;0.61
28.10.2017;0.49
29.10.2017;0.49
30.10.2017;0.49
31.10.2017;0.49
1.11.2017;0.38
2.11.2017;0.3
3.11.2017;0.3
4.11.2017;0.3
5.11.2017;0.3
6.11.2017;0.3
7.11.2017;0.3
8.11.2017;0.3
9.11.2017;0.49
10.11.2017;0.91
11.11.2017;0.75
12.11.2017;0.75
13.11.2017;0.75
14.11.2017;1.44
15.11.2017;2.1
16.11.2017;2.34
17.11.2017;1.87
18.11.2017;1.44
19.11.2017;1.25
20.11.2017;1.07
21.11.2017;0.83
22.11.2017;0.75
23.11.2017;0.61
24.11.2017;0.61
25.11.2017;0.49
26.11.2017;0.49
27.11.2017;0.91
28.11.2017;0.91
29.11.2017;0.75
30.11.2017;5.63
1.12.2017;7.07
2.12.2017;4.31
3.12.2017;2.85
4.12.2017;2.1
5.12.2017;1.65
6.12.2017;1.25
7.12.2017;0.91
8.12.2017;0.75
9.12.2017;2.1
10.12.2017;3.4
11.12.2017;3.12
12.12.2017;4
13.12.2017;4.31
14.12.2017;7.37
15.12.2017;7.45
16.12.2017;13.4
17.12.2017;10.3
18.12.2017;6.05
19.12.2017;7.07
20.12.2017;4.95
21.12.2017;3.7
22.12.2017;2.85
23.12.2017;2.1
24.12.2017;1.65
25.12.2017;1.44
26.12.2017;1.25
27.12.2017;0.91
28.12.2017;5.63
29.12.2017;7.45
30.12.2017;4.31
31.12.2017;2.85
1.01.2018;2.1
2.01.2018;9.41
3.01.2018;7.07
4.01.2018;4.63
5.01.2018;3.4
6.01.2018;2.59
7.01.2018;2.59
8.01.2018;2.34
9.01.2018;1.87
10.01.2018;1.65
11.01.2018;11.9
12.01.2018;7.07
13.01.2018;4.63
14.01.2018;3.4
15.01.2018;2.34
16.01.2018;1.87
17.01.2018;1.65
18.01.2018;2.85
19.01.2018;2.59
20.01.2018;2.1
21.01.2018;1.87
22.01.2018;2.59
23.01.2018;2.1
24.01.2018;1.65
25.01.2018;1.25
26.01.2018;1.07
27.01.2018;0.91
28.01.2018;0.75
29.01.2018;0.61
30.01.2018;0.61
31.01.2018;0.49
1.02.2018;0.49
2.02.2018;0.49
3.02.2018;15
4.02.2018;11.8
5.02.2018;5.68
6.02.2018;2.89
7.02.2018;3.38
8.02.2018;11.1
9.02.2018;7.83
10.02.2018;5.29
11.02.2018;4
12.02.2018;2.59
13.02.2018;1.55
14.02.2018;1.44
15.02.2018;1.16
16.02.2018;0.91
17.02.2018;0.75
18.02.2018;0.61
19.02.2018;0.61
20.02.2018;0.61
21.02.2018;0.61
22.02.2018;0.75
23.02.2018;0.61
24.02.2018;1.25
25.02.2018;1.25
26.02.2018;1.25
27.02.2018;1.25
28.02.2018;1.44
1.03.2018;1.07
2.03.2018;0.75
3.03.2018;10.6
4.03.2018;5.68
5.03.2018;4.45
6.03.2018;4.45
7.03.2018;9.04
8.03.2018;8.21
9.03.2018;6
10.03.2018;4.17
11.03.2018;2.89
12.03.2018;4.17
13.03.2018;5.05
14.03.2018;4.17
15.03.2018;3.13
16.03.2018;2.44
17.03.2018;4.17
18.03.2018;7.41
19.03.2018;7.41
20.03.2018;5.68
21.03.2018;4.45
22.03.2018;3.38
23.03.2018;2.44
24.03.2018;1.48
25.03.2018;1.15
26.03.2018;1.15
27.03.2018;1.01
28.03.2018;0.88
29.03.2018;0.76
30.03.2018;0.65
31.03.2018;1.15
1.04.2018;7.41
2.04.2018;11.1
3.04.2018;9.01
4.04.2018;6.34
5.04.2018;4.95
6.04.2018;4
7.04.2018;4
8.04.2018;3.12
9.04.2018;2.59
10.04.2018;2.34
11.04.2018;2.1
12.04.2018;1.87
13.04.2018;1.65
14.04.2018;1.44
15.04.2018;1.25
16.04.2018;1.07
17.04.2018;0.91
18.04.2018;0.75
19.04.2018;0.75
20.04.2018;0.61
21.04.2018;0.61
22.04.2018;0.61
23.04.2018;0.49
24.04.2018;0.49
25.04.2018;0.49
26.04.2018;0.49
27.04.2018;0.49
28.04.2018;0.49
29.04.2018;0.49
30.04.2018;0.38
1.05.2018;0.38
2.05.2018;0.38
3.05.2018;0.38
4.05.2018;0.43
5.05.2018;0.49
6.05.2018;0.61
7.05.2018;0.61
8.05.2018;0.61
9.05.2018;0.61
10.05.2018;0.49
11.05.2018;0.49
12.05.2018;0.49
13.05.2018;0.49
14.05.2018;0.49
15.05.2018;0.49
16.05.2018;0.49
17.05.2018;0.49
18.05.2018;0.49
19.05.2018;0.38
20.05.2018;0.38
21.05.2018;0.38
22.05.2018;0.49
23.05.2018;0.49
24.05.2018;1.01
25.05.2018;0.47
26.05.2018;0.4
27.05.2018;0.33
28.05.2018;0.33
29.05.2018;0.3
30.05.2018;0.47
31.05.2018;0.65
1.06.2018;0.47
2.06.2018;0.4
3.06.2018;0.4
4.06.2018;0.33
5.06.2018;0.33
6.06.2018;0.28
7.06.2018;0.28
8.06.2018;0.28
9.06.2018;0.28
10.06.2018;0.28
11.06.2018;0.28
12.06.2018;0.28
13.06.2018;0.28
14.06.2018;0.24
15.06.2018;0.24
16.06.2018;0.24
17.06.2018;0.28
18.06.2018;0.24
19.06.2018;0.24
20.06.2018;0.24
21.06.2018;0.24
22.06.2018;0.24
23.06.2018;0.24
24.06.2018;0.24
25.06.2018;0.24
26.06.2018;0.24
27.06.2018;0.24
28.06.2018;0.24
29.06.2018;0.24
30.06.2018;0.24
1.07.2018;0.24
2.07.2018;0.28
3.07.2018;0.28
4.07.2018;0.24
5.07.2018;0.24
6.07.2018;0.24
7.07.2018;0.28
8.07.2018;0.28
9.07.2018;0.28
10.07.2018;0.28
11.07.2018;0.28
12.07.2018;0.28
13.07.2018;0.28
14.07.2018;0.24
15.07.2018;0.24
16.07.2018;0.24
17.07.2018;0.28
18.07.2018;0.24
19.07.2018;0.24
20.07.2018;0.24
21.07.2018;0.24
22.07.2018;0.24
23.07.2018;0.24
24.07.2018;0.24
25.07.2018;0.24
26.07.2018;0.24
27.07.2018;0.24
28.07.2018;0.24
29.07.2018;0.24
30.07.2018;0.24
31.07.2018;0.22
1.08.2018;0.22
2.08.2018;0.21
3.08.2018;0.21
4.08.2018;0.18
5.08.2018;0.21
6.08.2018;0.21
7.08.2018;0.21
8.08.2018;0.28
9.08.2018;0.23
10.08.2018;0.23
11.08.2018;0.23
12.08.2018;0.23
13.08.2018;0.23
14.08.2018;0.23
15.08.2018;0.23
16.08.2018;0.23
17.08.2018;0.23
18.08.2018;0.2
19.08.2018;0.2
20.08.2018;0.2
21.08.2018;0.2
22.08.2018;0.2
23.08.2018;0.2
24.08.2018;0.2
25.08.2018;0.2
26.08.2018;0.2
27.08.2018;0.2
28.08.2018;0.17
29.08.2018;0.17
30.08.2018;0.17
31.08.2018;0.17
1.09.2018;0.17
2.09.2018;0.29
3.09.2018;0.17
4.09.2018;0.17
5.09.2018;0.17
6.09.2018;0.17
7.09.2018;0.17
8.09.2018;0.17
9.09.2018;0.17
10.09.2018;0.17
11.09.2018;0.17
12.09.2018;0.17
13.09.2018;0.51
14.09.2018;0.17
15.09.2018;0.17
16.09.2018;0.23
17.09.2018;0.17
18.09.2018;0.17
19.09.2018;0.29
20.09.2018;0.17
21.09.2018;0.17
22.09.2018;0.17
23.09.2018;0.17
24.09.2018;0.17
25.09.2018;0.29
26.09.2018;0.29
27.09.2018;0.29
28.09.2018;0.23
29.09.2018;0.23
30.09.2018;0.17
1.10.2018;0.17
2.10.2018;0.23
3.10.2018;0.17
4.10.2018;0.17
5.10.2018;0.17
6.10.2018;0.17
7.10.2018;0.17
8.10.2018;0.17
9.10.2018;0.17
10.10.2018;0.17
11.10.2018;0.17
12.10.2018;0.17
13.10.2018;0.17
14.10.2018;0.23
15.10.2018;0.29
16.10.2018;0.29
17.10.2018;0.29
18.10.2018;0.29
19.10.2018;0.29
20.10.2018;0.23
21.10.2018;0.34
22.10.2018;0.34
23.10.2018;0.4
24.10.2018;0.4
25.10.2018;0.45
26.10.2018;0.45
27.10.2018;0.34
28.10.2018;0.4
29.10.2018;0.91
30.10.2018;6
31.10.2018;1.83
1.11.2018;0.91
2.11.2018;0.68
3.11.2018;0.56
4.11.2018;0.51
5.11.2018;0.45
6.11.2018;0.34
7.11.2018;0.34
8.11.2018;0.34
9.11.2018;0.29
10.11.2018;0.29
11.11.2018;0.29
12.11.2018;0.29
13.11.2018;0.23
14.11.2018;0.23
15.11.2018;0.17
16.11.2018;0.17
17.11.2018;0.17
18.11.2018;0.29
19.11.2018;0.29
20.11.2018;1.65
21.11.2018;2.23
22.11.2018;1.17
23.11.2018;0.79
24.11.2018;0.68
25.11.2018;0.62
26.11.2018;6
27.11.2018;6
28.11.2018;2.66
29.11.2018;1.48
30.11.2018;1.17
1.12.2018;0.91
2.12.2018;0.79
3.12.2018;0.79
4.12.2018;0.68
5.12.2018;0.79
6.12.2018;0.79
7.12.2018;0.91
8.12.2018;0.79
9.12.2018;0.68
10.12.2018;0.68
11.12.2018;0.91
12.12.2018;0.91
13.12.2018;0.79
14.12.2018;0.68
15.12.2018;0.56
16.12.2018;0.56
17.12.2018;0.45
18.12.2018;0.45
19.12.2018;0.45
20.12.2018;0.45
21.12.2018;0.45
22.12.2018;0.68
23.12.2018;1.83
24.12.2018;2.66
25.12.2018;4.45
26.12.2018;2.03
27.12.2018;1.48
28.12.2018;1.04
29.12.2018;0.91
30.12.2018;0.79
31.12.2018;0.68
1.01.2019;0.56
2.01.2019;0.56
3.01.2019;0.45
4.01.2019;0.45
5.01.2019;0.45
6.01.2019;0.45
7.01.2019;0.34
8.01.2019;0.4
9.01.2019;0.45
10.01.2019;0.34
11.01.2019;0.34
12.01.2019;0.34
13.01.2019;0.34
14.01.2019;0.4
15.01.2019;0.45
16.01.2019;0.34
17.01.2019;0.34
18.01.2019;0.34
19.01.2019;0.68
20.01.2019;0.79
21.01.2019;0.79
22.01.2019;0.79
23.01.2019;0.91
24.01.2019;0.91
25.01.2019;0.79
26.01.2019;0.79
27.01.2019;0.79
28.01.2019;1.04
29.01.2019;3.63
30.01.2019;1.65
31.01.2019;1.17
1.02.2019;1.65
2.02.2019;12.3
3.02.2019;18
4.02.2019;12.3
5.02.2019;7.84
6.02.2019;3.61
7.02.2019;2.22
8.02.2019;1.48
9.02.2019;1.16
10.02.2019;0.88
11.02.2019;0.75
12.02.2019;1.16
13.02.2019;0.88
14.02.2019;0.75
15.02.2019;1.16
16.02.2019;0.88
17.02.2019;0.75
18.02.2019;0.62
19.02.2019;0.62
20.02.2019;0.52
21.02.2019;0.52
22.02.2019;0.52
23.02.2019;0.52
24.02.2019;0.43
25.02.2019;0.43
26.02.2019;0.35
27.02.2019;0.35
28.02.2019;0.29
1.03.2019;0.29
2.03.2019;0.29
3.03.2019;0.29
4.03.2019;0.29
5.03.2019;0.29
6.03.2019;0.35
7.03.2019;0.52
8.03.2019;1.01
9.03.2019;1.65
10.03.2019;1.48
11.03.2019;1.16
12.03.2019;1.01
13.03.2019;0.75
14.03.2019;0.62
15.03.2019;0.43
16.03.2019;0.43
17.03.2019;0.43
18.03.2019;0.62
19.03.2019;0.62
20.03.2019;0.88
21.03.2019;1.32
22.03.2019;1.16
23.03.2019;1.01
24.03.2019;0.88
25.03.2019;0.62
26.03.2019;0.62
27.03.2019;0.52
28.03.2019;0.43
29.03.2019;0.43
30.03.2019;0.43
31.03.2019;0.43
1.04.2019;0.43
2.04.2019;0.43
3.04.2019;0.43
4.04.2019;0.43
5.04.2019;0.88
6.04.2019;2.02
7.04.2019;1.48
8.04.2019;1.16
9.04.2019;1.65
10.04.2019;1.48
11.04.2019;1.32
12.04.2019;1.32
13.04.2019;1.16
14.04.2019;1.16
15.04.2019;1.01
16.04.2019;0.75
17.04.2019;0.62
18.04.2019;0.62
19.04.2019;0.52
20.04.2019;0.52
21.04.2019;0.43
22.04.2019;0.43
23.04.2019;0.43
24.04.2019;0.43
25.04.2019;0.43
26.04.2019;0.43
27.04.2019;0.43
28.04.2019;0.39
29.04.2019;0.43
30.04.2019;0.39
1.05.2019;0.35
2.05.2019;0.35
3.05.2019;0.35
4.05.2019;0.35
5.05.2019;0.35
6.05.2019;0.43
7.05.2019;1.32
8.05.2019;1.01
9.05.2019;0.88
10.05.2019;0.75
11.05.2019;0.62
12.05.2019;0.52
13.05.2019;0.43
14.05.2019;0.43
15.05.2019;0.43
16.05.2019;0.35
17.05.2019;0.35
18.05.2019;0.35
19.05.2019;0.35
20.05.2019;0.35
21.05.2019;0.35
22.05.2019;0.35
23.05.2019;0.29
24.05.2019;0.24
25.05.2019;0.24
26.05.2019;0.24
27.05.2019;0.24
28.05.2019;0.24
29.05.2019;0.24
30.05.2019;0.24
31.05.2019;0.24
1.06.2019;0.24
2.06.2019;0.24
3.06.2019;0.24
4.06.2019;0.24
5.06.2019;0.24
6.06.2019;0.29
7.06.2019;0.35
8.06.2019;0.35
9.06.2019;0.35
10.06.2019;0.43
11.06.2019;0.35
12.06.2019;0.35
13.06.2019;0.35
14.06.2019;0.35
15.06.2019;0.35
16.06.2019;0.35
17.06.2019;0.35
18.06.2019;0.35
19.06.2019;0.35
20.06.2019;0.35
21.06.2019;0.35
22.06.2019;0.29
23.06.2019;0.24
24.06.2019;0.24
25.06.2019;0.24
26.06.2019;0.24
27.06.2019;0.24
28.06.2019;0.24
29.06.2019;0.24
30.06.2019;0.24
1.07.2019;0.24
2.07.2019;0.24
3.07.2019;0.24
4.07.2019;0.24
5.07.2019;0.2
6.07.2019;0.24
7.07.2019;0.24
8.07.2019;0.24
9.07.2019;0.29
10.07.2019;0.24
11.07.2019;0.24
12.07.2019;0.24
13.07.2019;0.24
14.07.2019;0.24
15.07.2019;0.24
16.07.2019;0.24
17.07.2019;0.24
18.07.2019;0.2
19.07.2019;0.2
20.07.2019;0.2
21.07.2019;0.17
22.07.2019;0.2
23.07.2019;0.2
24.07.2019;0.2
25.07.2019;0.24
26.07.2019;0.24
27.07.2019;0.24
28.07.2019;0.24
29.07.2019;0.24
30.07.2019;0.43
31.07.2019;0.29
1.08.2019;0.24
2.08.2019;0.24
3.08.2019;0.24
4.08.2019;0.2
5.08.2019;0.2
6.08.2019;0.2
7.08.2019;0.2
8.08.2019;0.2
9.08.2019;0.2
10.08.2019;0.2
11.08.2019;0.17
12.08.2019;0.2
13.08.2019;0.2
14.08.2019;0.24
15.08.2019;0.2
16.08.2019;0.2
17.08.2019;0.2
18.08.2019;0.2
19.08.2019;0.2
20.08.2019;0.17
21.08.2019;0.17
22.08.2019;0.17
23.08.2019;0.17
24.08.2019;0.17
25.08.2019;0.17
26.08.2019;0.17
27.08.2019;0.24
28.08.2019;0.24
29.08.2019;0.24
30.08.2019;0.2
31.08.2019;0.17
1.09.2019;0.2
2.09.2019;0.2
3.09.2019;0.29
4.09.2019;0.2
5.09.2019;0.2
6.09.2019;0.2
7.09.2019;0.17
8.09.2019;0.24
9.09.2019;0.24
10.09.2019;0.43
11.09.2019;0.35
12.09.2019;0.35
13.09.2019;0.2
14.09.2019;0.2
15.09.2019;0.2
16.09.2019;0.18
17.09.2019;0.17
18.09.2019;0.17
19.09.2019;0.17
20.09.2019;0.18
21.09.2019;0.17
22.09.2019;0.17
23.09.2019;0.2
24.09.2019;0.17
25.09.2019;0.22
26.09.2019;0.2
27.09.2019;0.2
28.09.2019;0.2
29.09.2019;0.2
30.09.2019;0.2
1.10.2019;0.17
2.10.2019;0.17
3.10.2019;0.2
4.10.2019;0.2
5.10.2019;0.2
6.10.2019;0.2
7.10.2019;0.2
8.10.2019;0.13
9.10.2019;0.2
10.10.2019;0.24
11.10.2019;0.17
12.10.2019;0.15
13.10.2019;0.17
14.10.2019;0.17
15.10.2019;0.17
16.10.2019;0.17
17.10.2019;0.16
18.10.2019;0.16
19.10.2019;0.17
20.10.2019;0.17
21.10.2019;0.2
22.10.2019;0.2
23.10.2019;0.24
24.10.2019;0.17
25.10.2019;0.16
26.10.2019;0.16
27.10.2019;0.16
28.10.2019;0.16
29.10.2019;0.17
30.10.2019;0.17
31.10.2019;0.17
1.11.2019;0.17
2.11.2019;0.17
3.11.2019;0.18
4.11.2019;0.29
5.11.2019;0.43
6.11.2019;8.65
7.11.2019;10.9
8.11.2019;3.61
9.11.2019;2.22
10.11.2019;7.46
11.11.2019;7.08
12.11.2019;3.36
13.11.2019;10.4
14.11.2019;14.5
15.11.2019;6.71
16.11.2019;3.61
17.11.2019;2.22
18.11.2019;12.3
19.11.2019;10.4
20.11.2019;5.67
21.11.2019;12.3
22.11.2019;9.07
23.11.2019;5.35
24.11.2019;3.36
25.11.2019;2.43
26.11.2019;1.65
27.11.2019;1.32
28.11.2019;1.01
29.11.2019;3.88
30.11.2019;7.46
1.12.2019;4.73
2.12.2019;2.87
3.12.2019;2.43
4.12.2019;2.22
5.12.2019;1.65
6.12.2019;1.16
7.12.2019;1.01
8.12.2019;1.01
9.12.2019;1.09
10.12.2019;1.16
11.12.2019;2.02
12.12.2019;1.65
13.12.2019;1.32
14.12.2019;12.3
15.12.2019;5.35
16.12.2019;2.87
17.12.2019;2.02
18.12.2019;1.48
19.12.2019;1.16
20.12.2019;2.22
21.12.2019;2.87
22.12.2019;11.8
23.12.2019;12.6
24.12.2019;8.24
25.12.2019;4.44
26.12.2019;2.87
27.12.2019;2.02
28.12.2019;1.48
29.12.2019;1.16
30.12.2019;0.88
31.12.2019;0.75
